Source reference number,Document title,URL,Date of document (if applicable),Date accessed
1,Intellectual Property Statement/知识产权声明,http://www.baidu.com/duty/copyright.html,NA,7/31/2017
2,Disclaimer/免责声明,http://www.baidu.com/duty/index.html,NA,7/31/2017
3,Rights Statement/权利声明,http://www.baidu.com/duty/right.html,NA,7/31/2017
4,Privacy Protection Statement/隐私权保护声明,http://www.baidu.com/duty/yinsiquan.html,September 2017,8/9/2017
5,Netizen Rights Protection Statement/网民权益保障声明,http://www.baidu.com/duty/baozhang.html,NA,7/31/2017
6,Baidu User Agreement/百度用户协议,https://passport.baidu.com/static/passpc-account/html/protocal.html,NA,7/31/2017
7,Baidu WangPan Terms of Service/百度网盘服务协议,https://pan.baidu.com/disk/duty/,NA,7/31/2017
8,PostBar Agreement/贴吧协议,http://tb1.bdstatic.com/tb/eula.html,NA,7/31/2017
9,Baidu WangPan Rights Statement/百度云权利声明,http://yun.baidu.com/disk/privacy,NA,7/31/2017
10,Customized Settings/个性化配置工具设置,http://www.baidu.com/duty/safe_control.html,NA,8/2/2017
11,Baidu Report Platform/百度举报平台,http://jubao.baidu.com/jubao/,NA,8/7/2017
12,Baidu Security Response Center/百度安全应急响应中心,http://sec.baidu.com/views/main/index.html,NA,8/8/2017
13,Rewarding Details of Loophole Reporting for Baidu Security Response Center (Version 4.0)/百度安全应急响应中心漏洞奖励细节V4.0,http://bsrc.baidu.com/%E7%99%BE%E5%BA%A6%E5%A4%96%E9%83%A8%E6%BC%8F%E6%B4%9E%E6%8A%A5%E5%91%8A%E5%A4%84%E7%90%86%E6%B5%81%E7%A8%8BV4%200%E6%AD%A3%E5%BC%8F%E7%89%88.pdf,3/1/2016,8/8/2017
14,Baidu Account Setting/百度帐号设置,https://passport.baidu.com/center,NA,8/9/2017
15,Baidu Help Center / 百度服务中心,http://help.baidu.com/,NA,8/9/2017
16,Baidu Complaint Center/百度投诉中心,http://help.baidu.com/question?prod_en=tousu&class=364,NA,8/9/2017
17,Baidu Help Center-Baidu Search/百度服务中心-百度搜索,http://help.baidu.com/question?prod_id=1,NA,8/10/2017
18,Baidu Help Center-Baidu WangPan/百度服务中心-百度网盘,http://help.baidu.com/question?prod_id=29,NA,8/10/2017
19,Baidu Help Center-PostBar Complaint/百度服务中心-贴吧投诉,http://help.baidu.com/question?prod_id=3&class=573,NA,8/10/2017
20,PostBar Complaint/贴吧投诉,http://tieba.baidu.com/helpcenter/index#/questions/report/tieba-report,NA,8/10/2017
21,Baidu Copyright/百度版权,http://copyright.baidu.com/personal/profile?backuri=http%3A%2F%2Fwq.copyright.baidu.com%2Findex.php%2Findex%2Fauthor,NA,8/10/2017
22,Baidu PostBar/百度贴吧,https://tieba.baidu.com/index.html,NA,8/10/2017
23,What to do when an acccount is restricted or a post is deleted/被封禁或者删贴怎么办,http://tieba.baidu.com/p/5122936917,5/19/2017,8/10/2017
24,PostBarFeedback/贴吧问题反馈,http://tieba.baidu.com/hermes/feedback?red_tag=t0487772779,NA,8/10/2017
25,PostBar Complaint Rules / 百度贴吧投诉规则,http://tieba.baidu.com/tb/tsgz/index.html,NA,8/10/2017
26,Baidu Homepage/百度首頁,http://www.baidu.com/,NA,8/11/2017
27,Baidu WangPang/百度网盘,https://pan.baidu.com/,NA,8/11/2017
28,Homepage of Baidu Help Center / 百度用户服务中心首页,http://help.baidu.com/#0,NA,8/20/2017
