﻿Company_Category,Company,Class,Service_Name,Level,Category,Indicator,Scoring_Level,Element,Score,Answer,Comments,Sources
Internet,Samsung,Group,NA,Group - Freedom of Expression,Governance,G1,Element,G1.1,100,yes,"Yes. In the 2016 Business Conduct Guidelines (Source 36, 37), Samsung states that it ""respects and protects the fundamental human rights taking into account international human rights principles and standards set forth in the Universal Declaration of Human Rights, the UN Guiding Principles on Business and Human Rights, the Organization for Economic Co-operation and Development’s guidelines for multinational enterprises, the UN Convention on the Rights of the Child, the ILO Declaration on Fundamental Principles and Rights at Work, and the laws of the countries in which we operate."" Since Samsung commits to respect and protect fundamental human rights including those articulated in the Universal Declaration of Human Rights, the scope of which includes freedom of expression and privacy, the company is awarded full credit.",NA
Internet,Samsung,Group,NA,Group - Privacy,Governance,G1,Element,G1.1,100,yes,"Yes. In the 2016 Business Conduct Guidelines (Source 36, 37), Samsung states that it ""respects and protects the fundamental human rights taking into account international human rights principles and standards set forth in the Universal Declaration of Human Rights, the UN Guiding Principles on Business and Human Rights, the Organization for Economic Co-operation and Development’s guidelines for multinational enterprises, the UN Convention on the Rights of the Child, the ILO Declaration on Fundamental Principles and Rights at Work, and the laws of the countries in which we operate."" Since Samsung commits to respect and protect fundamental human rights including those articulated in the Universal Declaration of Human Rights, the scope of which includes freedom of expression and privacy, the company is awarded full credit.",NA
Internet,Samsung,Group,NA,Group - Freedom of Expression,Governance,G1,Level,NA,100,NA,NA,36; 37
Internet,Samsung,Group,NA,Group - Privacy,Governance,G1,Level,NA,100,NA,NA,36; 37
Internet,Samsung,Total,NA,NA,Governance,G1,Indicator,NA,100,NA,NA,NA
Internet,Samsung,Group,NA,Group - Freedom of Expression,Governance,G2,Element,G2.1,0,no disclosure found,No disclosure found. No disclosure was found of board-level oversight over Samsung's practices affecting freedom of expression and privacy.,NA
Internet,Samsung,Group,NA,Group - Privacy,Governance,G2,Element,G2.1,0,no disclosure found,No disclosure found. No disclosure was found of board-level oversight over Samsung's practices affecting freedom of expression and privacy.,NA
Internet,Samsung,Mobile Ecosystems,Samsung implementation of android,Samsung implementation of android - Freedom of Expression,Governance,G2,Element,G2.1,0,no disclosure found,No disclosure found. No disclosure was found of board-level oversight over Samsung's practices affecting freedom of expression and privacy.,NA
Internet,Samsung,Mobile Ecosystems,Samsung implementation of android,Samsung implementation of android - Privacy,Governance,G2,Element,G2.1,0,no disclosure found,No disclosure found. No disclosure was found of board-level oversight over Samsung's practices affecting freedom of expression and privacy.,NA
Internet,Samsung,Group,NA,Group - Freedom of Expression,Governance,G2,Element,G2.2,0,no disclosure found,No disclosure found. No disclosure was found of executive-level oversight over Samsung's practices affecting freedom of expression and privacy.,NA
Internet,Samsung,Group,NA,Group - Privacy,Governance,G2,Element,G2.2,100,yes,"Yes. In the Sustainability Report 2017 (Source 34, 35, p.95), there is an organizational chart showing that an executive-level Corporate Legal Office oversees management-level privacy compliance teams at Samsung. The company says: ""Our Corporate Legal Office, under the direct leadership of the CEO, operates the Compliance Team and Privacy Steering Committee in order to advance compliance management, and the Compliance-related committees and the Privacy Steering Committee assists our top management in their decision making process.""",NA
Internet,Samsung,Mobile Ecosystems,Samsung implementation of android,Samsung implementation of android - Freedom of Expression,Governance,G2,Element,G2.2,0,no disclosure found,"No disclosure found. No disclosure was found in the CEO message (Source 53), the list of Board of Directors (Source 54), article 4 of Articles of Incorporation (Source 55), or other disclosures.",NA
Internet,Samsung,Mobile Ecosystems,Samsung implementation of android,Samsung implementation of android - Privacy,Governance,G2,Element,G2.2,100,yes,"Yes. In the Sustainability Report 2017 (Source 34, 35, p.95), there is an organizational chart showing that an executive-level Corporate Legal Office oversees management-level privacy compliance teams at Samsung. The company says: ""Our Corporate Legal Office, under the direct leadership of the CEO, operates the Compliance Team and Privacy Steering Committee in order to advance compliance management, and the Compliance-related committees and the Privacy Steering Committee assists our top management in their decision making process.""",NA
Internet,Samsung,Group,NA,Group - Freedom of Expression,Governance,G2,Element,G2.3,0,no disclosure found,No disclosure is found.,NA
Internet,Samsung,Group,NA,Group - Privacy,Governance,G2,Element,G2.3,100,yes,"Yes. In the Sustainability Report 2017 (Source 34, 35, p.95), there is an organizational chart showing management-level teams overseeing privacy issues at Samsung. The company says, ""Our Corporate Legal Office, under the direct leadership of the CEO, operates the Compliance Team and Privacy Steering Committee in order to advance compliance management, and the Compliance-related committees and the Privacy Steering Committee assists our top management in their decision making process...Our compliance organization consists of the company-wide Compliance Team and nearly 400 Compliance Officers who are responsible for compliance management of their own function units, business divisions, and overseas subsidiaries.""",NA
Internet,Samsung,Mobile Ecosystems,Samsung implementation of android,Samsung implementation of android - Freedom of Expression,Governance,G2,Element,G2.3,0,no disclosure found,No disclosure is found.,NA
Internet,Samsung,Mobile Ecosystems,Samsung implementation of android,Samsung implementation of android - Privacy,Governance,G2,Element,G2.3,100,yes,"Yes. In the Sustainability Report 2017 (Source 34, 35, p.95), there is an organizational chart showing management-level teams overseeing privacy issues at Samsung. The company says, ""Our Corporate Legal Office, under the direct leadership of the CEO, operates the Compliance Team and Privacy Steering Committee in order to advance compliance management, and the Compliance-related committees and the Privacy Steering Committee assists our top management in their decision making process...Our compliance organization consists of the company-wide Compliance Team and nearly 400 Compliance Officers who are responsible for compliance management of their own function units, business divisions, and overseas subsidiaries.""",NA
Internet,Samsung,Group,NA,Group - Freedom of Expression,Governance,G2,Level,NA,0,NA,NA,53; 54; 55
Internet,Samsung,Group,NA,Group - Privacy,Governance,G2,Level,NA,66.67,NA,NA,34; 35; 53; 54; 55
Internet,Samsung,Mobile Ecosystems,Samsung implementation of android,Samsung implementation of android - Freedom of Expression,Governance,G2,Level,NA,0,NA,NA,53; 54; 55
Internet,Samsung,Mobile Ecosystems,Samsung implementation of android,Samsung implementation of android - Privacy,Governance,G2,Level,NA,66.67,NA,NA,34; 35; 53; 54; 55
Internet,Samsung,Total,NA,NA,Governance,G2,Indicator,NA,33.33,NA,NA,NA
Internet,Samsung,Group,NA,Group - Freedom of Expression,Governance,G3,Element,G3.1,0,no disclosure found,No disclosure found.,NA
Internet,Samsung,Group,NA,Group - Privacy,Governance,G3,Element,G3.1,100,yes,"Yes. The Sustainability Report 2017 (Source 34, 35 p.98) states, ""Strengthened Privacy Policy Training: In addition to basic training that targets all employees, we constantly provide on/offline Privacy Policy training that takes into account department-specific job characteristics (planning, R&D, marketing, etc.)."" Further, section 24 ""Handling of Information"" of the Business Conduct Guidelines 2016 (Source 36, 37, p.8) states: ""In the course of our day-to-day businesses, everyone at Samsung creates, stores and disposes of records and information assets. As such, Samsung provides the ‘Guidelines on Information Management’ for all employees to manage information legitimately and appropriately.""",NA
Internet,Samsung,Mobile Ecosystems,Samsung implementation of android,Samsung implementation of android - Freedom of Expression,Governance,G3,Element,G3.1,0,no disclosure found,No disclosure found.,NA
Internet,Samsung,Mobile Ecosystems,Samsung implementation of android,Samsung implementation of android - Privacy,Governance,G3,Element,G3.1,100,yes,"Yes. The Sustainability Report 2017 (Source 34, 35 p.98) states, ""Strengthened Privacy Policy Training: In addition to basic training that targets all employees, we constantly provide on/offline Privacy Policy training that takes into account department-specific job characteristics (planning, R&D, marketing, etc.)."" Further, section 24 ""Handling of Information"" of the Business Conduct Guidelines 2016 (Source 36, 37, p.8) states: ""In the course of our day-to-day businesses, everyone at Samsung creates, stores and disposes of records and information assets. As such, Samsung provides the ‘Guidelines on Information Management’ for all employees to manage information legitimately and appropriately.""",NA
Internet,Samsung,Group,NA,Group - Freedom of Expression,Governance,G3,Element,G3.2,0,no disclosure found,"No disclosure found. The Sustainability Report 2017 (Source 34, 35, p.96) states: ""Our whistle-blowing system, designed under the CPMS for our employees, firmly guarantees the confidentiality of whistleblowers."" In the Business Conduct Guideline 2016 (Source 36, 37 p.4), the company describes a mechanism for reporting violations or non-compliance to these guidelines. However, since these guidelines do not address freedom of expression issues or standards within the company, no credit is awarded.",NA
Internet,Samsung,Group,NA,Group - Privacy,Governance,G3,Element,G3.2,100,yes,"Yes. In the Sustainability Report 2017 (Source 34, 35, p.96), the company states: ""Our whistle-blowing system, designed under the CPMS (Compliance Program Management System) for our employees, firmly guarantees the confidentiality of whistleblowers."" The Sustainability Report also lists ""Personal data protection management of products and services,"" as a key compliance management area. In addition, in the Business Conduct Guideline 2016 (Source 36, 37 p.4), the company describes a mechanism for reporting violations: ""If and when an employee detects instances of non-compliance, or possible non-compliance of 'Business Conduct Guidelines' the employee is responsible for reporting his or her respective concerns to the ‘Reporting Wrongful Practices’ tab on the Ethical Management website, the audit team (audit.sec@samsung.com), the tip-off section within the compliance support system, or the compliance team (cp.wb.sec@samsung.com). If an employee becomes subject to illegal, immoral and/or prohibited actions, the employee is required to report the situation. We want our employees to feel reassured in communicating with us openly and honestly, without the threat of consequences. Samsung does not, under any circumstance, tolerate retaliation against any employee who makes a good faith report and/or refuses to partake in acts in violation of these guidelines."" Since the Business Conduct Guidelines include standards on privacy and handling user information, it appears that employees could use this reporting mechanism to report breaches to these standards. Therefore full credit is given.",NA
Internet,Samsung,Mobile Ecosystems,Samsung implementation of android,Samsung implementation of android - Freedom of Expression,Governance,G3,Element,G3.2,0,no disclosure found,"No disclosure found. The Sustainability Report 2017 (Source 34, 35, p.96) states: ""Our whistle-blowing system, designed under the CPMS for our employees, firmly guarantees the confidentiality of whistleblowers."" In the Business Conduct Guideline 2016 (Source 36, 37 p.4), the company describes a mechanism for reporting violations or non-compliance to these guidelines. However, since these guidelines do not address freedom of expression issues or standards within the company, no credit is awarded.",NA
Internet,Samsung,Mobile Ecosystems,Samsung implementation of android,Samsung implementation of android - Privacy,Governance,G3,Element,G3.2,100,yes,"Yes. In the Sustainability Report 2017 (Source 34, 35, p.96), the company states: ""Our whistle-blowing system, designed under the CPMS (Compliance Program Management System) for our employees, firmly guarantees the confidentiality of whistleblowers."" The Sustainability Report also lists ""Personal data protection management of products and services,"" as a key compliance management area. In addition, in the Business Conduct Guideline 2016 (Source 36, 37 p.4), the company describes a mechanism for reporting violations: ""If and when an employee detects instances of non-compliance, or possible non-compliance of 'Business Conduct Guidelines' the employee is responsible for reporting his or her respective concerns to the ‘Reporting Wrongful Practices’ tab on the Ethical Management website, the audit team (audit.sec@samsung.com), the tip-off section within the compliance support system, or the compliance team (cp.wb.sec@samsung.com). If an employee becomes subject to illegal, immoral and/or prohibited actions, the employee is required to report the situation. We want our employees to feel reassured in communicating with us openly and honestly, without the threat of consequences. Samsung does not, under any circumstance, tolerate retaliation against any employee who makes a good faith report and/or refuses to partake in acts in violation of these guidelines."" Since the Business Conduct Guidelines include standards on  handline user information, it appears that employees could use this reporting mechanism to report breaches to these standards.",NA
Internet,Samsung,Group,NA,Group - Freedom of Expression,Governance,G3,Level,NA,0,NA,NA,34; 35; 36; 37; 51; 52
Internet,Samsung,Group,NA,Group - Privacy,Governance,G3,Level,NA,100,NA,NA,34; 35; 36; 37; 51; 52
Internet,Samsung,Mobile Ecosystems,Samsung implementation of android,Samsung implementation of android - Freedom of Expression,Governance,G3,Level,NA,0,NA,NA,34; 35; 36; 37; 51; 52
Internet,Samsung,Mobile Ecosystems,Samsung implementation of android,Samsung implementation of android - Privacy,Governance,G3,Level,NA,100,NA,NA,34; 35; 36; 37; 51; 52
Internet,Samsung,Total,NA,NA,Governance,G3,Indicator,NA,50,NA,NA,NA
Internet,Samsung,Group,NA,Group - Freedom of Expression,Governance,G4,Element,G4.1,0,no disclosure found,No disclosure is found,NA
Internet,Samsung,Group,NA,Group - Privacy,Governance,G4,Element,G4.1,0,no disclosure found,"No disclosure found. The Sustainability Report 2017 (Source 34, 35, p.95) says, ""Our Corporate Legal Office, under the direct leadership of the CEO, operates the Compliance Team and Privacy Steering Committee in order to advance compliance management, and the Compliance-related committees and the Privacy Steering Committee assists our top management in their decision making process. Under these committees, each of our Business Divisions and Regional Offices, dedicated to Compliance and Privacy Organizations, are up and running to respond to operating compliance supervision and operating compliance programs for local subsidiaries and branches."" While this information indicates that Samsung examines local laws from a compliance standpoint, it does not indicate that the company examines how local laws impact privacy. Therefore no credit is given.",NA
Internet,Samsung,Mobile Ecosystems,Samsung implementation of android,Samsung implementation of android - Freedom of Expression,Governance,G4,Element,G4.1,0,no disclosure found,No disclosure is found,NA
Internet,Samsung,Mobile Ecosystems,Samsung implementation of android,Samsung implementation of android - Privacy,Governance,G4,Element,G4.1,0,no disclosure found,"No disclosure found. The Sustainability Report 2017 (Source 34, 35, p.95) says, ""Our Corporate Legal Office, under the direct leadership of the CEO, operates the Compliance Team and Privacy Steering Committee in order to advance compliance management, and the Compliance-related committees and the Privacy Steering Committee assists our top management in their decision making process. Under these committees, each of our Business Divisions and Regional Offices, dedicated to Compliance and Privacy Organizations, are up and running to respond to operating compliance supervision and operating compliance programs for local subsidiaries and branches."" While this information indicates that Samsung examines local laws from a compliance standpoint, it does not indicate that the company examines how local laws impact privacy. Therefore no credit is given.",NA
Internet,Samsung,Group,NA,Group - Freedom of Expression,Governance,G4,Element,G4.2,0,no disclosure found,No disclosure found.,NA
Internet,Samsung,Group,NA,Group - Privacy,Governance,G4,Element,G4.2,100,yes,"Yes. The Sustainability Report 2017 (Source 34, 35, p.98) says, ""Privacy Legal Management System (PLMS) Operation _ It is mandatory to fill out the data privacy risk checklist, which is used at each stage of our products and services, from planning and development to operation and discontinuation to take preventive measures and to ensure that reviews are performed by dedicated lawyers. The PLMS is aligned with the Product Lifecycle Management (PLM), our global R&D project management system.""",NA
Internet,Samsung,Mobile Ecosystems,Samsung implementation of android,Samsung implementation of android - Freedom of Expression,Governance,G4,Element,G4.2,0,no disclosure found,No disclosure found.,NA
Internet,Samsung,Mobile Ecosystems,Samsung implementation of android,Samsung implementation of android - Privacy,Governance,G4,Element,G4.2,100,yes,"Yes. The Sustainability Report 2017 (Source 34, 35, p.98) says, ""Privacy Legal Management System (PLMS) Operation _ It is mandatory to fill out the data privacy risk checklist, which is used at each stage of our products and services, from planning and development to operation and discontinuation to take preventive measures and to ensure that reviews are performed by dedicated lawyers. The PLMS is aligned with the Product Lifecycle Management (PLM), our global R&D project management system.""",NA
Internet,Samsung,Group,NA,Group - Freedom of Expression,Governance,G4,Element,G4.3,0,no disclosure found,No disclosure is found,NA
Internet,Samsung,Group,NA,Group - Privacy,Governance,G4,Element,G4.3,100,yes,"Yes. The Sustainability Report 2017 (Source 34, 35, p.98) says, ""Privacy Legal Management System (PLMS) Operation _ It is mandatory to fill out the data privacy risk checklist, which is used at each stage of our products and services, from planning and development to operation and discontinuation to take preventive measures and to ensure that reviews are performed by dedicated lawyers. The PLMS is aligned with the Product Lifecycle Management (PLM), our global R&D project management system.""",NA
Internet,Samsung,Mobile Ecosystems,Samsung implementation of android,Samsung implementation of android - Freedom of Expression,Governance,G4,Element,G4.3,0,no disclosure found,No disclosure is found,NA
Internet,Samsung,Mobile Ecosystems,Samsung implementation of android,Samsung implementation of android - Privacy,Governance,G4,Element,G4.3,100,yes,"Yes. The Sustainability Report 2017 (Source 34, 35, p.98) says, ""Privacy Legal Management System (PLMS) Operation _ It is mandatory to fill out the data privacy risk checklist, which is used at each stage of our products and services, from planning and development to operation and discontinuation to take preventive measures and to ensure that reviews are performed by dedicated lawyers. The PLMS is aligned with the Product Lifecycle Management (PLM), our global R&D project management system.""",NA
Internet,Samsung,Group,NA,Group - Freedom of Expression,Governance,G4,Element,G4.4,0,no disclosure found,No disclosure is found,NA
Internet,Samsung,Group,NA,Group - Privacy,Governance,G4,Element,G4.4,0,no disclosure found,No disclosure is found,NA
Internet,Samsung,Mobile Ecosystems,Samsung implementation of android,Samsung implementation of android - Freedom of Expression,Governance,G4,Element,G4.4,0,no disclosure found,No disclosure is found,NA
Internet,Samsung,Mobile Ecosystems,Samsung implementation of android,Samsung implementation of android - Privacy,Governance,G4,Element,G4.4,0,no disclosure found,No disclosure is found,NA
Internet,Samsung,Group,NA,Group - Freedom of Expression,Governance,G4,Element,G4.5,0,no disclosure found,No disclosure is found,NA
Internet,Samsung,Group,NA,Group - Privacy,Governance,G4,Element,G4.5,0,no disclosure found,No disclosure is found,NA
Internet,Samsung,Mobile Ecosystems,Samsung implementation of android,Samsung implementation of android - Freedom of Expression,Governance,G4,Element,G4.5,0,no disclosure found,No disclosure is found,NA
Internet,Samsung,Mobile Ecosystems,Samsung implementation of android,Samsung implementation of android - Privacy,Governance,G4,Element,G4.5,0,no disclosure found,No disclosure is found,NA
Internet,Samsung,Group,NA,Group - Freedom of Expression,Governance,G4,Element,G4.6,0,no disclosure found,No disclosure is found,NA
Internet,Samsung,Group,NA,Group - Privacy,Governance,G4,Element,G4.6,0,no disclosure found,No disclosure is found,NA
Internet,Samsung,Mobile Ecosystems,Samsung implementation of android,Samsung implementation of android - Freedom of Expression,Governance,G4,Element,G4.6,0,no disclosure found,No disclosure is found,NA
Internet,Samsung,Mobile Ecosystems,Samsung implementation of android,Samsung implementation of android - Privacy,Governance,G4,Element,G4.6,0,no disclosure found,No disclosure is found,NA
Internet,Samsung,Group,NA,Group - Freedom of Expression,Governance,G4,Element,G4.7,0,no disclosure found,No disclosure is found,NA
Internet,Samsung,Group,NA,Group - Privacy,Governance,G4,Element,G4.7,0,no disclosure found,No disclosure is found,NA
Internet,Samsung,Mobile Ecosystems,Samsung implementation of android,Samsung implementation of android - Freedom of Expression,Governance,G4,Element,G4.7,0,no disclosure found,No disclosure is found,NA
Internet,Samsung,Mobile Ecosystems,Samsung implementation of android,Samsung implementation of android - Privacy,Governance,G4,Element,G4.7,0,no disclosure found,No disclosure is found,NA
Internet,Samsung,Group,NA,Group - Freedom of Expression,Governance,G4,Element,G4.8,0,no disclosure found,No disclosure is found,NA
Internet,Samsung,Group,NA,Group - Privacy,Governance,G4,Element,G4.8,0,no disclosure found,No disclosure is found,NA
Internet,Samsung,Mobile Ecosystems,Samsung implementation of android,Samsung implementation of android - Freedom of Expression,Governance,G4,Element,G4.8,0,no disclosure found,No disclosure is found,NA
Internet,Samsung,Mobile Ecosystems,Samsung implementation of android,Samsung implementation of android - Privacy,Governance,G4,Element,G4.8,0,no disclosure found,No disclosure is found,NA
Internet,Samsung,Group,NA,Group - Freedom of Expression,Governance,G4,Element,G4.9,0,no disclosure found,No disclosure is found,NA
Internet,Samsung,Group,NA,Group - Privacy,Governance,G4,Element,G4.9,0,no disclosure found,No disclosure is found,NA
Internet,Samsung,Mobile Ecosystems,Samsung implementation of android,Samsung implementation of android - Freedom of Expression,Governance,G4,Element,G4.9,0,no disclosure found,No disclosure is found,NA
Internet,Samsung,Mobile Ecosystems,Samsung implementation of android,Samsung implementation of android - Privacy,Governance,G4,Element,G4.9,0,no disclosure found,No disclosure is found,NA
Internet,Samsung,Group,NA,Group - Freedom of Expression,Governance,G4,Level,NA,0,NA,NA,NA
Internet,Samsung,Group,NA,Group - Privacy,Governance,G4,Level,NA,22.22,NA,NA,34; 35
Internet,Samsung,Mobile Ecosystems,Samsung implementation of android,Samsung implementation of android - Freedom of Expression,Governance,G4,Level,NA,0,NA,NA,NA
Internet,Samsung,Mobile Ecosystems,Samsung implementation of android,Samsung implementation of android - Privacy,Governance,G4,Level,NA,22.22,NA,NA,34; 35
Internet,Samsung,Total,NA,NA,Governance,G4,Indicator,NA,11.11,NA,NA,NA
Internet,Samsung,Group,NA,Group - Freedom of Expression,Governance,G5,Element,G5.1,0,no disclosure found,No disclosure found.,NA
Internet,Samsung,Group,NA,Group - Privacy,Governance,G5,Element,G5.1,0,no disclosure found,No disclosure found.,NA
Internet,Samsung,Group,NA,Group - Freedom of Expression,Governance,G5,Element,G5.2,0,no disclosure found,No disclosure found.,NA
Internet,Samsung,Group,NA,Group - Privacy,Governance,G5,Element,G5.2,0,no disclosure found,No disclosure found.,NA
Internet,Samsung,Group,NA,Group - Freedom of Expression,Governance,G5,Element,G5.3,0,no disclosure found,No disclosure found.,NA
Internet,Samsung,Group,NA,Group - Privacy,Governance,G5,Element,G5.3,0,no disclosure found,No disclosure found.,NA
Internet,Samsung,Group,NA,Group - Freedom of Expression,Governance,G5,Level,NA,0,NA,NA,NA
Internet,Samsung,Group,NA,Group - Privacy,Governance,G5,Level,NA,0,NA,NA,NA
Internet,Samsung,Total,NA,NA,Governance,G5,Indicator,NA,0,NA,NA,NA
Internet,Samsung,Mobile Ecosystems,Samsung implementation of android,Samsung implementation of android - Freedom of Expression,Governance,G6,Element,G6.1,0,no disclosure found,No disclosure found.,NA
Internet,Samsung,Mobile Ecosystems,Samsung implementation of android,Samsung implementation of android - Privacy,Governance,G6,Element,G6.1,0,no disclosure found,No disclosure found.,NA
Internet,Samsung,Mobile Ecosystems,Samsung implementation of android,Samsung implementation of android - Freedom of Expression,Governance,G6,Element,G6.2,0,no disclosure found,No disclosure found.,NA
Internet,Samsung,Mobile Ecosystems,Samsung implementation of android,Samsung implementation of android - Privacy,Governance,G6,Element,G6.2,0,no disclosure found,No disclosure found.,NA
Internet,Samsung,Mobile Ecosystems,Samsung implementation of android,Samsung implementation of android - Freedom of Expression,Governance,G6,Element,G6.3,0,no disclosure found,No disclosure found.,NA
Internet,Samsung,Mobile Ecosystems,Samsung implementation of android,Samsung implementation of android - Privacy,Governance,G6,Element,G6.3,0,no disclosure found,No disclosure found.,NA
Internet,Samsung,Mobile Ecosystems,Samsung implementation of android,Samsung implementation of android - Freedom of Expression,Governance,G6,Element,G6.4,0,no disclosure found,No disclosure found.,NA
Internet,Samsung,Mobile Ecosystems,Samsung implementation of android,Samsung implementation of android - Privacy,Governance,G6,Element,G6.4,0,no disclosure found,No disclosure found.,NA
Internet,Samsung,Mobile Ecosystems,Samsung implementation of android,Samsung implementation of android - Freedom of Expression,Governance,G6,Element,G6.5,0,no disclosure found,No disclosure found.,NA
Internet,Samsung,Mobile Ecosystems,Samsung implementation of android,Samsung implementation of android - Privacy,Governance,G6,Element,G6.5,0,no disclosure found,No disclosure found.,NA
Internet,Samsung,Mobile Ecosystems,Samsung implementation of android,Samsung implementation of android - Freedom of Expression,Governance,G6,Level,NA,0,NA,NA,NA
Internet,Samsung,Mobile Ecosystems,Samsung implementation of android,Samsung implementation of android - Privacy,Governance,G6,Level,NA,0,NA,NA,NA
Internet,Samsung,Total,NA,NA,Governance,G6,Indicator,NA,0,NA,NA,NA
Internet,Samsung,Mobile Ecosystems,Samsung implementation of android,Samsung implementation of android,Freedom of Expression,F1,Element,F1.1,50,partial,"Note: For this indicator, the Index evaluates user- and developer-facing terms of service agreements pertaining to Samsung's implementation of Android. These are: the terms of service for Galaxy Apps (Sources 3, 4), as well as the developer-facing terms of service (App Seller terms of service, Source 5, 6). 

Partial. The link to all terms of service policies can be found at footer of the Samsung homepage, which opens to page that has a list of the different terms of services agreements, including for Galaxy App users (Source 3, 4). The link to the App Seller terms of service (Source 5, 6), which is for developers, is located in the ""Samsung Galaxy Apps Seller Office"" hompage's footer. However, this policy is difficult to find from the Samsung main page. Therefore partial credit is awarded.",NA
Internet,Samsung,Mobile Ecosystems,Samsung implementation of android,Samsung implementation of android,Freedom of Expression,F1,Element,F1.2,100,yes,"Yes. The terms of service for users are available in Korean (Source 3), and many other languages including English (Source 4). The App Seller Office terms are available in Korean (Source 5), English (Source 6) and Chinese.",NA
Internet,Samsung,Mobile Ecosystems,Samsung implementation of android,Samsung implementation of android,Freedom of Expression,F1,Element,F1.3,0,no,"No. Both terms of service use section headers, but the text is small and dense. The language is legalese, and offers no summaries or additional guidance (Source 3, 4, 5, 6).",NA
Internet,Samsung,Mobile Ecosystems,Samsung implementation of android,Samsung implementation of android,Freedom of Expression,F1,Level,NA,50,NA,NA,3; 4; 5; 6
Internet,Samsung,Total,NA,NA,Freedom of Expression,F1,Indicator,NA,50,NA,NA,NA
Internet,Samsung,Mobile Ecosystems,Samsung implementation of android,Samsung implementation of android,Freedom of Expression,F2,Element,F2.1,100,yes,"Note: For this indicator, RDR evaluates the user-facing terms of service (terms of service for Galaxy Apps, Sources 3, 4), as well as the developer-facing terms of service (App Seller terms of service, Source 5, 6). Yes. For users, the company clearly discloses in article 3 of the Samsung Galaxy Apps terms of service (Source 3, p.1) that the company will notify users of changes. For developers, section 19.1 of the App Seller terms of service (Source 5, p.6; Source 6, p.5) indicates that it will provide notice.",NA
Internet,Samsung,Mobile Ecosystems,Samsung implementation of android,Samsung implementation of android,Freedom of Expression,F2,Element,F2.2,100,yes,"Yes. For users, the company clearly discloses in article 3 of the Samsung Galaxy App terms of service (Source 3, p.1) that it will notify users of changes, with article 17 stipulating the means of notification. For developers, the company discloses in section 19.1 of the App Seller terms of service (Source  5, p.6; Source 6, p.5) that it will provide notice by sending  an email or other appropriate means.",NA
Internet,Samsung,Mobile Ecosystems,Samsung implementation of android,Samsung implementation of android,Freedom of Expression,F2,Element,F2.3,100,yes,"Yes. For users, article 3 of the terms of service (Source 3, p.1) clearly discloses that the company notifies users of changes 10 days prior to the effective date of the new terms, or 30 days if the change is detrimental to users or material. For developers, the company discloses in the App Seller terms of service (Source 5, p.6; Source 6, p.5), section 19.1 that it will provide a notice of 7 days prior to the new terms coming into effect, or 30 days if the change is detrimental to users or material.",NA
Internet,Samsung,Mobile Ecosystems,Samsung implementation of android,Samsung implementation of android,Freedom of Expression,F2,Element,F2.4,50,partial,"Partial. For users, the company maintains a changelog on its Notice section (Source 11, 12). For developers, no archive or change log can be found.",NA
Internet,Samsung,Mobile Ecosystems,Samsung implementation of android,Samsung implementation of android,Freedom of Expression,F2,Level,NA,87.5,NA,NA,5; 6; 11; 12
Internet,Samsung,Total,NA,NA,Freedom of Expression,F2,Indicator,NA,87.5,NA,NA,NA
Internet,Samsung,Mobile Ecosystems,Samsung implementation of android,Samsung implementation of android,Freedom of Expression,F3,Element,F3.1,100,yes,"Yes. For users, according to article 10 of the Galaxy Apps terms of service (Source 3, p.2), there are six types of content or activities that are not permitted, and ""the company may change the services or suspend and/or cease providing the services or any part of the services: 1. if the user provided false information when signing up for the services; 2. if the user had stolen someone else's personal information; 3. if the user infringed on the company's IP rights; 4. if the user circumvented or disabled the technical protection measures of the company; 5. if the user did not pay the amount payable to the company ; and 6. if the user violated this ToS, laws and regulations, or public morals."" For developers, section 9.5 of the App Seller Office terms of service (Source 5, p.4; Source 6, p.4) prohits apps that ""(i) depict explicit sexual activity; (ii) depict or endorse acts that cause or are intended to cause excessive pain or suffering; (iii) promote or endorse the misuse of alcohol, tobacco, illegal drugs or other addictive substances; (iv) promote intolerance or discrimination based on racial, political, ethnic, religious, gender or sexuality; (v) promote invasion of rights or privacy; (vi) promote gambling or (vii) promote illegal activity."" Moreover, the App Validation Policy (Source 21, p.3; Source 22, p.3) lists 7 types of content restriction for apps: 2.1 Sexually Explicit Content, 2.2 Violence, 2.3 Alcohol, Tobacco and Drugs, 2.4 Defamation or Slander, 2.5 Game and Gambling, as well as 2.6 certain restrictions on User Generated Content, and 2.7 Advertisements. Additional disclosures can be found in section 5 (""Content Review"") of the Self-Check List for Mobile Galaxy  (Source 23, p.2) which also lists prohibited applications.",NA
Internet,Samsung,Mobile Ecosystems,Samsung implementation of android,Samsung implementation of android,Freedom of Expression,F3,Element,F3.2,50,partial,"Partial. For users, according to article 10 of the Galaxy Apps terms of service (Source 3, p.2.), there are six content types or activities that are not permitted, and ""the company may change the services or suspend and/or cease providing the services or any part of the services."" For developers, section 14.4. of the App Seller terms of service (Source 5, p.5; Source 6, p.5) states that the company may terminate a developer's account for violation of the terms or at any time. The company lists the reasons why it may restrict a user's account, but does not clearly indicate why it may terminate developers' accounts. Therefore, only partial credit is given.",NA
Internet,Samsung,Mobile Ecosystems,Samsung implementation of android,Samsung implementation of android,Freedom of Expression,F3,Element,F3.3,0,no disclosure found,No disclosure found.,NA
Internet,Samsung,Mobile Ecosystems,Samsung implementation of android,Samsung implementation of android,Freedom of Expression,F3,Element,F3.4,0,no disclosure found,No disclosure found.,NA
Internet,Samsung,Mobile Ecosystems,Samsung implementation of android,Samsung implementation of android,Freedom of Expression,F3,Element,F3.5,0,no disclosure found,No disclosure found.,NA
Internet,Samsung,Mobile Ecosystems,Samsung implementation of android,Samsung implementation of android,Freedom of Expression,F3,Element,F3.6,100,yes,"Yes. For users, article 10 of the Galaxy Apps terms of service (Source 3, p.3) specifies the procedure of enforcing its terms and explains users' appeals mechanism. For developers, section 14 of the App Seller terms of service (Source 5, p.4; Source 6, p.4) clearly states its process for terminating a developer's account. For example, section 14.4 states that the company may immediately terminate the agreement, without any notice to the user, for violation of the terms, for reasons specified in section 5.7., or at the company's discretion. For developers, section 5.7 of the App Seller terms of service (Source 5 p.2; Source 6, p.2) states, ""Samsung reserves the right to remove any Application from the STORE for any reason."" The Validation Policy (Source 21, p.3; Source 22, p.2) further provides that the Validation Team will reject or remove applications that are in violation of the content restrictions. The FAQ on prohibited Apps (Source 24, 25) also states that prohibited apps will be banned or removed from sale without the seller's consent.",NA
Internet,Samsung,Mobile Ecosystems,Samsung implementation of android,Samsung implementation of android,Freedom of Expression,F3,Element,F3.7,0,no disclosure found,No disclosure found.,NA
Internet,Samsung,Mobile Ecosystems,Samsung implementation of android,Samsung implementation of android,Freedom of Expression,F3,Level,NA,35.71,NA,NA,3; 5; 6; 21; 22; 23;  24; 25
Internet,Samsung,Total,NA,NA,Freedom of Expression,F3,Indicator,NA,35.71,NA,NA,NA
Internet,Samsung,Mobile Ecosystems,Samsung implementation of android,Samsung implementation of android,Freedom of Expression,F4,Element,F4.1,0,no disclosure found,No disclosure found.,NA
Internet,Samsung,Mobile Ecosystems,Samsung implementation of android,Samsung implementation of android,Freedom of Expression,F4,Element,F4.2,0,no disclosure found,No disclosure found.,NA
Internet,Samsung,Mobile Ecosystems,Samsung implementation of android,Samsung implementation of android,Freedom of Expression,F4,Element,F4.3,0,no disclosure found,No disclosure found.,NA
Internet,Samsung,Mobile Ecosystems,Samsung implementation of android,Samsung implementation of android,Freedom of Expression,F4,Level,NA,0,NA,NA,NA
Internet,Samsung,Total,NA,NA,Freedom of Expression,F4,Indicator,NA,0,NA,NA,NA
Internet,Samsung,Mobile Ecosystems,Samsung implementation of android,Samsung implementation of android,Freedom of Expression,F5,Element,F5.1,0,no disclosure found,No disclosure found.,NA
Internet,Samsung,Mobile Ecosystems,Samsung implementation of android,Samsung implementation of android,Freedom of Expression,F5,Element,F5.2,0,no disclosure found,No disclosure found.,NA
Internet,Samsung,Mobile Ecosystems,Samsung implementation of android,Samsung implementation of android,Freedom of Expression,F5,Element,F5.3,0,no disclosure found,No disclosure found.,NA
Internet,Samsung,Mobile Ecosystems,Samsung implementation of android,Samsung implementation of android,Freedom of Expression,F5,Element,F5.4,0,no disclosure found,No disclosure found.,NA
Internet,Samsung,Mobile Ecosystems,Samsung implementation of android,Samsung implementation of android,Freedom of Expression,F5,Element,F5.5,0,no disclosure found,No disclosure found.,NA
Internet,Samsung,Mobile Ecosystems,Samsung implementation of android,Samsung implementation of android,Freedom of Expression,F5,Element,F5.6,0,no disclosure found,No disclosure found.,NA
Internet,Samsung,Mobile Ecosystems,Samsung implementation of android,Samsung implementation of android,Freedom of Expression,F5,Element,F5.7,0,no disclosure found,No disclosure found.,NA
Internet,Samsung,Mobile Ecosystems,Samsung implementation of android,Samsung implementation of android,Freedom of Expression,F5,Element,F5.8,0,no disclosure found,No disclosure found.,NA
Internet,Samsung,Mobile Ecosystems,Samsung implementation of android,Samsung implementation of android,Freedom of Expression,F5,Element,F5.9,0,no disclosure found,No disclosure found.,NA
Internet,Samsung,Mobile Ecosystems,Samsung implementation of android,Samsung implementation of android,Freedom of Expression,F5,Element,F5.10,0,no disclosure found,No disclosure found.,NA
Internet,Samsung,Mobile Ecosystems,Samsung implementation of android,Samsung implementation of android,Freedom of Expression,F5,Element,F5.11,0,no disclosure found,No disclosure found.,NA
Internet,Samsung,Mobile Ecosystems,Samsung implementation of android,Samsung implementation of android,Freedom of Expression,F5,Element,F5.12,0,no disclosure found,No disclosure found.,NA
Internet,Samsung,Mobile Ecosystems,Samsung implementation of android,Samsung implementation of android,Freedom of Expression,F5,Level,NA,0,NA,NA,NA
Internet,Samsung,Total,NA,NA,Freedom of Expression,F5,Indicator,NA,0,NA,NA,NA
Internet,Samsung,Mobile Ecosystems,Samsung implementation of android,Samsung implementation of android,Freedom of Expression,F6,Element,F6.1,0,no disclosure found,No disclosure found.,NA
Internet,Samsung,Mobile Ecosystems,Samsung implementation of android,Samsung implementation of android,Freedom of Expression,F6,Element,F6.2,0,no disclosure found,No disclosure found.,NA
Internet,Samsung,Mobile Ecosystems,Samsung implementation of android,Samsung implementation of android,Freedom of Expression,F6,Element,F6.3,0,no disclosure found,No disclosure found.,NA
Internet,Samsung,Mobile Ecosystems,Samsung implementation of android,Samsung implementation of android,Freedom of Expression,F6,Element,F6.4,0,no disclosure found,No disclosure found.,NA
Internet,Samsung,Mobile Ecosystems,Samsung implementation of android,Samsung implementation of android,Freedom of Expression,F6,Element,F6.5,0,no disclosure found,No disclosure found.,NA
Internet,Samsung,Mobile Ecosystems,Samsung implementation of android,Samsung implementation of android,Freedom of Expression,F6,Element,F6.6,0,no disclosure found,No disclosure found.,NA
Internet,Samsung,Mobile Ecosystems,Samsung implementation of android,Samsung implementation of android,Freedom of Expression,F6,Element,F6.7,0,no disclosure found,No disclosure found.,NA
Internet,Samsung,Mobile Ecosystems,Samsung implementation of android,Samsung implementation of android,Freedom of Expression,F6,Element,F6.8,0,no disclosure found,No disclosure found.,NA
Internet,Samsung,Mobile Ecosystems,Samsung implementation of android,Samsung implementation of android,Freedom of Expression,F6,Element,F6.9,0,no disclosure found,No disclosure found.,NA
Internet,Samsung,Mobile Ecosystems,Samsung implementation of android,Samsung implementation of android,Freedom of Expression,F6,Element,F6.10,0,no disclosure found,No disclosure found.,NA
Internet,Samsung,Mobile Ecosystems,Samsung implementation of android,Samsung implementation of android,Freedom of Expression,F6,Level,NA,0,NA,NA,NA
Internet,Samsung,Total,NA,NA,Freedom of Expression,F6,Indicator,NA,0,NA,NA,NA
Internet,Samsung,Mobile Ecosystems,Samsung implementation of android,Samsung implementation of android,Freedom of Expression,F7,Element,F7.1,0,no disclosure found,No disclosure found.,NA
Internet,Samsung,Mobile Ecosystems,Samsung implementation of android,Samsung implementation of android,Freedom of Expression,F7,Element,F7.2,0,no disclosure found,No disclosure found.,NA
Internet,Samsung,Mobile Ecosystems,Samsung implementation of android,Samsung implementation of android,Freedom of Expression,F7,Element,F7.3,0,no disclosure found,No disclosure found.,NA
Internet,Samsung,Mobile Ecosystems,Samsung implementation of android,Samsung implementation of android,Freedom of Expression,F7,Element,F7.4,0,no disclosure found,No disclosure found.,NA
Internet,Samsung,Mobile Ecosystems,Samsung implementation of android,Samsung implementation of android,Freedom of Expression,F7,Element,F7.5,0,no disclosure found,No disclosure found.,NA
Internet,Samsung,Mobile Ecosystems,Samsung implementation of android,Samsung implementation of android,Freedom of Expression,F7,Element,F7.6,0,no disclosure found,No disclosure found.,NA
Internet,Samsung,Mobile Ecosystems,Samsung implementation of android,Samsung implementation of android,Freedom of Expression,F7,Element,F7.7,0,no disclosure found,No disclosure found.,NA
Internet,Samsung,Mobile Ecosystems,Samsung implementation of android,Samsung implementation of android,Freedom of Expression,F7,Element,F7.8,0,no disclosure found,No disclosure found.,NA
Internet,Samsung,Mobile Ecosystems,Samsung implementation of android,Samsung implementation of android,Freedom of Expression,F7,Element,F7.9,0,no disclosure found,No disclosure found.,NA
Internet,Samsung,Mobile Ecosystems,Samsung implementation of android,Samsung implementation of android,Freedom of Expression,F7,Element,F7.10,0,no disclosure found,No disclosure found.,NA
Internet,Samsung,Mobile Ecosystems,Samsung implementation of android,Samsung implementation of android,Freedom of Expression,F7,Level,NA,0,NA,NA,NA
Internet,Samsung,Total,NA,NA,Freedom of Expression,F7,Indicator,NA,0,NA,NA,NA
Internet,Samsung,Mobile Ecosystems,Samsung implementation of android,Samsung implementation of android,Freedom of Expression,F8,Element,F8.1,0,no disclosure found,"No disclosure found. With regard to its process for restricting content, Section 5.7 of the Apps Seller terms of service (Source 5 p.2; Source 6, p.2) states, ""Samsung reserves the right to remove any Application from the STORE for any reason."" The Apps Validation Policy (Source 21, p.3; Source 22, p.2) states that the Validation Team will reject or remove applications that are in violation of the content restriction. FAQ on prohibited Apps (Source 24, 25) further state that prohibited apps will be banned for sale without the seller's consent and removed. However, the company does not disclose whether it notifies developers who generated the contents (apps) of the restriction.",NA
Internet,Samsung,Mobile Ecosystems,Samsung implementation of android,Samsung implementation of android,Freedom of Expression,F8,Element,F8.2,0,no disclosure found,No disclosure is found,NA
Internet,Samsung,Mobile Ecosystems,Samsung implementation of android,Samsung implementation of android,Freedom of Expression,F8,Element,F8.3,0,no disclosure found,No disclosure is found,NA
Internet,Samsung,Mobile Ecosystems,Samsung implementation of android,Samsung implementation of android,Freedom of Expression,F8,Element,F8.4,100,yes,"Yes. For users, article 5 of the Galaxy Apps terms of service (Source 3, p.2) states that the company may terminate services with a user after giving them a termination notice 30 days in advance. Moreover, article 10 states that the company will notify users when the company changes the services or suspends and/or ceases providing the services or any part of the services if it materially affects users (Source 3, p.3). For developers, according to section 14.4 of the App Seller terms of service (Source 5, p.5; Source 6, p.4), the company may terminate the service by sending a written notice to the user.",NA
Internet,Samsung,Mobile Ecosystems,Samsung implementation of android,Samsung implementation of android,Freedom of Expression,F8,Level,NA,25,NA,NA,3; 5; 6; 21; 22; 24; 25
Internet,Samsung,Total,NA,NA,Freedom of Expression,F8,Indicator,NA,25,NA,NA,NA
Internet,Samsung,Mobile Ecosystems,Samsung implementation of android,Samsung implementation of android,Freedom of Expression,F9,Element,F9.1,exclude,N/A,This indicator is not applicable for mobile ecosystems.,NA
Internet,Samsung,Mobile Ecosystems,Samsung implementation of android,Samsung implementation of android,Freedom of Expression,F9,Element,F9.2,exclude,N/A,This indicator is not applicable for mobile ecosystems.,NA
Internet,Samsung,Mobile Ecosystems,Samsung implementation of android,Samsung implementation of android,Freedom of Expression,F9,Level,NA,N/A,NA,NA,NA
Internet,Samsung,Total,NA,NA,Freedom of Expression,F9,Indicator,NA,N/A,NA,NA,NA
Internet,Samsung,Mobile Ecosystems,Samsung implementation of android,Samsung implementation of android,Freedom of Expression,F10,Element,F10.1,exclude,N/A,This indicator is not applicable for mobile ecosystems.,NA
Internet,Samsung,Mobile Ecosystems,Samsung implementation of android,Samsung implementation of android,Freedom of Expression,F10,Element,F10.2,exclude,N/A,This indicator is not applicable for mobile ecosystems.,NA
Internet,Samsung,Mobile Ecosystems,Samsung implementation of android,Samsung implementation of android,Freedom of Expression,F10,Element,F10.3,exclude,N/A,This indicator is not applicable for mobile ecosystems.,NA
Internet,Samsung,Mobile Ecosystems,Samsung implementation of android,Samsung implementation of android,Freedom of Expression,F10,Element,F10.4,exclude,N/A,This indicator is not applicable for mobile ecosystems.,NA
Internet,Samsung,Mobile Ecosystems,Samsung implementation of android,Samsung implementation of android,Freedom of Expression,F10,Element,F10.5,exclude,N/A,This indicator is not applicable for mobile ecosystems.,NA
Internet,Samsung,Mobile Ecosystems,Samsung implementation of android,Samsung implementation of android,Freedom of Expression,F10,Element,F10.6,exclude,N/A,This indicator is not applicable for mobile ecosystems.,NA
Internet,Samsung,Mobile Ecosystems,Samsung implementation of android,Samsung implementation of android,Freedom of Expression,F10,Element,F10.7,exclude,N/A,This indicator is not applicable for mobile ecosystems.,NA
Internet,Samsung,Mobile Ecosystems,Samsung implementation of android,Samsung implementation of android,Freedom of Expression,F10,Element,F10.8,exclude,N/A,This indicator is not applicable for mobile ecosystems.,NA
Internet,Samsung,Mobile Ecosystems,Samsung implementation of android,Samsung implementation of android,Freedom of Expression,F10,Level,NA,N/A,NA,NA,NA
Internet,Samsung,Total,NA,NA,Freedom of Expression,F10,Indicator,NA,N/A,NA,NA,NA
Internet,Samsung,Mobile Ecosystems,Samsung implementation of android,Samsung implementation of android,Freedom of Expression,F11,Element,F11.1,0,yes,"Yes. Korean users have to submit either a government-issued identification (I-PIN number) or their phone number that is connected to their offline identity (Source 26). For foreign users, Samsung does not have the same kind of requirements (Source 27). For developers, the requirement for signing up is the same as for users. And for Korean and foreign sellers alike, no documents are required to sign up as a corporate seller (Source 30, 31). However, to request commercial status, government-issued identification is required (Source 32, 33).",NA
Internet,Samsung,Mobile Ecosystems,Samsung implementation of android,Samsung implementation of android,Freedom of Expression,F11,Level,NA,0,NA,NA,26; 27; 30; 31; 32; 33
Internet,Samsung,Total,NA,NA,Freedom of Expression,F11,Indicator,NA,0,NA,NA,NA
Internet,Samsung,Mobile Ecosystems,Samsung implementation of android,Samsung implementation of android,Privacy,P1,Element,P1.1,50,partial,"Partial. Article 7 of the Galaxy terms (Source 3, p.2) states that the group Privacy Policy (Source 56) applies to the Galaxy Apps service. While the link to the Privacy Policy can be easily located at the footer of the homepage, it is not immediately obvious that these terms apply to Galaxy users. Partial credit is awarded.",NA
Internet,Samsung,Mobile Ecosystems,Samsung implementation of android,Samsung implementation of android,Privacy,P1,Element,P1.2,100,yes,"Yes. The Privacy Policy is available in Korean, as well as many other languages including English.",NA
Internet,Samsung,Mobile Ecosystems,Samsung implementation of android,Samsung implementation of android,Privacy,P1,Element,P1.3,100,yes,"Yes. The Privacy Policy uses section headers, large font size and proper spacing, and is written in easy-to-understand language (Source 56).",NA
Internet,Samsung,Mobile Ecosystems,Samsung implementation of android,Samsung implementation of android,Privacy,P1,Element,P1.4,50,partial,"Partial. In its Validation Document (Source 22), the company states that the validation process for apps consists of two steps - pre review and device testing. The following is provided on device testing: ""As soon as the application passes the preliminary screening, it will be immediately sold to GalaxyApps. At the same time, the review team will begin validating the application (see 3.1 to 3.4 below for testing criteria). If the terminal test results in a functional problem found in the application, the review team can either stop selling the application or adjust the service country / terminal."" Under 3.1.2 of the testing criteria, the company states that ""applications that access, collect, use, transmit, or share user data must post their Privacy Policy in their own app and describe it in the Privacy Policy URL."" While this information indicates that apps processing user information are required to have a privacy policy, it is unclear whether the company's review of any potential ""functional problems"" includes an evaluation of the privacy policy. Therefore, a partial credit is given.",NA
Internet,Samsung,Mobile Ecosystems,Samsung implementation of android,Samsung implementation of android,Privacy,P1,Level,NA,75,NA,NA,3; 22; 56
Internet,Samsung,Total,NA,NA,Privacy,P1,Indicator,NA,75,NA,NA,NA
Internet,Samsung,Mobile Ecosystems,Samsung implementation of android,Samsung implementation of android,Privacy,P2,Element,P2.1,100,yes,"Yes. The Privacy Policy (Source 56, p.1) states that the company will notify users by both publishing a notice on the Notice section and sending an individual notification.",NA
Internet,Samsung,Mobile Ecosystems,Samsung implementation of android,Samsung implementation of android,Privacy,P2,Element,P2.2,50,partial,"Partial. In its Privacy Policy (Source 56), Samsung provides the following: ""This policy will be enforced on January 11, 2018, and if it is revised, we will notify you through the website announcement (or individual notice by written, email, phone, SMS etc.)."" Given that the company does not disclose all means through which it may directly notify users, a partial credit is given.",NA
Internet,Samsung,Mobile Ecosystems,Samsung implementation of android,Samsung implementation of android,Privacy,P2,Element,P2.3,0,no,No. The company does not disclose a time frame within which it provides prior notification.,NA
Internet,Samsung,Mobile Ecosystems,Samsung implementation of android,Samsung implementation of android,Privacy,P2,Element,P2.4,100,yes,"Yes. The company maintains both a  public archive and change log. Users can access past versions of the policies through the drop-down menu at the top-right corner of the Privacy Policy (Source 56). Moreover, the company maintains a changelog on its Notice section (Source 11, 12).",NA
Internet,Samsung,Mobile Ecosystems,Samsung implementation of android,Samsung implementation of android,Privacy,P2,Element,P2.5,50,partial,"Partial. In its Validation Document (Source 22), the company states that the validation process for apps consists of two steps - pre review and device testing. The following is provided on device testing: ""As soon as the application passes the preliminary screening, it will be immediately sold to GalaxyApps. At the same time, the review team will begin validating the application (see 3.1 to 3.4 below for testing criteria). If the terminal test results in a functional problem found in the application, the review team can either stop selling the application or adjust the service country / terminal."" Under the Testing Criteria 3.1. Privacy, the company states the following: ""...3.1.2 Apps that access, collect, use, transmit, or share user data must display Privacy Policy in their apps and describe it in the Privacy Policy URL field during registration. 3.1.3 Privacy Policy must include the specified information as below. When its content is revised, customers must be notified of such a fact and Privacy Policy URL must be updated accordingly..."" While this information indicates that apps processing user information are required to have a privacy policy and update users in case of changes, it is unclear whether the company's review of any potential ""functional problems"" includes an evaluation of the privacy policy. Therefore, a partial credit is given.",NA
Internet,Samsung,Mobile Ecosystems,Samsung implementation of android,Samsung implementation of android,Privacy,P2,Level,NA,60,NA,NA,7; 11; 12; 22; 56
Internet,Samsung,Total,NA,NA,Privacy,P2,Indicator,NA,60,NA,NA,NA
Internet,Samsung,Mobile Ecosystems,Samsung implementation of android,Samsung implementation of android,Privacy,P3,Element,P3.1,50,partial,"Partial. According to article 7 of the ToS (Source 3, p.2), the group Privacy Policy applies to the Galaxy Apps service. Article 1 of the Privacy Policy provides detailed information on some types of user information the company collects (Source 56, pp.1-3). The list not only includes personal information, but also various types of information such as device information, location information, and log information. However, some of the disclosures on data collection are vague. For example, a subsection on ""Optional Items"" under article 1 provides the following on additional information that may be collected: ""Other information provided by the applicant in connection with the conclusion, maintenance, implementation, management, and participation in the contract.""
",NA
Internet,Samsung,Mobile Ecosystems,Samsung implementation of android,Samsung implementation of android,Privacy,P3,Element,P3.2,50,partial,"Partial. Article 1(1) of the Privacy Policy provides detail on some types of user information the company collects, and discloses how it collects user information for some of the information (Source 56, pp.1-3). Further, Article 1(2) of the Privacy Policy lists three methods of collecting information, but does not specify what type of information is collected with which method (p.3). Therefore partial credit is given.",NA
Internet,Samsung,Mobile Ecosystems,Samsung implementation of android,Samsung implementation of android,Privacy,P3,Element,P3.3,100,yes,"Yes. The second paragraph in article 1(1) of the Privacy Policy clearly states, ""The company collects minimum user information required in order to provide the service"" (Source 56, p.1).",NA
Internet,Samsung,Mobile Ecosystems,Samsung implementation of android,Samsung implementation of android,Privacy,P3,Element,P3.4,50,partial,"Partial. In its Validation Document (Source 22), the company states that the validation process for apps consists of two steps - pre review and device testing. The following is provided on device testing: ""As soon as the application passes the preliminary screening, it will be immediately sold to GalaxyApps. At the same time, the review team will begin validating the application (see 3.1 to 3.4 below for testing criteria). If the terminal test results in a functional problem found in the application, the review team can either stop selling the application or adjust the service country / terminal."" Under 3.1.3 of the testing criteria, the company states that ""The privacy policy must include the following information, and you must inform the user when you change the contents of the privacy policy and register the change in the privacy policy URL. The item of data to collect or its type..."" While this information indicates that apps processing user information are required to have a privacy policy that includes disclosure on collection of user information, it is unclear whether the company's review of any potential ""functional problems"" includes an evaluation of the privacy policy. Therefore, a partial credit is given.",NA
Internet,Samsung,Mobile Ecosystems,Samsung implementation of android,Samsung implementation of android,Privacy,P3,Element,P3.5,50,partial,"Partial. In its Validation Document (Source 22), the company states that the validation process for apps consists of two steps - pre review and device testing. The following is provided on device testing: ""As soon as the application passes the preliminary screening, it will be immediately sold to GalaxyApps. At the same time, the review team will begin validating the application (see 3.1 to 3.4 below for testing criteria). If the terminal test results in a functional problem found in the application, the review team can either stop selling the application or adjust the service country / terminal."" Under 3.1.5 of the testing criteria, the company states that ""The application must collect only the information that is essential to provide the service and should not require excessive privileges or user data."" While this information indicates that apps processing user information are required to have a privacy policy with a committment to data minimization, it is unclear whether the company's review of any potential ""functional problems"" includes an evaluation of the privacy policy. Therefore, a partial credit is given.",NA
Internet,Samsung,Mobile Ecosystems,Samsung implementation of android,Samsung implementation of android,Privacy,P3,Level,NA,60,NA,NA,22; 56
Internet,Samsung,Total,NA,NA,Privacy,P3,Indicator,NA,60,NA,NA,NA
Internet,Samsung,Mobile Ecosystems,Samsung implementation of android,Samsung implementation of android,Privacy,P4,Element,P4.1,50,partial,"Partial. According to article 7 of the ToS (Source 3, p.2), the group privacy policy applies to the Galaxy Apps service. In article 5 of the Privacy Policy (Source 56, p.7), the company provides some information on what user information it shares. For example, the company shares information such as purchase times, purchase prices, payment methods, credit card information with credit card companies (p.8). However, the company does not clearly disclosure all types of user information, and whether it shares them, resulting in partial credit on this element.",NA
Internet,Samsung,Mobile Ecosystems,Samsung implementation of android,Samsung implementation of android,Privacy,P4,Element,P4.2,50,partial,"Partial. According to article 7 of the ToS (Source 3, p.2), the group privacy policy applies to the Galaxy Apps service. In article 6 of the Privacy Policy (Source 56, p.6), the company maintains: ""The company does not provide users' personal information to third parties in principle."" However, there are four exceptions: a) when there is a lawful request from law enforcement, b) when it is necessary for settlement of service fees, c) when anonymized information is provided for research purpose, and d) when users have consented in advance.  The company also provides some information on the types of third parties certain user information is shared with. However, the company does not clearly disclose all types of user information it shares, and  it is also not clear whether it shares information with other types of third parties.",NA
Internet,Samsung,Mobile Ecosystems,Samsung implementation of android,Samsung implementation of android,Privacy,P4,Element,P4.3,100,yes,"Yes. According to article 7 of the ToS (Source 3, p.2), the group privacy policy applies to the Galaxy Apps service. Article 6 of the Privacy Policy (Source 56, p.6) states, ""The company does not provide users' personal information to third parties in principle."" However, there are four exceptions and the first one is ""to comply with the law or to comply with a request following due process from the law enforcement.""",NA
Internet,Samsung,Mobile Ecosystems,Samsung implementation of android,Samsung implementation of android,Privacy,P4,Element,P4.4,50,partial,"Partial. According to article 7 of the ToS (Source 3, p.2), the group privacy policy applies to the Galaxy Apps service. Article 5 of the Privacy Policy (Source 56, p.7) provides names of third parties the company shares user information with. For example, the company shares purchase times, purchase prices, payment methods, and credit card information with different credit card companies (p.8). Moreover, the company discloses the names of third parties with which it shares user information for provision of services (Source 56, p.4). However, the company is not comprehensive on the types of user information it shares, and it is also not clear whether the list of third parties is complete, resulting in partial credit on this element.",NA
Internet,Samsung,Mobile Ecosystems,Samsung implementation of android,Samsung implementation of android,Privacy,P4,Element,P4.5,50,partial,"Partial. In its Validation Document (Source 22), the company states that the validation process for apps consists of two steps - pre review and device testing. The following is provided on device testing: ""As soon as the application passes the preliminary screening, it will be immediately sold to GalaxyApps. At the same time, the review team will begin validating the application (see 3.1 to 3.4 below for testing criteria). If the terminal test results in a functional problem found in the application, the review team can either stop selling the application or adjust the service country / terminal."" Under 3.1.3 of the testing criteria, the company states that ""Privacy Policy must include the specified information as below...Data items shared with third parties and shared data types..."" While this information indicates that apps are required to disclose the types of user information they share, it is unclear whether the company's review of any potential ""functional problems"" includes an evaluation of the privacy policy. Therefore, a partial credit is given.",NA
Internet,Samsung,Mobile Ecosystems,Samsung implementation of android,Samsung implementation of android,Privacy,P4,Element,P4.6,0,no disclosure found,"No disclosure found. The App Validation document (Source 22) lists several requirements for app developers' privacy policies. However, no disclosure was found regarding the types of third parties information is shared with.",NA
Internet,Samsung,Mobile Ecosystems,Samsung implementation of android,Samsung implementation of android,Privacy,P4,Level,NA,50,NA,NA,22; 56
Internet,Samsung,Total,NA,NA,Privacy,P4,Indicator,NA,50,NA,NA,NA
Internet,Samsung,Mobile Ecosystems,Samsung implementation of android,Samsung implementation of android,Privacy,P5,Element,P5.1,50,partial,"Partial. According to article 7 of the ToS (Source 3, p.2), the group privacy policy applies to the Galaxy Apps service. Article 2 of the Privacy Policy (Source 56, p.2) lists some of the purposes for collection of user information. However, the company does not disclose all types of user information it collects, and also does not indicate all purposes for collection. Therefore, it receives partial credit.",NA
Internet,Samsung,Mobile Ecosystems,Samsung implementation of android,Samsung implementation of android,Privacy,P5,Element,P5.2,50,partial,"Partial. In article 2(3) of its Privacy Policy (Source 56), the company states that user information may be combined through various devices and services connected through a Samsung Account in order to ""provide same usage environment and function in various devices connected with Samsung Account."" A partial credit is given as it is not clear whether this only relates to users using a Samsung Account or to everyone.",NA
Internet,Samsung,Mobile Ecosystems,Samsung implementation of android,Samsung implementation of android,Privacy,P5,Element,P5.3,50,partial,"Partial. According to article 7 of the ToS (Source 3, p.2), the group privacy policy applies to the Galaxy Apps service. Article 5 of the Privacy Policy (Source 56, p.7) provides some information on what user information is shared by the company, and purposes for this sharing of user information. However, the company is not comprehensive regarding the types of user information it shares, and the purposes for this sharing. Therefore, the company receives partial credit.",NA
Internet,Samsung,Mobile Ecosystems,Samsung implementation of android,Samsung implementation of android,Privacy,P5,Element,P5.4,0,no disclosure found,"No disclosure found. According to article 7 of the ToS (Source 3, p.2), the group privacy policy applies to the Galaxy Apps service. Article 1(1) of the Privacy Policy (Source 56, p.1) maintains: ""The company collects minimum user information required in order to provide the service."" However, there is no disclosure regarding the company's commitment to limit the use of user information.",NA
Internet,Samsung,Mobile Ecosystems,Samsung implementation of android,Samsung implementation of android,Privacy,P5,Level,NA,37.5,NA,NA,3; 56
Internet,Samsung,Total,NA,NA,Privacy,P5,Indicator,NA,37.5,NA,NA,NA
Internet,Samsung,Mobile Ecosystems,Samsung implementation of android,Samsung implementation of android,Privacy,P6,Element,P6.1,50,partial,"Partial. According to article 7 of the terms of service (Source 3, p.2), the group privacy policy applies to the Galaxy Apps service. Under article 3, ""The period of user information retention and use,"" the Privacy Policy (Source 56, p.4) states that user information will be immediately deleted after fulfilling the purposes of collection and use in principle, unless it is required under applicable laws. It also provides a list of types of information to be retained, retention periods, and applicable laws. Given that the company is not comprehensive regarding all types of user information it collects, partial credit is given.",NA
Internet,Samsung,Mobile Ecosystems,Samsung implementation of android,Samsung implementation of android,Privacy,P6,Element,P6.2,0,no disclosure found,No disclosure found.,NA
Internet,Samsung,Mobile Ecosystems,Samsung implementation of android,Samsung implementation of android,Privacy,P6,Element,P6.3,0,no disclosure found,No disclosure found.,NA
Internet,Samsung,Mobile Ecosystems,Samsung implementation of android,Samsung implementation of android,Privacy,P6,Element,P6.4,50,partial,"Partial. There is a FAQ page on membership termination (Source 17, p.1), and it states that service use history, contents download and purchase history, etc. will be deleted upon termination. However, the company does not clearly indicate it deletes ALL types of information, resulting in partial credit.",NA
Internet,Samsung,Mobile Ecosystems,Samsung implementation of android,Samsung implementation of android,Privacy,P6,Element,P6.5,0,no disclosure found,No disclosure found.,NA
Internet,Samsung,Mobile Ecosystems,Samsung implementation of android,Samsung implementation of android,Privacy,P6,Element,P6.6,50,partial,"Partial. In its Validation Document (Source 22), the company states that the validation process for apps consists of two steps - pre review and device testing. The following is provided on device testing: ""As soon as the application passes the preliminary screening, it will be immediately sold to GalaxyApps. At the same time, the review team will begin validating the application (see 3.1 to 3.4 below for testing criteria). If the terminal test results in a functional problem found in the application, the review team can either stop selling the application or adjust the service country / terminal."" Under 3.1.3 of the testing criteria, the company states that ""Privacy Policy must include the specified information as below. When its content is revised, customers must be notified of such a fact and Privacy Policy URL must be updated accordingly...Data retention period or deletion timing (e.g., upon account deletion or app uninstallation)..."" While this information indicates that app developers are required to disclose retention times, it is unclear whether the company's review of any potential ""functional problems"" includes an evaluation of the privacy policy. Therefore, a partial credit is given.",NA
Internet,Samsung,Mobile Ecosystems,Samsung implementation of android,Samsung implementation of android,Privacy,P6,Element,P6.7,0,no disclosure found,No disclosure found.,NA
Internet,Samsung,Mobile Ecosystems,Samsung implementation of android,Samsung implementation of android,Privacy,P6,Level,NA,21.43,NA,NA,3; 17; 22; 56
Internet,Samsung,Total,NA,NA,Privacy,P6,Indicator,NA,21.43,NA,NA,NA
Internet,Samsung,Mobile Ecosystems,Samsung implementation of android,Samsung implementation of android,Privacy,P7,Element,P7.1,50,partial,"Partial. According to article 7 of the terms of service (Source 3, p.2), the group privacy policy applies to the Galaxy Apps service. According to the Privacy Policy, there are two types of user information.  One type of information is ""Necessary Items"" and the other one is ""Optional Items."" Under article 1(1), subsection ""Necessary Items (필수항목)""  (Source 56, p.1), the company states that users may choose not to give consent to collection and use of necessary items, and in that case, users will not be able to use the service. Under article 1(1), subsection ""Optional Items (선택항목)"" (Source 56, p.2), the company states that users may not give consent to collection and use of optional items, but still be able to use the service. However, the company does not disclose whether users can control the company's collection of each type of user information. Therefore, partial credit is given.",NA
Internet,Samsung,Mobile Ecosystems,Samsung implementation of android,Samsung implementation of android,Privacy,P7,Element,P7.2,0,no disclosure found,"No disclosure found. According to article 7 of the terms of service (Source 3, p.2), the group privacy policy applies to the Galaxy Apps service. According to article 7 ""Rights of Users and Legal representatives"" in the Privacy Policy (Source 56, p.8), users may request deletion of user information. However, it does not state whether users can delete each type of information.",NA
Internet,Samsung,Mobile Ecosystems,Samsung implementation of android,Samsung implementation of android,Privacy,P7,Element,P7.3,100,yes,"Yes. In its Privacy Policy (Source 56), the company provides the following: ""Also, if you do not want to receive interest-based advertising, you can opt out at any time from any Samsung service that uses interest-based advertising. In this case, only standard ads that are not based on your usage history will be provided.""",NA
Internet,Samsung,Mobile Ecosystems,Samsung implementation of android,Samsung implementation of android,Privacy,P7,Element,P7.4,0,no,"No. The Privacy Policy (Source 56) states that users can opt out of targeted advertising, indicating that it is on by default.",NA
Internet,Samsung,Mobile Ecosystems,Samsung implementation of android,Samsung implementation of android,Privacy,P7,Element,P7.5,50,partial,"Partial. Smartphones like the Galaxy series have geolocation functions and users can control the functions. This is well described in the user manual for each device. For example, the user manual for Galaxy S8 (Source 19, p.162; Source 20, p.138) states that users may enable the device's location services. However, the manual does not disclose whether users can control geolocation on an app-by-app basis. Therefore, partial credit is given.",NA
Internet,Samsung,Mobile Ecosystems,Samsung implementation of android,Samsung implementation of android,Privacy,P7,Level,NA,40,NA,NA,3; 10; 19; 20; 56
Internet,Samsung,Total,NA,NA,Privacy,P7,Indicator,NA,40,NA,NA,NA
Internet,Samsung,Mobile Ecosystems,Samsung implementation of android,Samsung implementation of android,Privacy,P8,Element,P8.1,0,no disclosure found,"No disclosure found. According to article 7 of the terms of service (Source 3, p.2), the group privacy policy applies to the Galaxy Apps service. Article 7 ""Rights of Users and Legal Representatives"" of the Privacy Policy (Source 56, p.8) states that users may request viewing of their user information. However, the policy does not state that users can obtain a copy of their information.",NA
Internet,Samsung,Mobile Ecosystems,Samsung implementation of android,Samsung implementation of android,Privacy,P8,Element,P8.2,0,no disclosure found,No disclosure is found.,NA
Internet,Samsung,Mobile Ecosystems,Samsung implementation of android,Samsung implementation of android,Privacy,P8,Element,P8.3,0,no disclosure found,No disclosure is found.,NA
Internet,Samsung,Mobile Ecosystems,Samsung implementation of android,Samsung implementation of android,Privacy,P8,Element,P8.4,0,no disclosure found,No disclosure is found.,NA
Internet,Samsung,Mobile Ecosystems,Samsung implementation of android,Samsung implementation of android,Privacy,P8,Element,P8.5,0,no disclosure found,No disclosure is found.,NA
Internet,Samsung,Mobile Ecosystems,Samsung implementation of android,Samsung implementation of android,Privacy,P8,Level,NA,0,NA,NA,3; 56
Internet,Samsung,Total,NA,NA,Privacy,P8,Indicator,NA,0,NA,NA,NA
Internet,Samsung,Mobile Ecosystems,Samsung implementation of android,Samsung implementation of android,Privacy,P9,Element,P9.1,0,no disclosure found,No disclosure is found.,NA
Internet,Samsung,Mobile Ecosystems,Samsung implementation of android,Samsung implementation of android,Privacy,P9,Element,P9.2,0,no disclosure found,No disclosure is found.,NA
Internet,Samsung,Mobile Ecosystems,Samsung implementation of android,Samsung implementation of android,Privacy,P9,Element,P9.3,0,no disclosure found,No disclosure is found.,NA
Internet,Samsung,Mobile Ecosystems,Samsung implementation of android,Samsung implementation of android,Privacy,P9,Element,P9.4,0,no disclosure found,No disclosure is found.,NA
Internet,Samsung,Mobile Ecosystems,Samsung implementation of android,Samsung implementation of android,Privacy,P9,Element,P9.5,0,no disclosure found,No disclosure is found.,NA
Internet,Samsung,Mobile Ecosystems,Samsung implementation of android,Samsung implementation of android,Privacy,P9,Level,NA,0,NA,NA,NA
Internet,Samsung,Total,NA,NA,Privacy,P9,Indicator,NA,0,NA,NA,NA
Internet,Samsung,Mobile Ecosystems,Samsung implementation of android,Samsung implementation of android,Privacy,P10,Element,P10.1,0,no disclosure found,"No disclosure found. According to article 7 of the terms of service (Source 3, p.2), the group privacy policy applies to the Galaxy Apps service. Article 6 of the Privacy Policy (Source 56, p.6) states, ""The company does not provide users' personal information to third parties in principle."" There are several exceptions, including a) when there is a lawful request from the law enforcement, b) when it is necessary for settlement of service fees, c) when anonymized information is provided for research purpose, and d) when users have consented in advance. However, the company does not disclose its process for responding to requests from governments and other third parties.",NA
Internet,Samsung,Mobile Ecosystems,Samsung implementation of android,Samsung implementation of android,Privacy,P10,Element,P10.2,0,no disclosure found,"No disclosure found. According to article 7 of the terms of service (Source 3, p.2), the group privacy policy applies to the Galaxy Apps service. Article 6 of the Privacy Policy (Source 56, p.6) states, ""The company does not provide users' personal information to third parties in principle."" There are several exceptions, including a) when there is a lawful request from the law enforcement, b) when it is necessary for settlement of service fees, c) when anonymized information is provided for research purpose, and d) when users have consented in advance. However, the company does not disclose its process for responding to requests from governments and other third parties.",NA
Internet,Samsung,Mobile Ecosystems,Samsung implementation of android,Samsung implementation of android,Privacy,P10,Element,P10.3,0,no disclosure found,No disclosure found.,NA
Internet,Samsung,Mobile Ecosystems,Samsung implementation of android,Samsung implementation of android,Privacy,P10,Element,P10.4,0,no disclosure found,"No disclosure found. According to article 7 of the terms of service (Source 3, p.2), the group privacy policy applies to the Galaxy Apps service. Article 6 of the Privacy Policy (Source 56, p.6) states, ""The company does not provide users' personal information to third parties in principle."" There are several exceptions, including a) when there is a lawful request from the law enforcement, b) when it is necessary for settlement of service fees, c) when anonymized information is provided for research purpose, and d) when users have consented in advance. However, the company does not disclose its process for responding to requests from governments and other third parties.",NA
Internet,Samsung,Mobile Ecosystems,Samsung implementation of android,Samsung implementation of android,Privacy,P10,Element,P10.5,0,no disclosure found,No disclosure found.,NA
Internet,Samsung,Mobile Ecosystems,Samsung implementation of android,Samsung implementation of android,Privacy,P10,Element,P10.6,0,no disclosure found,No disclosure found.,NA
Internet,Samsung,Mobile Ecosystems,Samsung implementation of android,Samsung implementation of android,Privacy,P10,Element,P10.7,0,no disclosure found,No disclosure found.,NA
Internet,Samsung,Mobile Ecosystems,Samsung implementation of android,Samsung implementation of android,Privacy,P10,Element,P10.8,0,no disclosure found,No disclosure found.,NA
Internet,Samsung,Mobile Ecosystems,Samsung implementation of android,Samsung implementation of android,Privacy,P10,Element,P10.9,0,no disclosure found,No disclosure found.,NA
Internet,Samsung,Mobile Ecosystems,Samsung implementation of android,Samsung implementation of android,Privacy,P10,Element,P10.10,0,no disclosure found,No disclosure found.,NA
Internet,Samsung,Mobile Ecosystems,Samsung implementation of android,Samsung implementation of android,Privacy,P10,Element,P10.11,0,no disclosure found,No disclosure found.,NA
Internet,Samsung,Mobile Ecosystems,Samsung implementation of android,Samsung implementation of android,Privacy,P10,Element,P10.12,0,no disclosure found,No disclosure found.,NA
Internet,Samsung,Mobile Ecosystems,Samsung implementation of android,Samsung implementation of android,Privacy,P10,Level,NA,0,NA,NA,3; 56
Internet,Samsung,Total,NA,NA,Privacy,P10,Indicator,NA,0,NA,NA,NA
Internet,Samsung,Mobile Ecosystems,Samsung implementation of android,Samsung implementation of android,Privacy,P11,Element,P11.1,0,no disclosure found,No disclosure found.,NA
Internet,Samsung,Mobile Ecosystems,Samsung implementation of android,Samsung implementation of android,Privacy,P11,Element,P11.2,0,no disclosure found,No disclosure found.,NA
Internet,Samsung,Mobile Ecosystems,Samsung implementation of android,Samsung implementation of android,Privacy,P11,Element,P11.3,0,no disclosure found,No disclosure found.,NA
Internet,Samsung,Mobile Ecosystems,Samsung implementation of android,Samsung implementation of android,Privacy,P11,Element,P11.4,0,no disclosure found,No disclosure found.,NA
Internet,Samsung,Mobile Ecosystems,Samsung implementation of android,Samsung implementation of android,Privacy,P11,Element,P11.5,0,no disclosure found,No disclosure found.,NA
Internet,Samsung,Mobile Ecosystems,Samsung implementation of android,Samsung implementation of android,Privacy,P11,Element,P11.6,0,no disclosure found,No disclosure found.,NA
Internet,Samsung,Mobile Ecosystems,Samsung implementation of android,Samsung implementation of android,Privacy,P11,Element,P11.7,0,no disclosure found,No disclosure found.,NA
Internet,Samsung,Mobile Ecosystems,Samsung implementation of android,Samsung implementation of android,Privacy,P11,Element,P11.8,0,no disclosure found,No disclosure found.,NA
Internet,Samsung,Mobile Ecosystems,Samsung implementation of android,Samsung implementation of android,Privacy,P11,Element,P11.9,0,no disclosure found,No disclosure found.,NA
Internet,Samsung,Mobile Ecosystems,Samsung implementation of android,Samsung implementation of android,Privacy,P11,Element,P11.10,0,no disclosure found,No disclosure found.,NA
Internet,Samsung,Mobile Ecosystems,Samsung implementation of android,Samsung implementation of android,Privacy,P11,Element,P11.11,0,no disclosure found,No disclosure found.,NA
Internet,Samsung,Mobile Ecosystems,Samsung implementation of android,Samsung implementation of android,Privacy,P11,Level,NA,0,NA,NA,NA
Internet,Samsung,Total,NA,NA,Privacy,P11,Indicator,NA,0,NA,NA,NA
Internet,Samsung,Mobile Ecosystems,Samsung implementation of android,Samsung implementation of android,Privacy,P12,Element,P12.1,0,no disclosure found,"No disclosure found. According to article 7 of the terms of service (Source 3, p.2), the group privacy policy applies to the Galaxy Apps service. Article 6 of the Privacy Policy (Source 56, p.6) states, ""The company does not provide users' personal information to third parties in principle."" However, there are four exceptions: a) when there is a lawful request from law enforcement, b) when it's necessary for settlement of service fees, c) when anonymized information is provided for research purpose, and d) when users have consented in advance. The company does not disclose whether it notifies users when user information is requested.",NA
Internet,Samsung,Mobile Ecosystems,Samsung implementation of android,Samsung implementation of android,Privacy,P12,Element,P12.2,0,no disclosure found,"No disclosure found. Article 6 of the Privacy Policy (Source 56, p.6) states, ""The company does not provide users' personal information to third parties in principle."" However, there are some exceptions, including b) when it's necessary for settlement of service fees, c) when anonymized information is provided for research purposes, and d) when users have consented in advance. The company does not disclose whether it notifies users when user information is requested.",NA
Internet,Samsung,Mobile Ecosystems,Samsung implementation of android,Samsung implementation of android,Privacy,P12,Element,P12.3,0,no disclosure found,"No disclosure found. Article 6 of the Privacy Policy (Source 56, p.6) states, ""The company does not provide users' personal information to third parties in principle."" However, there are four exceptions: a) when there is a lawful request from law enforcement, b) when it's necessary for settlement of service fees, c) when anonymized information is provided for research purposes, and d) when users have consented in advance. The company does not disclose whether it notifies users, and also does not disclose situations in which users might not be notified.",NA
Internet,Samsung,Mobile Ecosystems,Samsung implementation of android,Samsung implementation of android,Privacy,P12,Level,NA,0,NA,NA,3; 56
Internet,Samsung,Total,NA,NA,Privacy,P12,Indicator,NA,0,NA,NA,NA
Internet,Samsung,Mobile Ecosystems,Samsung implementation of android,Samsung implementation of android,Privacy,P13,Element,P13.1,100,yes,"Yes. According to article 7 of the terms of service (Source 3, p.2), the group privacy policy (Source 56) applies to the Galaxy Apps service. Article 9(1) ""Technical and Managerial Measures to Protect Personal Information"" of the Privacy Policy has a subsection titled ""Minimization of Employee Access and Education"" which states the following (Source 56, p.9):
- The Company restricts the access to users' personal information to employees who perform marketing business directly involving users, personal information managers, and other employees who are inevitably required to access personal information for business purpose;
- The Company regularly conducts in-house training and outsourced training for employees who handle personal information;
- The Company prevents data breach by requiring the security oath from all employees, and has internal procedures to monitor the compliance of employees with the privacy policies.
- The computer room and the data storage room are set as special protection zones to control access.",NA
Internet,Samsung,Mobile Ecosystems,Samsung implementation of android,Samsung implementation of android,Privacy,P13,Element,P13.2,50,partial,"Partial. According to Article 9(1) of the Privacy Policy (Source 56, p.9), the company ""has internal procedures to monitor the compliance of employees with the privacy policies."" The Sustainability Report 2017 (Source 34, 35, p.98) further states: ""Strengthened Review of Privacy Policy Operation/Management Systems _ We perform regular reviews and make necessary improvements on our systems and services that are operated for our customers and employees for their managerial, technical, and physical protection system that governs the entire process of data collection-processing-disposal."" While this disclosure indicates that the company assesses security of systems and services, it is not clear whether it has a dedicated security team, resulting in partial credit.",NA
Internet,Samsung,Mobile Ecosystems,Samsung implementation of android,Samsung implementation of android,Privacy,P13,Element,P13.3,0,no disclosure found,"No disclosure found. Section 24 ""Handling Information"" in the Business Conduct Guidelines (Source 36, 37, p.8) states, ""Samsung complies with the disclosure regulations of countries in which our securities are registered and regulated. In addition, we follow accounting/finance manuals, policies and reporting guidelines in disclosing key managerial information, such as changes in our financial statements, to our shareholders and stakeholders in a timely manner. Furthermore, transaction information is reported and managed accurately based on international standards, national accounting regulations, company standards and regulations. We undergo external audits on a regular basis as well."" However, this disclosure relates to external audits of financial statements. No disclosure was found regarding third-party security audits.",NA
Internet,Samsung,Mobile Ecosystems,Samsung implementation of android,Samsung implementation of android,Privacy,P13,Level,NA,50,NA,NA,3; 34; 35; 36; 37; 56
Internet,Samsung,Total,NA,NA,Privacy,P13,Indicator,NA,50,NA,NA,NA
Internet,Samsung,Mobile Ecosystems,Samsung implementation of android,Samsung implementation of android,Privacy,P14,Element,P14.1,100,yes,"Yes. The Samsung Security Reporting page (Source 38) provides the following: ""If you have identified potential security vulnerability in any Samsung Mobile product or software, please contact us via email: mobile.security@samsung.com We encourage the reporting party to place the users' interest first and follow the philosophy of Responsible Disclosure, which involves privately notifying us of any security vulnerabilities before disclosing them fully to allow us to resolve the vulnerabilities and minimize overall risk to users.""",NA
Internet,Samsung,Mobile Ecosystems,Samsung implementation of android,Samsung implementation of android,Privacy,P14,Element,P14.2,100,yes,"Yes. The Samsung Security Reporting page (Source 38) states, ""We will do our best to respond within a maximum of 48 hours. But if you do not receive a response within this time frame, please feel free to follow up with us to ensure that we have received your original report.""",NA
Internet,Samsung,Mobile Ecosystems,Samsung implementation of android,Samsung implementation of android,Privacy,P14,Element,P14.3,0,no disclosure found,No disclosure found.,NA
Internet,Samsung,Mobile Ecosystems,Samsung implementation of android,Samsung implementation of android,Privacy,P14,Element,P14.4,100,yes,"Yes. The Samsung Knox Security Solution Whitepaper (Source 42) describes that the update of OS for Galaxy devices, Android, is done based on Nox security system. This document states: ""Android for Work on a Samsung device does not require a Knox license activation fee. Knox security enhancements for existing Android for Work Managed Profiles are updated seamlessly with Over-the-Air (OTA) updates."" (p. 49) While Samsung does not disclose any level of encryption it does provide proper ""integrity"" of the data by signing, and validating the signature, of kernel/boot-loader updates which serves the same intended purpose.",NA
Internet,Samsung,Mobile Ecosystems,Samsung implementation of android,Samsung implementation of android,Privacy,P14,Element,P14.5,50,partial,"Partial. In the Samsung on Android Whitepaper (Source 43, p.4), the company says, ""Samsung smartphones and tablets running Knox employ Secure Boot, Trusted Boot, Security Enhancements for Android (SE for Android), and ARM® TrustZone®-based Integrity Measurement Architecture (TIMA)."" It further states: ""Samsung, the world’s largest electronics OEM, and Google have undertaken a number of initiatives in the areas of building security into the core Android operating system, providing robust application screening and provisioning, and delivering innovative hardware-based security platforms"" (Source 43, p.5).  Despite these disclosures, there is no comprehensive overview of all changes made to the OS, resulting in partial credit. 
",NA
Internet,Samsung,Mobile Ecosystems,Samsung implementation of android,Samsung implementation of android,Privacy,P14,Element,P14.6,100,yes,"Yes. Samsung's Mobile Security Blog (Source 40) states, ""Monthly and quarterly security updates will include patches for Android OS related security issues released by Google, as well as, patches for Samsung-specific security issues. We encourage our users to keep their devices and apps up to date."" The blog also has a list of Android Security Updates (Source 44), in which update details to the OS are described. The ""Disclaimer"" section (Source 44, p.1) states, ""Please note that in some cases regular OS upgrades may cause delays to planned security updates. However, users can be rest assured the OS upgrades will include all up‐to‐date security patches when delivered. While we are doing our best to deliver the security patches as soon as possible to all applicable models, delivery time of security patches may vary depending on the regions and models.""",NA
Internet,Samsung,Mobile Ecosystems,Samsung implementation of android,Samsung implementation of android,Privacy,P14,Element,P14.7,0,no disclosure found,No disclosure is found.,NA
Internet,Samsung,Mobile Ecosystems,Samsung implementation of android,Samsung implementation of android,Privacy,P14,Element,P14.8,0,no disclosure found,No disclosure is found.,NA
Internet,Samsung,Mobile Ecosystems,Samsung implementation of android,Samsung implementation of android,Privacy,P14,Element,P14.9,0,no disclosure found,"No disclosure found. The Samsung on Android White Paper (Source 43, p.3) says, ""Google has also begun delivering monthly security updates for Android to address vulnerabilities and ensure enterprise customers get timely Android OS patching. Samsung has also committed to an aggressive update schedule for the carriers."" However, there is no specific timeframe given regarding recently discovered vulnerabilities.",NA
Internet,Samsung,Mobile Ecosystems,Samsung implementation of android,Samsung implementation of android,Privacy,P14,Level,NA,50,NA,NA,38; 40; 41; 42; 43; 44
Internet,Samsung,Total,NA,NA,Privacy,P14,Indicator,NA,50,NA,NA,NA
Internet,Samsung,Mobile Ecosystems,Samsung implementation of android,Samsung implementation of android,Privacy,P15,Element,P15.1,0,no disclosure found,No disclosure found.,NA
Internet,Samsung,Mobile Ecosystems,Samsung implementation of android,Samsung implementation of android,Privacy,P15,Element,P15.2,0,no disclosure found,No disclosure found.,NA
Internet,Samsung,Mobile Ecosystems,Samsung implementation of android,Samsung implementation of android,Privacy,P15,Element,P15.3,0,no disclosure found,No disclosure found.,NA
Internet,Samsung,Mobile Ecosystems,Samsung implementation of android,Samsung implementation of android,Privacy,P15,Level,NA,0,NA,NA,NA
Internet,Samsung,Total,NA,NA,Privacy,P15,Indicator,NA,0,NA,NA,NA
Internet,Samsung,Mobile Ecosystems,Samsung implementation of android,Samsung implementation of android,Privacy,P16,Element,P16.1,0,no disclosure found,"No disclosure found. There is no disclosure in the privacy policies (Source 7, 8, 10, 56), sustainability report (Source 34, 35), the Business Conduct Guideline (Source 36, 37), or Mobile Security Blog (Source 45).",NA
Internet,Samsung,Mobile Ecosystems,Samsung implementation of android,Samsung implementation of android,Privacy,P16,Element,P16.2,0,no disclosure found,"No disclosure found. There is no disclosure in the privacy policies (Source 7, 8, 10, 56), sustainability report (Source 34, 35), the Business Conduct Guideline (Source 36, 37), or Mobile Security Blog (Source 45).",NA
Internet,Samsung,Mobile Ecosystems,Samsung implementation of android,Samsung implementation of android,Privacy,P16,Element,P16.3,0,no disclosure found,"No disclosure found. There is no disclosure in the privacy policies (Source 7, 8, 10, 56), sustainability report (Source 34, 35), the Business Conduct Guideline (Source 36, 37), or Mobile Security Blog (Source 45).",NA
Internet,Samsung,Mobile Ecosystems,Samsung implementation of android,Samsung implementation of android,Privacy,P16,Element,P16.4,0,no disclosure found,"No disclosure found. There is no disclosure in the privacy policies (Source 7, 8, 10, 56), sustainability report (Source 34, 35), the Business Conduct Guideline (Source 36, 37), or Mobile Security Blog (Source 45).",NA
Internet,Samsung,Mobile Ecosystems,Samsung implementation of android,Samsung implementation of android,Privacy,P16,Level,NA,0,NA,NA,7; 8; 10; 15; 16; 34; 35; 36; 37; 45; 56
Internet,Samsung,Total,NA,NA,Privacy,P16,Indicator,NA,0,NA,NA,NA
Internet,Samsung,Mobile Ecosystems,Samsung implementation of android,Samsung implementation of android,Privacy,P17,Element,P17.1,100,yes,"Yes. The company's customer support website FAQ ""What is 2-Step Verification"" (Source 46, 47)  states, ""2-step verification is an extra layer of security that strengthens the security of your account during sign-in by requiring you to enter your ID, password, and also a verification code sent via SMS (preventing anyone but you from signing in to your account),"" and the FAQ ""How Do I Enable or Disable 2-step Verification?"" (Source 48, 49) explains how to use it.",NA
Internet,Samsung,Mobile Ecosystems,Samsung implementation of android,Samsung implementation of android,Privacy,P17,Element,P17.2,0,no disclosure found,No disclosure found.,NA
Internet,Samsung,Mobile Ecosystems,Samsung implementation of android,Samsung implementation of android,Privacy,P17,Element,P17.3,0,no disclosure found,No disclosure found.,NA
Internet,Samsung,Mobile Ecosystems,Samsung implementation of android,Samsung implementation of android,Privacy,P17,Level,NA,33.33,NA,NA,46; 47; 48; 49
Internet,Samsung,Total,NA,NA,Privacy,P17,Indicator,NA,33.33,NA,NA,NA
Internet,Samsung,Mobile Ecosystems,Samsung implementation of android,Samsung implementation of android,Privacy,P18,Element,P18.1,50,partial,"Partial. There is a webpage on ""How to keep a smartphone from being hacked"" in English (Source 50). No disclosure in Korean is found. Therefore, partial credit is given.",NA
Internet,Samsung,Mobile Ecosystems,Samsung implementation of android,Samsung implementation of android,Privacy,P18,Level,NA,50,NA,NA,50
Internet,Samsung,Total,NA,NA,Privacy,P18,Indicator,NA,50,NA,NA,NA
