Source reference number,Document title,URL,Date of document (if applicable),Date accessed
1,Axiata Annual Report 2016,https://www.axiata.com/media/upload/investors_relations/2016/pdf/Full_Draft_Axiata_Annual_Report_2016.pdf,2016,8/13/2017
2,Axiata at a Glance 2016,https://www.axiata.com/media/upload/investors_relations/2016/pdf/At_A_Glance_Axiata_2016.pdf,2016,8/13/2017
3,Axiata Governance 2016,https://www.axiata.com/media/upload/investors_relations/2016/pdf/Governance_Axiata_2016.pdf,2016,8/13/2017
4,Axiata Sustainability Report 2016,"
http://axiata.listedcompany.com/misc/sustainability2016.pdf",4/5/2017,8/16/2017
5,Axiata 24th Annual General Meeting Minutes,https://axiata.com//media/upload/corporate/24th%20Annual%20 General%20 Meeting-Minutes%20(Final)_57b5d41fb4312_57b5d70474b08.pdf,5/25/2016,8/16/2017
6,Axiata Whistle Blowing policy,https://axiata.com/media/upload/corporate/Whistle_Blowing_Policy.pdf,Undated,8/16/2017
7,Axiata Employee Code of Conduct,https://axiata.com//media/upload/corporate/Employees_Code_of_Conduct.pdf,4/30/2011,8/16/2017
8,CELCOM Privacy Notice,https://www.celcom.com.my/personal/policy,NA,8/16/2017
9,CELCOM Web Usage Terms and Conditions,https://www.celcom.com.my/personal/terms-and-conditions,NA,8/16/2017
10,CELCOM first blue general Terms and Conditions,https://www.celcom.com.my/personal/plans/blue/tnc?pid=1439659020478,NA,8/16/2017
11,CELCOM specific terms and conditions for Internet Services,https://www.celcom.com.my/personal/plans/first/terms-and-conditions?pid=1361267448773,NA,8/17/2017
12,CELCOM specific terms and conditions for postpaid,https://www.celcom.com.my/personal/plans/first/terms-and-conditions?pid=1361267448773,NA,8/17/2017
13,CELCOM first data Terms and Conditions,https://www.celcom.com.my/personal/plans/data/terms-and-conditions?pid=1361267448773,NA,8/17/2017
14,CELCOM First Wifi Terms and Conditions,https://www.celcom.com.my/personal/plans/wifi/terms-and-coditions?pid=1361267448773,NA,8/17/2017
15,CELCOM First Wifi Specific Terms and Conditions,https://www.celcom.com.my/personal/plans/wifi/terms-and-coditions?pid=1361267448773,NA,8/17/2017
16,CELCOM Fair Usage Policy,https://www.celcom.com.my/personal/fairusagepolicy?pid=1361267448773,NA,8/17/2017
17,Web Usage XPAX Terms and Conditions,https://www.xpax.com.my/web-usage,2017,8/17/2017
18,XPAX Privacy Policy,https://www.xpax.com.my/privacy-policy,2017,8/17/2017
19,All new XPAX TOS,https://www.xpax.com.my/xpax-tnc,2017,8/18/2017
20,XPAX Fair Usage Policy,https://www.xpax.com.my/fair-usage-policy,2017,8/19/2017
21,XPAX Complaint mechanism,http://www.complaint.cfm.org.my/,Undated,8/21/2017
22,CELCOM Scam alert,https://www.celcom.com.my/cs/Satellite?c=PBO_Article&cid=1361275886121&pagename=Celcom_PBO%2FPBO_Article%2FPagelet49_Details&pid=1360826483347,Undated,8/21/2017
23,Communications and Multimedia Consumer Forum of Malaysia,http://www.cfm.org.my/,Undated,8/22/2017
24,XPAX complaint mechanism diagram,http://www.complaint.cfm.org.my/,Undated,8/22/2017
25,Axiata NetSafe Package,https://www.celcom.com.my/Web_Center_Sites/PBO/Miscellaneous/NET_SAFE_ENG_FAQs.pdf,Undated,8/22/2017
NA,NA,NA,NA,NA
NA,NA,NA,NA,NA
NA,Note: no longer available - CELCOM XPAX Turbo Terms and Conditions,https://www.xpax.com.my/xpaxturbo-tnc,https://drive.google.com/open?id=0B9yJNDJwKZhYYlhOTW9POG9oTGM,NA
