Source reference number,Document title,URL,Date of document (if applicable),Date accessed
1,Twitter Terms of Service,https://twitter.com/en/tos,9/30/2016,7/27/2017
2,The Twitter Rules,https://support.twitter.com/articles/18311,NA,7/27/2017
3,Twitter ToS archive,https://twitter.com/en/tos/previous,NA,7/27/2017
4,Periscope Terms of Service,https://www.periscope.tv/tos,3/31/2017,7/27/2017
5,Periscope Community Guidelines,https://www.pscp.tv/content,NA,7/27/2017
6,Twitter Privacy Policy,https://twitter.com/en/privacy,6/18/2017,7/27/2017
7,Twitter privacy policy archive,https://twitter.com/en/privacy/previous,3/31/2017,7/27/2017
8,Periscope privacy statement,https://www.pscp.tv/privacy,3/31/2017,8/4/2017
9,Guidelines for law enforcement,https://support.twitter.com/articles/41949#,NA,8/4/2017
10,"Twitter, Our Services, and Corporate Affiliates",https://support.twitter.com/articles/20172501,NA,8/4/2017
11,Personalization based on where you see Twitter content,https://support.twitter.com/articles/20169421,NA,8/4/2017
12,Deactivating your account,https://support.twitter.com/articles/15358,NA,8/7/2017
13,Periscope Help Center: How do I deactivate my account?,https://help.pscp.tv/customer/en/portal/articles/2460220-how-do-i-deactivate-my-account-,NA,8/7/2017
14,FAQs about adding location to your Tweets,https://support.twitter.com/articles/78525#,NA,8/7/2017
15,Manage your contacts,https://twitter.com/settings/contacts_dashboard,NA,8/7/2017
16,Twitter’s use of cookies and similar technologies,https://support.twitter.com/articles/20170514#privacy-options,NA,8/7/2017
17,Downloading your Twitter archive,https://support.twitter.com/articles/20170160,NA,8/7/2017
18,Accessing your Twitter data,https://support.twitter.com/articles/20172679,NA,8/7/2017
19,How to report violations,https://support.twitter.com/articles/15789,NA,8/7/2017
20,Copyright policy,https://support.twitter.com/articles/15795,NA,8/7/2017
21,Appeal an account suspension,https://support.twitter.com/forms/general?subtopic=suspended,NA,8/8/2017
22,Law Enforcement Request,https://support.twitter.com/forms/lawenforcement,NA,8/8/2017
23,Periscope: Harassment or abusive behavior,https://help.pscp.tv/customer/en/portal/articles/2313190-what-can-i-do-if-someone-is-engaging-in-harassing-or-abusive-behavior-,NA,8/8/2017
24,Periscope: How does comment moderation work?,https://help.pscp.tv/customer/en/portal/articles/2442663-how-does-comment-moderation-work-,NA,8/8/2017
25,An update on our efforts to combat violent extremism,https://blog.twitter.com/official/en_us/a/2016/an-update-on-our-efforts-to-combat-violent-extremism.html,NA,8/8/2017
26,Combating Violent Extremism,https://blog.twitter.com/official/en_us/a/2016/combating-violent-extremism.html,NA,8/8/2017
27,Transparency report: Government ToS reports,https://transparency.twitter.com/en/gov-tos-reports.html,NA,8/8/2017
28,Country withheld content,https://support.twitter.com/articles/20169222,NA,8/8/2017
29,Transparency report: Main,https://transparency.twitter.com/en.html,NA,8/9/2017
30,How to Report Private Information Posted on Twitter,https://support.twitter.com/articles/20169993,NA,8/9/2017
31,Reporting abusive behavior,https://support.twitter.com/articles/20169998,NA,8/9/2017
32,Trademark policy,https://support.twitter.com/articles/18367,NA,8/9/2017
33,Reporting impersonation accounts,https://support.twitter.com/articles/20170142,NA,8/9/2017
34,Hateful conduct policy,https://support.twitter.com/articles/20175050,NA,8/9/2017
35,Transparency report: Removal requests,https://transparency.twitter.com/en/removal-requests.html,NA,8/9/2017
36,Transparency report: Copyright notices,https://transparency.twitter.com/en/copyright-notices.html,NA,8/9/2017
37,Transparency report: Trademark notices,https://transparency.twitter.com/en/trademark-notices.html,NA,8/9/2017
38,How do I contact the Periscope Team?,https://help.pscp.tv/customer/en/portal/articles/2016546-how-do-i-contact-the-periscope-team-?b_id=16119,NA,8/9/2017
39,Our tenth Twitter #Transparency Report,https://blog.twitter.com/official/en_us/topics/company/2017/our-tenth-twitter-transparency-report.html,NA,8/9/2017
40,How Twitter for Websites widgets respect users’ privacy,https://dev.twitter.com/web/overview/privacy,NA,8/9/2017
41,Do Not Track,https://support.twitter.com/articles/20169453#,NA,8/9/2017
42,Transparency report: Information requests,https://transparency.twitter.com/en/information-requests.html,NA,8/10/2017
43,Transparency report: U.S. information disclosures,https://transparency.twitter.com/en/countries/us.html,NA,8/10/2017
44,Twitter Annual Report 2016,http://files.shareholder.com/downloads/AMDA-2F526X/4972752092x0x886152/3FBBB0EC-FDF0-41D2-9C4E-A06AE8B1D1E5/2016_Twitter_Annual_Report.pdf,NA,8/10/2017
45,Twitter: Bug bounty program,https://hackerone.com/twitter,NA,8/10/2017
46,How to report security vulnerabilities,https://support.twitter.com/articles/477159,NA,8/10/2017
47,What is the Periscope Beta program?,https://help.pscp.tv/customer/en/portal/articles/2186812-what-is-the-periscope-beta-program-,NA,8/10/2017
48,Monday Morning Madness,https://blog.twitter.com/official/en_us/a/2009/monday-morning-madness.html,NA,8/10/2017
49,Keeping your account safe,https://blog.twitter.com/official/en_us/a/2016/keeping-your-account-safe.html,NA,8/10/2017
50,Forward Secrecy at Twitter,https://blog.twitter.com/engineering/en_us/a/2013/forward-secrecy-at-twitter.html,NA,8/10/2017
51,Twitter for Good,https://about.twitter.com/en_us/values/twitter-for-good.html,NA,8/11/2017
52,Defending and respecting the rights of people using our service,https://support.twitter.com/articles/20175189,NA,8/11/2017
53,Our Company--Vijaya Gadde bio,https://about.twitter.com/en_us/company.html,NA,8/11/2017
54,Progress on addressing online abuse,https://blog.twitter.com/official/en_us/a/2016/progress-on-addressing-online-abuse.html,November 2016,8/11/2017
55,Using login verification,https://support.twitter.com/articles/20170388,NA,8/11/2017
56,How do I sign up for a Periscope Account?,https://help.pscp.tv/customer/portal/articles/2016596-how-do-i-sign-up-for-a-periscope-account-,NA,8/11/2017
57,I’m seeing a message that my account is locked or limited,https://support.twitter.com/articles/20171312,NA,8/11/2017
58,Code of Business Conduct & Ethics,http://files.shareholder.com/downloads/AMDA-2F526X/4972824203x0x716670/8F74BBE5-FDC9-4233-8F25-0DF30343455F/Twitter_Code_of_Business_Conduct_Ethics.pdf,NA,8/11/2017
59,Unsafe links on Twitter,https://support.twitter.com/articles/90491,NA,8/11/2017
60,My account has been compromised,https://support.twitter.com/articles/31796,NA,8/11/2017
61,Fake Twitter emails,https://support.twitter.com/articles/204820,NA,8/11/2017
62,Account security tips,https://support.twitter.com/articles/76036,NA,8/11/2017
63,I lost my phone. How do I log out of my Periscope account?,https://help.pscp.tv/customer/en/portal/articles/2395082-i-lost-my-phone-how-do-i-log-out-of-my-periscope-account-,NA,8/11/2017
64,Civic engagement,https://about.twitter.com/en_us/values/civic-engagement.html,NA,8/11/2017
65,Twitter SEC form,https://www.sec.gov/Archives/edgar/data/1418091/000156459016013646/twtr-10k_20151231.htm,NA,8/11/2017
66,Participating at Oslo Freedom Forum: ‘Davos for Dissidents’,https://blog.twitter.com/official/en_us/a/2016/participating-at-oslo-freedom-forum-davos-for-dissidents.html,NA,8/11/2017
67,The Twitter Trust and Safety Council,https://about.twitter.com/en_us/safety/safety-partners.html,NA,8/11/2017
68,I'm reporting exposed private information,https://support.twitter.com/forms/private_information,NA,8/11/2017
69,Legal request submissions,https://legalrequests.twitter.com/forms/landing_disclaimer,NA,8/16/2017
70,Transparency Report - Removal Requests H1 2017,https://transparency.twitter.com/en/removal-requests.html,"Released Sept 19, 2017",10/12/2017
71,Transparency Report - Copyright Notices H1 2017,https://transparency.twitter.com/en/copyright-notices.html,"Released Sept 19, 2017",10/12/2017
72,Transparency Report - Trademark Notices H1 2017,https://transparency.twitter.com/en/trademark-notices.html,"Released Sept 19, 2017",10/12/2017
73,Transparency Report - Information Requests Jan-Jun 2017,https://transparency.twitter.com/en/information-requests.html,"Released Sept 19, 2017",10/12/2017
74,Periscope Terms of Service (Spanish),https://legal.twitter.com/es/periscope/terms,"March 31, 2017",1/27/2018
75,Periscope privacy statement (Spanish),https://legal.twitter.com/es/periscope/privacy,"March 31, 2017",1/28/2018
76,Our approach to policy development and enforcement philosophy,https://help.twitter.com/en/rules-and-policies/enforcement-philosophy,NA,1/28/2018
77,Twitter Legal Requests FAQs,https://help.twitter.com/en/rules-and-policies/twitter-legal-faqs,NA,1/30/2018
78,Transparency report: Government ToS reports (H1 2017),https://transparency.twitter.com/en/gov-tos-reports.html,NA,3/19/2018
79,Twitter Rules - Update November 2017,https://help.twitter.com/en/rules-and-policies/twitter-rules,November 2017,4/6/2018
