Source reference number,Document title,URL,Date of document (if applicable),Date accessed
1,General Terms and Conditions for Consumer Services (english),https://www.ooredoo.qa/portal/OoredooQatar/general-terms-and-conditions,N/A,27/7/2017
2,General Terms and Conditions for Consumer Services (arabic),https://www.ooredoo.qa/portal/OoredooQatar/general-terms-and-conditions,N/A,27/7/2017
3,ooredoo.com terms and conditions (english),http://ooredoo.com/en/terms_conditions/,10/7/2017,27/7/2017
4,ooredoo.com terms and conditions (arabic),http://ooredoo.com/ar/terms_conditions/,8/12/2015,27/7/2017
5,ooredoo.qa website privacy policy (english),https://www.ooredoo.qa/portal/OoredooQatar/privacy-policy,N/A,27/7/2017
6,ooredoo.qa website privacy policy (arabic),https://www.ooredoo.qa/portal/OoredooQatar/privacy-policy,N/A,27/7/2017
7,Code of Business Conduct and Ethics (english),https://www.ooredoo.qa/portal/Satellite?blobcol=urldata&blobheader=application%2Fpdf&blobheadername1=Content-Disposition&blobheadername2=MDT-Type&blobheadervalue1=inline%3B+filename%3Dooredoo_code_of_ethics_en0.pdf&blobheadervalue2=abinary%3B+charset%3DUTF-8&blobkey=id&blobtable=MungoBlobs&blobwhere=1451241595629&ssbinary=true,N/A,7/8/2017
8,Code of Business Conduct and Ethics (arabic),https://www.ooredoo.qa/portal/OoredooQatar/ar/code-of-business-ethics-and-conduct?packedargs=form-to-process=LocaleForm&preferred_locale=1374098763479&p=1444833177417,N/A,7/8/2017
9,Ooredoo Qatar Pre-Paid Plan (Hala) (english),https://www.ooredoo.qa/portal/OoredooQatar/hala,N/A,7/8/2017
10,Ooredoo Qatar Pre-Paid Plan (Hala) (arabic),https://www.ooredoo.qa/portal/OoredooQatar/hala,N/A,7/8/2017
11,Register my Ooredoo (english),https://www.ooredoo.qa/selfcare/#/register/en,N/A,8/8/2017
12,Register my Ooredoo (arabic),https://www.ooredoo.qa/selfcare/#,N/A,8/8/2017
13,Ooredoo Qatar Fibre (English),https://www.ooredoo.qa/portal/OoredooQatar/get-connected-fibre,N/A,8/8/2017
14,Ooredoo Qatar Fibre (Arabic),https://www.ooredoo.qa/portal/OoredooQatar/get-connected-fibre,N/A,8/8/2017
15,Ooredoo Qatar Post-Paid Plan (Shahry) (English),https://www.ooredoo.qa/portal/OoredooQatar/get-connected-fibre,N/A,8/8/2017
16,Ooredoo Qatar Post-Paid Plan (Shahry) (Arabic),https://www.ooredoo.qa/portal/OoredooQatar/get-connected-fibre,N/A,8/8/2017
