Source reference number,Document title,URL,Date of document (if applicable),Date accessed
1,Google Terms of Service,https://www.google.com/intl/en/policies/terms/,4/14/2014,8/3/2017
2,Gmail Program Policies,https://www.google.com/gmail/about/policy/,None,8/3/2017
3,Youtube Terms of Service,https://www.youtube.com/t/terms,6/9/2010,8/3/2017
4,Youtube Community Guidelines,https://www.youtube.com/yt/policyandsafety/communityguidelines.html,none,8/3/2017
5,Google Play Terms of Service,https://play.google.com/intl/en_us/about/play-terms.html,6/16/2017,8/8/2017
6,Google Play Business and Program Policies,https://play.google.com/intl/en/about/android-developer-policies.html,None,8/8/2017
7,Developer Distribution Agreement (Google Play),https://play.google.com/about/developer-distribution-agreement.html,5/17/2017,8/8/2017
8,Developer Policy Center Guidelines (Google Play) (print view),https://play.google.com/about/developer-content-policy-print/,None,8/8/2017
9,Google Terms of Service Archive of Changes,https://www.google.com/intl/en/policies/terms/archive/,None,8/8/2017
10,Summary of changes to Google Play Developer Distribution Agreement,https://play.google.com/about/developer-distribution-agreement/summary.html,Updated 5/17/2017,8/8/2017
11,Developer Policy Center Updates,https://play.google.com/about/updates-resources/,Updated August 2017,8/8/2017
12,Google Privacy Policy,https://www.google.com/policies/privacy/,10/1/2017,8/8/2017
13,Google App Developer Privacy and Security Requirements,https://play.google.com/about/privacy-security/additional-requirements/,NA,8/10/2017
14,Google App Privacy Policies Help Page,https://support.google.com/googleplay/answer/2666094?hl=en&ref_topic=2450225,NA,8/10/2017
15,Archive of privacy policy changes,https://www.google.com/policies/privacy/archive/,Updated 4/17/2017,8/10/2017
16,Google Privacy & Terms - Combine Personal Information,https://www.google.com/policies/privacy/example/combine-personal-information.html,None given,8/14/2017
17,Recover your Google account,https://support.google.com/accounts/answer/6236295,NA,8/14/2017
18,Google Privacy & Terms - Advertising,https://www.google.com/policies/technologies/ads/,None given,8/14/2017
19,Google Search Removal Help page,https://support.google.com/websearch/answer/2744324?hl=en,None given,8/15/2017
20,Manage or delete your Location History,https://support.google.com/accounts/answer/3118687?hl=en,None given,8/15/2017
21,Control your app permissions on Android 6.0 and up,https://support.google.com/googleplay/answer/6270602?hl=en&ref_topic=6046245,None given,8/15/2017
22,Download your data,https://support.google.com/accounts/answer/3024190?hl=en,None given,8/15/2017
23,YouTube - Account terminations,https://support.google.com/youtube/answer/2802168?hl=en&ref_topic=2803138,None given,8/16/2017
24,Remove Information from Google,https://support.google.com/websearch/troubleshooter/3111061?hl=en&ref_topic=3285072,None given,8/16/2017
25,Why Flagging Matters,https://youtube.googleblog.com/2016/09/why-flagging-matters.html,None given,8/16/2017
26,Google Transparency Report,https://transparencyreport.google.com/,None given,8/16/2017
27,Google Transparency Report - Government Requests to Remove Content,https://transparencyreport.google.com/government-removals/overview,None given,8/16/2017
28,Legal Removal Requests,https://support.google.com/legal/answer/3110420?visit_id=1-636099807279170094-1010837504&hl=en&rd=2,None given,8/16/2017
29,Google Transparency Report - Requests for Content Removals Due to Copyright,https://transparencyreport.google.com/copyright/overview#glance,None given,8/16/2017
30,Google Transparency Report - Legal Process,https://www.google.com/transparencyreport/userdatarequests/legalprocess/,None given,8/16/2017
31,How Google uses data when you use our partners' sites or apps,https://www.google.com/intl/en/policies/privacy/partners/,None given,8/16/2017
32,Safeguarding your data,https://support.google.com/analytics/answer/6004245,None given,8/16/2017
33,Google Code of Conduct,https://abc.xyz/investor/other/google-code-of-conduct.html,"Updated August 7, 2017",8/16/2017
34,Google for Work Security and Compliance Whitepaper,https://static.googleusercontent.com/media/apps.google.fr/fr/FR/files/google-apps-security-and-compliance-whitepaper.pdf,None given,8/16/2016
35,Information Security,https://privacy.google.com/your-security.html,None given,8/16/2016
36,Google Security Blog - Forward Secrecy,https://security.googleblog.com/2011/11/protecting-data-for-long-term-with.html,11/22/2011,8/16/2016
37,Android encryption,https://source.android.com/security/encryption/,3/27/2017,8/16/2016
38,Nexus help - encrypt your data,https://support.google.com/nexus/answer/2844831?hl=en,None given,8/16/2016
39,View your data and account activity in the Google Dashboard,https://support.google.com/accounts/answer/162744?hl=en,None given,8/16/2016
40,Android set screen lock,https://support.google.com/nexus/answer/2819522,None given,8/16/2016
41,Transparency Report Help Center,https://support.google.com/transparencyreport/answer/7347744?hl=en,None given,8/16/2016
42,Manage your privacy and security,https://www.google.com/intl/en/safetycenter/everyone/start/,None,8/17/2017
43,Prevent cybercrime,https://www.google.com/intl/en/safetycenter/everyone/cybercrime/,None,8/17/2017
44,Google Vulnerability Reward Program,https://www.google.com/about/appsecurity/reward-program/index.html,None,8/17/2017
45,Android Vulnerability Rewards Program,https://www.google.com/about/appsecurity/android-rewards/,None,8/17/2017
46,Google Security Blog - Responsible Disclosure,https://security.googleblog.com/2010/07/rebooting-responsible-disclosure-focus.html,7/20/2010,8/17/2017
47,Google Security Blog - Disclosure timeline for vulnerabilities,https://security.googleblog.com/2013/05/disclosure-timeline-for-vulnerabilities.html,5/29/2013,8/17/2017
48,Android Updates,https://support.google.com/nexus/answer/4457705?hl=en,None,8/17/2017
49,GNI Report 2015/2016,http://globalnetworkinitiative.org/sites/default/files/Public-Report-2015-16-Independent-Company-Assessments.pdf,7/1/2016,8/17/2017
50,Submit a copyright takedown notice (YouTube),https://support.google.com/youtube/answer/2807622?hl=en,None,8/18/2017
51,Search Removals Content Under European Privacy Law,https://transparencyreport.google.com/eu-privacy/overview,None,8/18/2017
52,Copyright removals Explore the Data,https://transparencyreport.google.com/copyright/explore,NA,8/18/2017
53,Google's Approach to IT Security - A white paper,https://static.googleusercontent.com/media/1.9.22.221/en//enterprise/pdf/whygoogle/google-common-security-whitepaper.pdf,Copyright 2012,8/18/2017
54,YouTube privacy guidelines,https://www.youtube.com/t/privacy_guidelines,None,8/18/2017
55,DMCA Help Page,https://support.google.com/legal/answer/1120734#counter,None,8/18/2017
56,European privacy requests Search removals FAQs,https://support.google.com/transparencyreport/answer/7347822?hl=en&ref_topic=7295796,None,8/18/2017
57,Search Removal Policies,https://support.google.com/websearch/answer/2744324?hl=en,None,8/18/2017
58,Your account is disabled - help page,https://support.google.com/accounts/answer/40695?hl=en,None,8/18/2017
59,Account disabled form,https://support.google.com/accounts/contact/disabled2,None,8/18/2017
60,Appeal Community Guidelines Strikes,https://support.google.com/youtube/answer/185111?hl=en&ref_topic=2803138,None,8/20/2017
61,Counter Notification basics,https://support.google.com/youtube/answer/2807684?hl=en&ref_topic=2778545,None,8/20/2017
62,Dispute a Content ID claim,https://support.google.com/youtube/answer/2797454?hl=en&ref_topic=2778545,None,8/20/2017
63,YouTube Privacy complaint process help page,https://support.google.com/youtube/answer/142443,None,8/20/2017
64,Understanding Google Play developer account terminations,https://support.google.com/googleplay/android-developer/answer/2491922?hl=en&ref_topic=3453554,None,8/20/2017
65,Help page: My app has been removed from Google Play,https://support.google.com/googleplay/android-developer/answer/2477981,None,8/20/2017
66,Transparency Report - Government Requests to Remove Content by Country,https://transparencyreport.google.com/government-removals/by-country,Latest data from Dec 2016,8/22/2017
67,Transparency Report - Legal Process (Requests for User Data),https://www.google.com/transparencyreport/userdatarequests/legalprocess/,NA,8/22/2017
68,What's a Content ID Claim? (YouTube),https://support.google.com/youtube/answer/6013276?hl=en&ref_topic=2778545,September 2016,8/22/2017
69,Growing Our Trusted Flagger Program into YouTube Heroes,https://youtube.googleblog.com/2016/09/growing-our-trusted-flagger-program.html,September 2016,8/22/2017
70,Copyright strike basics -YouTube,https://support.google.com/youtube/answer/2814000?hl=en&ref_topic=2778545,NA,8/23/2017
71,Android 2016 Year in Review,https://source.android.com/security/reports/Google_Android_Security_2016_Report_Final.pdf,NA,8/23/2017
72,How Search Works - Maximize Access to Information,https://www.google.com/search/howsearchworks/mission/open-web/,NA,8/23/2017
73,YouTube Community Guidelines Strikes,https://support.google.com/youtube/answer/2802032?hl=en,NA,8/23/2017
75,Account Terminations - YouTube,https://support.google.com/youtube/answer/2802168?hl=en&ref_topic=2803138,NA,8/23/2017
76,Google Play Console Help page,https://support.google.com/googleplay/android-developer/answer/2985876?hl=en,NA,8/23/2017
77,Transparency Report - Government Requests to Remove Content FAQs,https://support.google.com/transparencyreport/answer/7347744?hl=en,NA,8/23/2017
78,Youtube blog post - Four steps we’re taking today to fight terrorism online,https://www.blog.google/topics/google-europe/four-steps-were-taking-today-fight-online-terror/,6/18/2017,8/23/2017
79,Android Security 2015 Year in Review,https://source.android.com/security/reports/Google_Android_Security_2015_Report_Final.pdf,April 2016,8/23/2017
80,Frequently Asked Questions about Google Account and Age Requirements,https://support.google.com/accounts/answer/1333913?hl=en,NA,8/23/2017
81,Transparency Report - Requests for User Information (Country breakdown),https://www.google.com/transparencyreport/userdatarequests/countries/?t=table,NA,8/23/2017
82,Transparency Report - Requests for User information,https://transparencyreport.google.com/user-data/overview,NA,8/23/2017
83,Transparency Report - Requests for User Information (US),https://transparencyreport.google.com/user-data/overview,NA,8/23/2017
84,Transparency Report -User Data Requests US,https://www.google.com/transparencyreport/userdatarequests/US/,NA,8/23/2017
85,User Data Requests FAQs,https://support.google.com/transparencyreport/answer/7380434?hl=en&ref_topic=7380433,NA,8/23/2017
86,Removal requests - United States,https://transparencyreport.google.com/government-removals/by-country,NA,8/24/2017
87,Gmail - Terms of Use,https://www.google.com/mail/help/terms_of_use.html,NA,8/30/2017
88,Android encryption - Full - Disk Encryption,https://source.android.com/security/encryption/full-disk,NA,8/30/2017
89,Google - YouTube Privacy Complaint Process form,https://support.google.com/youtube/answer/142443?hl=en,NA,8/30/2017
90,Google Security White Paper,https://cloud.google.com/security/whitepaper,NA,9/12/2017
91,YouTube - What is Fair Use?,https://youtube.com/yt/copyright/fair-use.html#yt-copyright-protection,NA,9/21/2017
92,Privacy & terms: credit card,https://www.google.com/policies/privacy/example/credit-card.html,NA,9/21/2017
93,Opt out of seeing personalized ads,https://support.google.com/ads/answer/2662922?hl=en,NA,9/21/2017
94,"Turn ""Do Not Track"" on or off",https://support.google.com/chrome/answer/2790761?co=GENIE.Platform%3DDesktop&hl=en,NA,9/21/2017
95,Copyright Infringement Notification Requirements,https://support.google.com/youtube/answer/6005900,NA,9/21/2017
96,Qualifying for Content ID,https://support.google.com/youtube/answer/1311402?hl=en&ref_topic=2778544,NA,9/21/2017
97,Report Inappropriate Reviews,https://support.google.com/googleplay/android-developer/answer/7318385,NA,9/21/2017
98,We want you to understand what data we collect and use.,https://privacy.google.com/intl/en/your-data.html,NA,9/22/2017
99,How data improves Google services,https://privacy.google.com/intl/en/your-data.html?modal_active=your-data-proof-overlay&article_id=c1-p-maps-traffic-1,NA,9/22/2017
100,Take Control,https://privacy.google.com/take-control.html,NA,9/22/2017
101,Privacy Shield complaint form,NA,NA,NA
102,Google State of Play 2017,https://services.google.com/fh/files/misc/state_of_play_report.pdf,2017,1/26/2018
103,Transparency Report - Govt Requests to Remove Content Overview H1 2017,https://transparencyreport.google.com/government-removals/overview,NA,2/6/2018
104,Transparency Report - Govt Requests to Remove Content By Country H1 2017,https://transparencyreport.google.com/government-removals/by-country,NA,2/6/2018
105,Transparency Report - Govt Requests to Remove Content - US report - H1 2017,https://transparencyreport.google.com/government-removals/by-country,NA,2/6/2018
106,Google Terms of Service_ Oct 2017 update,https://policies.google.com/terms?hl=en,"October 25, 2017",4/9/2018
107,Google Privacy Policy _ Dec 2017 update,https://policies.google.com/privacy?hl=en&gl=us,"December 18, 2017",4/9/2018
