Source reference number,Document title,URL,Date of document (if applicable),Date accessed
1,Tencent User Service Agreement (Chinese)/腾讯服务协议,http://www.qq.com/contract.shtml,NA,7/28/2017
2,Tencent Terms of Service (Chinese Traditional)/服務條款,http://www.tencent.com/zh-cn/zc/termsofserviceTraditional.shtml,8/1/2014,7/28/2017
3,Tencent Terms of Service (English),http://www.tencent.com/en-us/zc/termsofservice.shtml,8/1/2014,7/28/2017
4,Qzone Term of Service (Chinese)/QQ空间服务协议,http://qzone.qq.com/web/tk.html,NA,7/28/2017
5,QQ Software License and Service Agreement (Chinese)/QQ软件许可及服务协议,http://ti.qq.com/agreement/index.html,NA,7/28/2017
6,QQ Number Rules(Chinese)/QQ号码规则,http://zc.qq.com/chs/agreement1_chs.html,NA,7/28/2017
7,QQ Software License and Service Agreement (Traditional Chinese)/軟體許可及服務協定,https://ssl.zc.qq.com/cht/agreement1_cht.html,NA,7/28/2017
8,QQ Software License Agreement (English),https://ssl.zc.qq.com/en/agreement1_en.html,NA,7/28/2017
9,WeChat Software License and Service Agreement (Simplified Chinese)/腾讯微信软件许可及服务协议,http://weixin.qq.com/cgi-bin/readtemplate?uin=&stype=&promote=&fr=www.baidu.com&lang=zh_CN&ADTAG=&check=false&nav=faq&t=weixin_agreement&s=default,NA,7/28/2017
10,WeChat Terms of Service (Traditional Chinese) / WeChat服務條款,http://www.wechat.com/zh_TW/service_terms.html,11/13/2015,7/28/2017
11,WeChat Terms Of Service (English),http://www.wechat.com/en/service_terms.html,11/13/2015,7/28/2017
12,Privacy Policy (Simplied Chinese)/隐私政策,http://www.qq.com/privacy.htm,NA,7/28/2017
13,Privacy Policy (Traditional Chinese)/隐私政策,http://www.tencent.com/zh-cn/zc/privacypolicyTraditional.shtml,8/1/2014,7/28/2017
14,Privacy Policy (English),http://www.tencent.com/en-us/zc/privacypolicy.shtml,8/1/2014,7/28/2017
15,WeChat Privacy Policy (Traditional Chinese)/WeChat私隱政策,http://www.wechat.com/zh_TW/privacy_policy.html,11/13/2015,7/28/2017
16,WeChat Privacy Policy (English),http://www.wechat.com/en/privacy_policy.html,11/13/2015,7/28/2017
17,Tencent Cookies Policy / Cookies政策 (Traditional Chinese),http://www.tencent.com/zh-cn/zc/cookiespolicyTraditional.shtml,8/1/2014,8/3/2017
18,Tencent Cookies Policy (English),http://www.tencent.com/en-us/zc/cookiespolicy.shtml,8/1/2014,8/3/2017
19,Tencent Acceptable Use Policy / 允许使用政策 (Traditional Chinese),http://www.tencent.com/zh-cn/zc/acceptableusepolicyTraditional.shtml,8/1/2014,8/3/2017
20,Tencent Acceptable Use Policy (English),http://www.tencent.com/en-us/zc/acceptableusepolicy.shtml,8/1/2014,8/3/2017
21,QZone User Rules / QQ空间使用规则,https://qzone.qq.com/web/rule.html,NA,8/3/2017
22,WeChat Private Account Norms / 微信个人帐号使用规范,https://mp.weixin.qq.com/s/_CX-GyypXy-9DF1edBpTvQ,7/13/2017,8/3/2017
23,Wechat Official Account Platform Terms of Service (Chinese)/微信公众平台服务协议,https://mp.weixin.qq.com/cgi-bin/readtemplate?t=home/agreement_tmpl&type=info&lang=zh_CN,NA,8/3/2017
24,WeChat Moments Norms (Chinese)/微信朋友圈使用规范,https://weixin110.qq.com/security/readtemplate?t=security_center_website/article&artid=120813euEJVf150513ei2eae,3/15/2015,8/3/2017
25,Wechat Official Account Platform Regulation (Chinese)/微信公众平台运营规范,https://mp.weixin.qq.com/cgi-bin/readtemplate?t=business/faq_operation_tmpl&type=info&lang=zh_CN&token=,NA,8/3/2017
26,WeChat Customer Service / 微信客服,http://kf.qq.com/product/weixin.html,NA,8/3/2017
27,QQ Security Center - Report Guidance /QQ安全中心举报功能指引,http://aq.qq.com/v2/safe_school/teach_28.shtml,NA,8/5/2017
28,Wechat Personal User Infringement Complaint Guidelines (Chinese)/微信个人用户侵权投诉指引,https://support.weixin.qq.com/cgi-bin/mmsupport-bin/readtemplate?t=page/security_center__personal_infringement,NA,8/6/2017
29,WeChat Security Center - How to File Complaint for Infringement against Personal Account / 如何进行微信个人帐号侵权投诉,https://weixin110.qq.com/security/readtemplate?t=person_report/guide,NA,8/6/2017
30,News About WeChat 2017 Brands Protection Report / 新闻 - 微信“2017品牌维权报告”,https://www.leiphone.com/news/201703/G5eMRsmnxuyj27NR.html,NA,8/6/2017
31,Tencent Security Response Center/腾讯安全应急响应中心,https://security.tencent.com/index.php,NA,8/7/2017
32,Tencent External Threat Intelligence Handling Procedure/腾讯外部威胁情报处理流程,https://security.tencent.com/uploadimg_dir/other/TSRC.pdf,NA,8/7/2017
33,QQ Mail Encryption Function / QQ邮箱加密功能,http://en.mail.qq.com/,NA,8/7/2017
34,"Tencent Customer Service Search Result Of ""Encryption"" (加密) / 腾讯客服“加密”关键字搜索结果",http://kf.qq.com/kf_search.html?search_key=%E5%8A%A0%E5%AF%86&code=A1379,8/8/2017,8/8/2017
35,Tencent Customer Service - Why Messengers/Communications on QQ/TM Are Encypted? / 腾讯客服 － QQ软件/TM软件发送消息/聊天记录为什么会加密？,http://kf.qq.com/faq/120322fu63YV130816qm6Zvu.html,NA,8/8/2017
36,QQ Security Center (Chinese) /QQ安全中心,https://aq.qq.com/cn2/index,NA,8/8/2017
37,QQ Security Center (English),http://aq.qq.com/en/index/en_index?source_id=2882,NA,8/8/2017
38,QQ Security Center - Message Center / QQ安全中心-消息中心,https://aq.qq.com/cn2/message_center/message_center_index,NA,8/8/2017
39,QQ Security Center Mobile App Introduction Webpage / QQ安全中心手机版介绍,https://aq.qq.com/cn2/manage/mbtoken/mbtoken_home?source_id=2228,NA,8/8/2017
40,WeChat Security - Advanced Authentification System / 微信安全 － 帐号保护体系,https://weixin110.qq.com/security/readtemplate?t=security_center_website/school#mod=tips&artid=1208117b2mai150420raM7VJ,NA,8/8/2017
41,"Tencent Customer Service - Search Result of ""Security"" / 腾讯客服 - 关键字“安全”的搜索结果",http://kf.qq.com/kf_search.html?search_key=%E5%AE%89%E5%85%A8&code=,8/8/2017,8/8/2017
42,Tencent Customer Service - How to Protect QZone / 腾讯客服 - 如何保护QQ空间使用安全,http://kf.qq.com/faq/120322fu63YV130422zmeI7n.html,NA,8/8/2017
43,WeChat Security Center / 微信安全中心,https://weixin110.qq.com,NA,8/8/2017
44,"Tencent Customer Service Search Result Of “Complain"" / 腾讯客服 - 关键字“投诉”的搜索结果",http://kf.qq.com/kf_search.html?search_key=%E6%8A%95%E8%AF%89&code=,8/10/2017,8/10/2017
45,QZone Guidance For Complaint Against Infringement ／ QQ空间侵权投诉指引,http://kf.qq.com/touch/faq/120525363IZv150414YbYfau.html?platform=0,NA,8/10/2017
46,QQ Guidance For Reporting / QQ客户端举报指引,http://kf.qq.com/faq/120322fu63YV130422mAjeYJ.html,NA,8/10/2017
47,WeChat Public Account Infringement Complaint Filing Guide (Chinese)/微信公众平台侵权投诉指引,https://mp.weixin.qq.com/cgi-bin/readtemplate?t=home/infringement_tmpl&lang=zh_CN,NA,8/10/2017
48,WeChat Home Page/微信首页,http://weixin.qq.com/,NA,8/16/2017
49,WeChat Privacy Policy Page on the App,N/A,NA,8/18/2017
50,Tencent Open Platform-Guide for Service/腾讯开放平台-服务指引,http://wiki.open.qq.com/wiki/%E6%8A%95%E8%AF%89%E6%8C%87%E5%BC%95,NA,8/21/2017
51,WeChat Updated Privacy Policy/微信隐私保护指引,http://weixin.qq.com/cgi-bin/readtemplate?lang=zh_CN&t=weixin_agreement&s=privacy,8/22/2017,9/18/2017
52,Tencent QQ New User Registration Page,https://ssl.zc.qq.com/v3/index-chs.html?type=0,NA,10/12/2017
53,Tencent QQ Homepage,http://www.qq.com/,NA,10/12/2017
54,QQ FAQ page - How do I check my QQ login history?,http://kf.qq.com/faq/120322fu63YV130422f2uMNn.html,NA,10/10/2017
