Source reference number,Document title,URL,Date of document (if applicable),Date accessed
1,Yahoo Terms of Service,https://policies.yahoo.com/us/en/yahoo/terms/utos/index.htm,The webpage was last updated on 06/13/2017,7/25/2017
2,Yahoo Communications Terms,https://policies.yahoo.com/xw/en/yahoo/terms/product-atos/comms/index.htm,The webpage was last updated on 06/13/2017,7/25/2017
3,Flickr Community Guidelines,https://www.flickr.com/help/guidelines,The webpage was published on 10/1/2014,7/26/2017
4,Tumblr Terms of Service,https://www.tumblr.com/policy/en/terms-of-service,The webpage was last updated on 06/23/2017,7/26/2017
5,Tumblr Community Guidelines,https://www.tumblr.com/policy/en/community,The webpage was last updated on 06/19/2017,7/26/2017
6,Yahoo Community Guidelines,https://policies.yahoo.com/us/en/yahoo/guidelines/index.htm,No date is provided.,7/25/2017
8,Yahoo Transparency FAQs,https://transparency.yahoo.com/faq,No date is provided.,8/3/2017
9,Tumblr Government Transparency Report,https://static.tumblr.com/zyubucd/CIjopeea7/transparencyreport2016b.pdf,"May 9, 2017",8/5/2017
10,Tumblr Copyright and Trademark Transparency Report,https://static.tumblr.com/zyubucd/lCyopeeal/iptransparencyreport2016b.pdf,"May 9, 2017",8/5/2017
11,Yahoo Law Enforcement Response Guidelines,https://transparency.yahoo.com/law-enforcement-guidelines/us,No date is provided,8/7/2017
12,Yahoo Government Removal Requests,https://transparency.yahoo.com/government-removal-requests,No date is provided,8/5/2017
13,Yahoo Global Principles for Responding to Government Requests,https://transparency.yahoo.com/principles,No date is provided,8/5/2017
14,Yahoo Copyright and IP Policy,https://policies.yahoo.com/us/en/yahoo/ip/index.htm,No date is provided,8/5/2017
15,Yahoo Report abusive articles comments,https://help.yahoo.com/kb/report-inappropriate-comment-abuse-sln6657.html,No date is provided,8/5/2017
16,Report abuse on Yahoo Answers,https://help.yahoo.com/kb/account/report-abuse-yahoo-answers-sln4218.html,No date is provided,8/5/2017
17,Tumblr Law Enforcement Guidelines,https://www.tumblr.com/docs/en/law_enforcement,No date is provided,8/7/2017
18,"Tumblr, Reporting offensive content",https://tumblr.zendesk.com/hc/en-us/articles/226270628-Reporting-offensive-content,No date is provided,8/6/2017
19,Yahoo Sign-up Page,https://help.yahoo.com/kb/SLN2056.html,No data is provided,8/10/2017
20,Yahoo Privacy Policy,https://policies.yahoo.com/us/en/yahoo/privacy/index.htm,The page was last updated on 6/13/2017,7/27/2017
21,Tumblr Privacy Policy,https://www.tumblr.com/policy/en/privacy,The page was last updated on 6/13/2017,7/27/2017
22,Flickr Privacy Practices,https://policies.yahoo.com/us/en/yahoo/privacy/products/flickr/index.htm,No date is provided.,7/27/2017
23,Yahoo Third Parties page,https://policies.yahoo.com/us/en/yahoo/privacy/topics/thirdparties/index.htm,No date is provided.,8/10/2017
24,Data Storage and Anonymization,https://policies.yahoo.com/us/en/yahoo/privacy/topics/datastorage/index.htm,No date is provided.,8/10/2017
25,Yahoo Privacy Controls,https://policies.yahoo.com/us/en/yahoo/privacy/tools/index.htm,No date is provided.,8/10/2017
26,Yahoo Ad Interest Manager,https://aim.yahoo.com/aim/us/en/optout/,No date is provided.,8/10/2017
27,Yahoo Mail FAQ,https://policies.yahoo.com/us/en/yahoo/privacy/products/mail/faq/index.htm,No date is provided.,8/10/2017
28,Save information from your Yahoo account,https://help.yahoo.com/kb/SLN15129.html,No date is provided.,8/10/2017
29,Backup email options in Yahoo Mail,https://help.yahoo.com/kb/SLN5033.html,No date is provided.,8/10/2017
30,Download photos in Flickr,https://help.yahoo.com/kb/flickr/download-photos-flickr-sln7291.html?impressions=true,No date is provided.,8/10/2017
31,Tumblr Backups,https://staff.tumblr.com/post/286303145/tumblr-backup-mac-beta,12/16/2009,8/10/2017
32,Yahoo Beacons & SDKs,https://policies.yahoo.com/us/en/yahoo/privacy/topics/webbeacons/,No date is provided.,8/11/2017
33,Yahoo DNT,https://yahoopolicy.tumblr.com/post/84363620568/yahoos-default-a-personalized-experience,04/30/2014,8/11/2017
34,Flickr Web Embeds,http://blog.flickr.net/en/2013/12/18/flickr-web-embeds/,12/18/2013,8/11/2017
35,Yahoo Government Data Requests,https://transparency.yahoo.com/government-data-requests,No date is provided (most likely December 2016),8/6/2017
36,Security at Yahoo,https://policies.yahoo.com/us/en/yahoo/privacy/topics/security/index.htm,No date is provided,8/7/2017
37,Yahoo Bug Bounty Program,https://hackerone.com/yahoo,The page was last updated on 8/1/2017,8/8/2017
38,Reporting Security Issues on Yahoo,https://safety.yahoo.com/Security/REPORTING-ISSUES.html,No date is provided,8/8/2017
39,Tumblr Bug Bounty Program,https://tumblr.zendesk.com/hc/en-us/articles/234583348-Bug-Bounty-Program,The page was last updated on 8/6/2017,8/8/2017
40,Security Resources on Yahoo,https://safety.yahoo.com/Security/SECURITY_RESOURCES.html,No date is provided,8/8/2017
41,Tumblr Security and Exploit Reports,https://www.tumblr.com/security,No date is provided,8/8/2017
42,Status Update: Encryption at Yahoo,https://yahoo.tumblr.com/post/81529518520/status-update-encryption-at-yahoo,4/2/2014,8/9/2017
44,User-Focused Security: End-to-End Encryption Extension for Yahoo Mail),https://yahoo.tumblr.com/search/yahoo%20mail%20end%20to%20end%20encryption,3/15/2015,8/9/0107
45,Tumblr Account Security: Encryption,https://tumblr.zendesk.com/hc/en-us/articles/226273528-Encryption,The page was last updated on 8/8/2017,8/9/2017
46,Find and remove unusual activity on your Yahoo account,https://help.yahoo.com/kb/recent-activity-page-sln2073.html,No date is provided,8/9/2017
47,Received an access notification,https://help.yahoo.com/kb/SLN7125.html,No date is provided,8/9/2017
48,Safety Center: Security,https://safety.yahoo.com/Security/index.htm,No date is provided,8/9/2017
49,Secure your Yahoo account,https://help.yahoo.com/kb/SLN2080.html,No date is provided,8/9/2017
50,Yahoo Users First,https://transparency.yahoo.com/users-first/#usersfirst,No date is provided,8/5/2017
51,Tumblr Transparency Report Page,https://www.tumblr.com/transparency,No date is provided,8/12/2017
52,Working to redefine “business as usual”,https://yahoobhrp.tumblr.com/post/161507454224/working-to-redefine-business-as-usual,6/1/2017,8/9/2017
53,Yahoo Human Rights Program: About us,https://yahoobhrp.tumblr.com/post/75544734087/yahoo-business-human-rights-program-yahoo,No datae is provided,8/9/2017
54,Yahoo's Code of Ethics,http://files.shareholder.com/downloads/YHOO/2872192808x0x239565/4F32DDD0-82E5-47C2-AC71-75403EBBB404/CodeOfEthics_Ext_1008.pdf,9/1/2011,8/9/2017
55,Yahoo Human Rights Impact Assessments,https://yahoobhrp.tumblr.com/post/75507678786/human-rights-impact-assessments-yahoo-has,No data is provided,8/9/2017
56,GNI Public Report on the 2015/2016 Independent Company Assessments,http://globalnetworkinitiative.org/sites/default/files/Public-Report-2015-16-Independent-Company-Assessments.pdf,7/6/2016,8/9/2017
57,GNI Board of Directors,http://globalnetworkinitiative.org/content/gni-board-directors,8/2/2016,8/12/2017
58,Yahoo Once Again Meets Its GNI Commitments to Online Free Expression and Privacy,https://yahoobhrp.tumblr.com/post/147074104524/yahoo-once-again-meets-its-gni-commitments-to,2016,8/12/2017
59,Global Government Surveillance Reform,https://www.reformgovernmentsurveillance.com/,No data is provided,8/13/2017
60,Yahoo Help: Appeal a violation notice,https://help.yahoo.com/kb/SLN4211.html,No data is provided,8/10/2017
61,Yahoo Counter Notification,https://policies.yahoo.com/us/en/yahoo/ip/counter-notification/index.htm,No data is provided,8/10/2017
62,Help Central: Reactivate a Yahoo account,https://help.yahoo.com/kb/SLN2624.html,No data is provided,8/10/2017
65,Tumblr Privacy Violation,https://www.tumblr.com/abuse/privacy,No data is provided,8/10/2017
66,Cookies and Similar Technologies,https://policies.yahoo.com/us/en/yahoo/privacy/topics/cookies/index.htm,No data is provided,8/10/2017
67,Import and export contacts in Yahoo Mail,https://help.yahoo.com/kb/SLN22580.html,NA,9/12/2017
68,DMCA Copyright Notifications,https://www.tumblr.com/dmca,NA,9/13/2017
69,Yahoo Analytics,https://policies.yahoo.com/us/en/yahoo/privacy/topics/analytics/index.htm,NA,9/12/2017
70,Important Security Information for Yahoo Users,https://yahoo-security.tumblr.com/post/154479347085/important-security-information-for-yahoo-users,12/14/2016,8/8/2017
71,Tumblr Staff Posts,https://staff.tumblr.com/post/144263069415/we-recently-learned-that-a-third-party-had,5/12/2016,8/8/2017
72,Tumblr Account Security: Two-factor Authentication,https://tumblr.zendesk.com/hc/en-us/articles/226270148-Two-factor-authentication,8/9/2017,8/9/2017
73,Tumblr Account Security: Account Activity,https://tumblr.zendesk.com/hc/en-us/articles/226271988-Account-activity,8/8/2017,8/9/2017
74,Tumblr Account Security: Protecting your account,https://tumblr.zendesk.com/hc/en-us/articles/226178987-Protecting-your-account,8/8/2017,8/9/2017
75,Closed Captioning Feedback,https://policies.yahoo.com/us/en/yahoo/cc/index.htm,No data is provided,8/10/2017
76,Yahoo TOS - Spanish,https://policies.yahoo.com/us/es/yahoo/terms/utos/index.htm,6/13/2017,8/17/2017
77,Yahoo Privacy Policy - Spanish,https://policies.yahoo.com/us/es/yahoo/privacy/index.htm,6/13/2017,8/17/2017
78,SF Chronicle story on E2E email encryption,http://www.sfchronicle.com/business/article/Yahoo-Google-still-working-on-end-to-end-10872573.php,1/21/2017,8/18/2017
79,Oath Business and Human Rights Program,https://www.oath.com/our-story/business-and-human-rights/,2018,1/23/2018
79a,Oath Business and Human Rights Program (slide 3),https://www.oath.com/our-story/business-and-human-rights/,2018,1/23/2018
80,Our Oath: Put Consumers First,https://transparency.oath.com/our-oath-put-consumers-first.html,NA,1/23/2018
81,Oath Standards of Business Conduct,https://s.aolcdn.com/oath/global/Oath_SBC_10-19-17.pdf,10/19/2017,1/23/2018
82,Yahoo location management tool,https://policies.yahoo.com/us/en/yahoo/privacy/topics/location/,NA,1/25/2018
83,Tumblr Ads and You,https://tumblr.zendesk.com/hc/en-us/articles/231707827-Tumblr-ads-and-you,NA,1/25/2018
84,Oath HRIAs,https://www.oath.com/our-story/business-and-human-rights/our-initiatives/hria/,NA,1/25/2018
85,Oath Transparency Report - Gov Data Requests,https://transparency.oath.com/government-data-requests.html,NA,1/26/2018
86,Oath Transparency Report - FAQ and Glossary,https://transparency.oath.com/faq-glossary.html,NA,1/26/2018
87,Oath - Global Principles for Responding to Gov Requests,https://transparency.oath.com/global-principles.html,NA,1/26/2018
88,Oath Government Data Requests - Data,https://transparency.oath.com/government-data-requests.html,NA,1/26/2018
89,Oath Government Data Requests - US report,https://transparency.oath.com/US-JAN-JUN-2017.html,NA,NA
90,Yahoo Content Moderation policy,https://safety.yahoo.com/Resources/CONTENT-MODERATION-YAHOO.html,NA,1/28/2018
91,Oath BHRP - Our approach,https://www.oath.com/our-story/business-and-human-rights/our-program/,NA,1/29/2018
92,Oath - The GNI principles,https://www.oath.com/our-story/business-and-human-rights/our-initiatives/gni/,NA,1/29/2018
93,Users First - Our Vulnerabilities Disclosure Program,https://yahoopolicy.tumblr.com/post/104777538533/users-first-our-vulnerability-disclosure-policy,NA,1/29/2018
94,Oath Transparency Report - Government Removal Requests,https://transparency.oath.com/government-removal-requests.html,NA,1/29/2018
95,Tumblr Transparency Report - Copyright and Trademark,https://static.tumblr.com/uhwk34h/idlp19nvc/iptransparencyreport2017b_2.pdf,NA,1/29/2018
96,GNI participants,https://globalnetworkinitiative.org/participants/index.php,NA,1/29/2018
97,Yahoo Help Center,https://help.yahoo.com/kb/SLN6349.html,NA,2/6/2018
98,Yahoo Terms of Service - Jan 2018 update,https://policies.yahoo.com/us/en/yahoo/terms/utos/index.htm,1/2/2018,4/9/2018
