...1,Document title,URL,Date of document (if applicable),Date accessed
1,AT&T Prepaid Terms of Service,https://www.att.com/legal/terms.prepaidServiceAgreement.html,N/A,7/26/2017
2,AT&T Prepaid Terms of Service - Spanish,https://www.att.com/es-us/legal/terms.prepaidServiceAgreement.html,N/A,7/26/2017
3,AT&T Wireless Customer Agreement (Postpaid TOS),https://www.att.com/legal/terms.wirelessCustomerAgreement.html,N/A,7/26/2017
4,AT&T Wireless Customer Agreement (Postpaid TOS) - Spanish,https://www.att.com/es-us/legal/terms.wirelessCustomerAgreement.html,N/A,7/26/2017
5,AT&T Acceptable Use Policy,https://www.att.com/legal/terms.aup.html,"Feb. 1, 2017",7/26/2017
6,AT&T Acceptable Use Policy - Spanish,https://www.att.com/es-us/legal/terms.aup.html,"Feb. 1, 2017",7/26/2017
7,AT&T Internet Terms of Service,https://www.att.com/legal/terms.internetAttTermsOfService.html,"Mar. 22, 2017",7/26/2017
8,AT&T Internet Terms of Service - Spanish,https://www.att.com/es-us/legal/terms.internetAttTermsOfService.html,"Mar. 22, 2017",7/26/2017
9,AT&T Privacy Policy,http://about.att.com/sites/privacy_policy,"May 2, 2017",7/26/2017
10,AT&T Privacy Policy - Spanish,https://www.att.com/es-us/sdabout/sites/privacy_policy,"May 2, 2017",7/26/2017
11,View past AT&T PREPAID usage,https://www.att.com/esupport/article.html#!/wireless/KM1048301,N/A,7/27/2017
12,View past wireless usage,https://www.att.com/esupport/article.html#!/wireless/KM1048294,N/A,7/27/2017
13,Manage your home Internet data usage,https://www.att.com/esupport/article.html#!/u-verse-high-speed-internet/KM1116099,N/A,7/27/2017
14,[Video Transcript] How to Check Your Broadband Usage,https://www.att.com/esupport/article.html#!/u-verse-high-speed-internet/KM1116099,N/A,7/27/2017
15,AT&T Copyright Infringement Policy,https://www.att.com/legal/terms.dmca.html,N/A,7/28/2017
16,AT&T Human Rights In Communication Policy,http://about.att.com/content/dam/csr/FAQpdfs/Human_Rights_Communications_Policy.pdf,2010,7/28/2017
17,AT&T Broadband Information,https://www.att.com/gen/public-affairs?pid=20879,"April 24, 2017",7/28/2017
18,AT&T's Second Report on its implementation of the Telco ID principles,https://about.att.com/content/dam/csr/PDFs/ATT_Industry_Dialogue_Reporting_Matrix.pdf,Jan. 2017,7/28/2017
19,AT&T's Feb. 2017 Transparency Report,http://about.att.com/content/dam/csr/Transparency%20Reports/Feb-2017-Transparency-Report.pdf,Feb. 2017,7/28/2017
20,AT&T's Code of Business Conduct,https://ebiznet.sbc.com/attcode/assets/EnglishCOBC.pdf,April 2017,7/28/2017
21,FCC Enforcement Action Against AT&T,https://apps.fcc.gov/edocs_public/attachmatch/DA-15-399A1.pdf,"April 8, 2015",7/28/2017
22,AT&T Network Security Issue Brief,http://about.att.com/content/csr/home/issue-brief-builder/people/network-security.html,July 2017,7/28/2017
23,AT&T Information & Network Security Customer Reference Guide,http://csrc.nist.gov/cyberframework/rfi_comments/040813_att_reference_guide_part2.pdf,Feb. 2013,7/28/2017
24,AT&T's Bug Bounty Program,https://bugbounty.att.com/,N/A,7/28/2017
25,AT&T's Bug Bounty Program Reporting Process,https://bugbounty.att.com/rewards.php,N/A,7/28/2017
26,AT&T's Bug Bounty Program FAQ,https://bugbounty.att.com/faq.php,N/A,7/28/2017
27,AT&T's Fraud and security resources,https://www.att.com/support/fraud-and-security.html,N/A,7/28/2017
28,AT&T's Protecting Freedom of Expression Issue Brief,http://about.att.com/content/csr/home/issue-brief-builder/people/protecting-freedom-of-expression.html,July 2017,7/28/2017
29,AT&T's Protecting Privacy Issue Brief,http://about.att.com/content/csr/home/issue-brief-builder/people/protecting-privacy.html,July 2017,7/28/2017
30,AT&T's Corporate Reputation Public Policy Board Committee Charter,https://investors.att.com/~/media/Files/A/ATT-IR/committees-and-charters/public-policy-and-corporate-reputation.pdf,"April 27, 2012",7/28/2017
31,AT&T's Corporate Leadership David Huntley,https://investors.att.com/corporate-governance/leadership,N/A,7/28/2017
32,GNI Current Membership,http://globalnetworkinitiative.org/participants/index.php?qt-gni_participants=1#qt-gni_participants,N/A,10/23/2017
33,"AT&T ""File a complaint""",https://www.att.com/esupport/article.html#!/wireless/KM1041856,none,10/23/2017
34,AT&T's August 2017 Transparency Report,http://about.att.com/content/dam/csr/Transparency%20Reports/Aug-2017-TransparencyReport.pdf,8/8/2017,2/6/2018
