Source reference number,Document title,URL,Date of document (if applicable),Date accessed
1,Contrat de l'offre mobile Orange (contract of the Orange mobile offer),https://boutique.orange.fr/doc/contrat2006.pdf,2006 (last uploaded version 7/6/2017),7/27/2017
2,Conditions générales des offres Livebox (general conditions of Livebox offers),https://boutique.orange.fr/doc/contrat4783.pdf,7/6/2017,7/28/2017
3,Conditions générales d'abonnement découverte (general subscription conditions of the découverte offer),https://boutique.orange.fr/doc/contrat1757.pdf,7/6/2017,7/28/2017
4,Conditions générales d'abonnement de l'offre sociale internet (social internet offer subscriptions conditions),https://boutique.orange.fr/doc/contrat3512.pdf,7/6/2017,7/28/2017
5,Conditions générales d’abonnement au service téléphonique fixe (fixed telephony service subscription conditions),https://boutique.orange.fr/doc/contrat2436.pdf,2/9/2017,7/28/2017
6,Conditions générales d’abonnement au service téléphonique Orange Internet (Orange Internet fixed telephony service subscription conditions),https://boutique.orange.fr/doc/contrat3507.pdf,2/9/2017,7/28/2017
7,Charte protection des données personnelles et de la vie privée (Orange charter for personal data protection and privacy),https://bienvivreledigital.orange.fr/mes-donnees-mon-identite/charte-protection-des-donnees-personnelles-et-de-la-vie-privee,January 2010 (updated December 2014),7/28/2017
8,Conditions générales de Vente et d’Abonnement de l’offre Homelive (Homelive offer sale and subscription conditions),https://boutique.orange.fr/doc/contrat4433.pdf,7/5/2017,7/31/2017
9,2016 Orange Transparency Report on Freedom of Expression and Privacy Protection,https://www.orange.com/en/content/download/43262/1315009/version/2/file/2017%20RAPPORT%20DE%20TRANSPARENCE_20.06.2017_final_eng.pdf,6/20/2017,8/1/2017
10,Internet for all,https://www.orange.com/en/Group/Committed-to-Europe/Orange-s-Position/Our-positions/Folder/internet-for-all,3/19/2015,8/2/2017
11,The Net Neutrality debate: Orange defends a sustainable and open public internet for all consumers,https://www.orange.com/en/content/download/2360/89457/version/11/file/Net_Neutrality_Orange+position_july+2014.pdf,07/2014,8/2/2017
12,Demande d’accès à vos données personnelles (eng: Request to access your personal data),https://assistance.orange.fr/medias/woopic/files/content/download/146417/8020345/version/2/file/formulaire_exercice_droit_d_acces_aux_donnees_personnelles.pdf,N/A,8/7/2017
13,Données personnelles : exercer votre droit de rectification et d’opposition (eng: personal data: exercise your right to correction and opposition),https://assistance.orange.fr/assistance-commerciale/la-gestion-des-informations-personnelles/gerer-les-donnees-personnelles/donnees-personnelles-exercer-votre-droit-de-rectification-et-d-opposition_79793-80800#onglet1,N/A,8/7/2017
14,Comment protéger son smartphone?,https://bienvivreledigital.orange.fr/actu/proteger-son-telephone-mobile,N/A,8/7/2017
15,Comment profiter d'internet en toute sécurité?,https://bienvivreledigital.orange.fr/mes-donnees-mon-identite/internet-securite#list-0,N/A,8/7/2017
16,Respecting human rights,https://www.orange.com/en/Commitments/Responsibility/Our-responsible-commitment/Folder/Respecting-human-rights,5/15/2017,8/8/2017
17,Board of Directors' specialised committees,https://www.orange.com/en/Group/Governance/Board-committees,3/5/2015,8/8/2017
18,The Group Code of Ethics,https://www.orange.com/en/content/download/4813/67906/version/12/file/CHARTE-DE-DEONTOLOGIE_03-10_VA.pdf,N/A,8/8/2017
19,2016 CSR Report,https://www.orange.com/en/content/download/42897/1310465/version/6/file/CSR%202016_Review.pdf,2016,8/8/2017
20,Report on the implementation of Industry Dialogue principles,https://www.orange.com/en/Human-Inside/Corporate-responsibility/Our-commitment/Folder/Respecting-human-rights/TID/Report-on-the-implementation-of-Industry-Dialogue-principles,5/22/2017,8/8/2017
21,Network blocks: operators come together to protect the right to connect,https://www.orange.com/en/Commitments/Responsibility/Our-actions/Trust/Network-blocks-operators-come-together-to-protect-the-right-to-connect,5/2/2017,8/8/2017
22,Industry Dialogue team members: Yves Nissim,https://www.telecomindustrydialogue.org/about/,N/A,8/8/2017
23,Human rights: mapping risk situations,https://www.orange.com/en/actus-courtes-tuiles/responsibility/actions/Engagements/Maplecroft-Impact-Study,4/9/2015,8/9/2017
24,CSR: Respecting Human Rights,https://www.orange.com/en/content/download/41983/1309666/version/4/file/OrangeCSR_0102_HumanRights_170523.pdf,N/A,8/9/2017
25,Board of Directors' internal guidelines,https://www.orange.com/en/content/download/4815/67914/version/12/file/Board%20Internal%20Guidelines%20-%20revised%207%20December%202016%20Version%20EN.pdf,12/7/2016,8/9/2017
26,Global Network Initiative Adds Seven Companies in Milestone Expansion of Freedom of Expression and Privacy Initiative,http://globalnetworkinitiative.org/news/global-network-initiative-adds-seven-companies-milestone-expansion-freedom-expression-and,3/27/2017,10/23/2017
27,Orange and human rights 2016 report,https://www.orange.com/en/content/download/45336/1348812/version/7/file/Report+2016+Orange+Human+Rights+DIGITAL-VA.pdf,NA,1/25/2018
28,Orange Badge of Trust Program,https://partner.orange.com/badge-de-confiance-integration-day/,NA,1/25/2018
29,"“Freedom of expression, a vital part of an operator’s daily activities”",https://www.orange.com/en/Human-Inside/Corporate-responsibility/Our-commitment/Folder/Respecting-human-rights/Folder/Protecting-privacy-and-freedom-of-expression/Folder/suite-1,12/1/2017,1/25/2018
30,Orange Registration Document 2016,https://www.orange.com/en/content/download/30106/838123/version/8/file/ORANGE_VA_2016.pdf,4/1/2017,1/25/2018
