Source reference number,Document title,URL,Date of document (if applicable),Date accessed
1,América Móvil Sustainability webpage,http://www.americamovil.com/about-us/sustainability,N/A,"August 10, 2017"
2,América Móvil Corporate Governance Policies and Code of Ethics,http://www.americamovil.com/sites/default/files/2016-08/Politicas_de_Gobierno_Corporativo_Es.pdf,August 2016,"August 10, 2017"
3,América Móvil Sustainability Report 2015,http://www.americamovil.com/sites/default/files/2016-09/AMX-IS-2015-ingles.pdf,September 2016,"August 10, 2017"
4,América Móvil Sustainability Report 2016,http://www.americamovil.com/sites/default/files/2017-07/AMXIS16ING_1807_Final.pdf,July 2017,"August 10, 2017"
5,América Móvil Letter of Commitment to Global Compact,https://www.unglobalcompact.org/system/commitment_letters/78761/original/AMX.pdf?1456776342,"February 16, 2016","August 10, 2017"
6,América Móvil Board of Directors,http://www.americamovil.com/investor-relations/leadership/board-of-directors,N/A,"August 10, 2017"
7,América Móvil Management Team,http://www.americamovil.com/investor-relations/leadership/management-team,N/A,"August 10, 2017"
8,América Móvil Website Privacy Policy,http://www.americamovil.com/privacy,N/A,"August 10, 2017"
9,América Móvil Group Website,http://www.americamovil.com/,N/A,"August 10, 2017"
10,Federal Law on Telecommunications and Broadcasting,http://www.diputados.gob.mx/LeyesBiblio/pdf/LFTR_270117.pdf,"July 14, 2014","August 10, 2017"
11,Federal Law on Data Protection Possessed by Private Persons,http://www.diputados.gob.mx/LeyesBiblio/pdf/LFPDPPP.pdf,"July 5, 2010","August 10, 2017"
12,Telcel Homepage,http://www.telcel.com/,N/A,"August 10, 2017"
13,Telcel Privacy Policy,http://www.telcel.com/aviso-de-privacidad,"July 30, 2015","August 10, 2017"
14,Telcel Board of Directors,http://www.telcel.com/mundo_telcel/quienes-somos/corporativo/directivos,N/A,"August 10, 2017"
15,Telcel Code of Business Practices,http://www.telcel.com/content/dam/telcelcom/mundo-telcel/quienes-somos/corporativo/codigo-practicas/archivos/practicas-comerciales-telcel.pdf,N/A,"August 10, 2017"
16,Telcel Security Notices,http://www.telcel.com/mundo_telcel/quienes-somos/corporativo/avisos-de-seguridad,N/A,"August 10, 2017"
17,Telcel Security Tips,http://www.telcel.com/content/dam/telcelcom/mundo-telcel/quienes-somos/corporativo/avisos-de-seguridad/archivos/diptico-tips-Telcel.pdf,N/A,"August 10, 2017"
18,Telecommunications User Rights Charter,http://www.telcel.com/content/dam/telcelcom/mundo-telcel/quienes-somos/corporativo/carta-derechos-usuarios/archivos/Carta-de-derechos-de-los-usuarios.pdf,N/A,"August 10, 2017"
19,Telcel Contract,http://www.telcel.com/mundo_telcel/quienes-somos/corporativo/contrato-prestacion-servicios,N/A,"August 10, 2017"
20,Anatel Mobile Privacy Webpage,http://www.anatel.org.mx/privacidad.php,N/A,"August 10, 2017"
21,Telcel Net Neutrality Policy,http://www.telcel.com/mundo_telcel/quienes-somos/corporativo/neutralidad-de-red,N/A,"August 10, 2017"
22,Telcel Terms and Conditions (Websites),http://www.telcel.com/terminos-y-condiciones,N/A,"August 10, 2017"
23,Telcel Fair Use Policy,http://www.telcel.com/mundo_telcel/quienes-somos/corporativo/uso-justo,N/A,"August 10, 2017"
24,Telcel Included Social Networks and Instant Messages Usage Policy,http://www.telcel.com/mundo_telcel/quienes-somos/corporativo/redes-sociales,N/A,"August 10, 2017"
25,Telecommunications Federal Institute Guidelines for the Collaboration on Security and Justice,http://dof.gob.mx/nota_detalle.php?codigo=5418339&fecha=02/12/2015,"December 2, 2015","August 10, 2017"
26,Telcel Data Protection Form,http://www.telcel.com/content/dam/telcelcom/aviso-de-privacidad/documentos/formulario-datos-personales-telcel.pdf,N/A,"August 10, 2017"
