Source reference number,Document title,URL,Date of document (if applicable),Date accessed
1,Microsoft Services Agreement,https://www.microsoft.com/en-US/servicesagreement/,9/15/2016,7/13/2017
2,Summary of Changes to Microsoft Services Agreement,https://www.microsoft.com/en-us/servicesagreement/Updates.aspx,none,7/13/2017
3,Microsoft Privacy Statement (English),https://privacy.microsoft.com/en-us/privacystatement,June 2017,7/17/2017
4,Microsoft Privacy Statement (Spanish),https://privacy.microsoft.com/es-es/privacystatement,June 2017,7/17/2017
5,Change History for Microsoft Privacy Statement,https://privacy.microsoft.com/en-us/Updates,June 2017,7/19/2017
6,Microsoft Privacy Principles,https://privacy.microsoft.com/en-US/,none,7/19/2017
7,How to close your Microsoft account,https://support.microsoft.com/en-us/help/12412/microsoft-account-how-to-close-account,none,7/28/2017
8,Microsoft Salient Human Rights Issues Report FY2016,PDF available here: https://www.microsoft.com/en-us/about/corporate-responsibility/human-rights,2016,7/29/2017
9,"Content Removal Requests Report (H2, 2016)",https://www.microsoft.com/en-us/about/corporate-responsibility/crrr/,"Jul-Dec 2016, published 4/13/2017",7/29/2017
10,Data - Content removal requests (excel),Download available here: https://www.microsoft.com/en-us/about/corporate-responsibility/crrr/,"Jul-Dec 2016, published 4/13/2017",7/29/2017
11,How Bing Delivers Search Results,https://help.bing.microsoft.com/#apex/18/en-us/10016/0,none,7/30/2017
12,Microsoft Security Development Lifecycle,https://www.microsoft.com/en-us/SDL/process/release.aspx,none,7/30/2017
13,Microsoft Bug Bounty Program,https://technet.microsoft.com/en-us/library/dn425036.aspx,none,7/30/2017
14,Bug Bounty FAQ,https://technet.microsoft.com/en-us/library/dn425055.aspx,none,7/30/2017
15,Microsoft Trust Center - Security,https://www.microsoft.com/en-us/trustcenter/security,none,7/30/2017
16,Bing Moving to Encrypt Web Traffic by Default - blog,https://blogs.bing.com/webmaster/2015/06/15/bing-moving-to-encrypt-search-traffic-by-default,6/15/2015,7/30/2017
17,Advancing our encryption and transparency efforts,https://blogs.microsoft.com/on-the-issues/2014/07/01/advancing-our-encryption-and-transparency-efforts/#sm.0001lfyyffs41fehz6o24i5ck4jg3,7/1/2014,7/30/2017
18,Skype support page,https://support.skype.com/en/faq/FA31/does-skype-use-encryption?,none,7/30/2017
19,Online Safety & Security Center,https://www.microsoft.com/en-us/safety,none,7/30/2017
20,About two-step verification,https://support.microsoft.com/en-us/help/12408/microsoft-account-about-two-step-verification,NA,7/31/2017
21,Microsoft recent activity page,https://support.microsoft.com/en-us/help/13782/microsoft-account-what-is-the-recent-activity-page,none,7/31/2017
22,Microsoft Global Human Rights Statement,https://www.microsoft.com/en-us/about/corporate-responsibility/human-rights-statement,none,7/31/2017
23,Microsoft CSR - Human Rights,https://www.microsoft.com/en-us/about/corporate-responsibility/human-rights,updated November 2016,7/31/2017
24,"Global Network Initiative (GNI) Public Report on the 2015/2016
Independent Company Assessments",http://globalnetworkinitiative.org/sites/default/files/Public-Report-2015-16-Independent-Company-Assessments.pdf,7/1/2016,7/31/2017
25,Microsoft Standards of Business Conduct,https://www.microsoft.com/en-us/legal/compliance/sbc/download,NA,7/31/2017
26,Participants - GNI,http://globalnetworkinitiative.org/participants/index.php?qt-gni_participants=1#qt-gni_participants,NA,7/31/2017
27,GNI Assessments,https://globalnetworkinitiative.org/content/independent-assessments,NA,7/31/2017
28,GNI 2014 assessment,https://globalnetworkinitiative.org/sites/default/files/GNI%20Assessments%20Public%20Report.pdf,NA,7/31/2017
29,Microsoft help page - reinstating content/accounts,https://support.microsoft.com/en-us/getsupport?oaspworkflow=start_1.0.0.0&wf=0&wfName=capsub&productkey=ReinstateContent&locale=en-us&ccsid=636196000071872138,none,8/1/2017
30,Revenge porn blog post,https://blogs.microsoft.com/on-the-issues/2015/07/22/revenge-porn-putting-victims-back-in-control/,7/25/2017,8/1/2017
31,Submitting privacy-related requests,https://help.bingads.microsoft.com/apex/index/18/en-US/10013,NA,8/1/2017
32,Request to Block Bing Search Requests Europe,https://www.bing.com/webmaster/tools/eu-privacy-request,NA,8/1/2017
33,Law Enforcement Requests report H2 2016,https://www.microsoft.com/en-us/about/corporate-responsibility/lerr/,NA,8/2/2017
34,National Security Orders report H2 2016,https://www.microsoft.com/en-us/about/corporate-responsibility/fisa,NA,8/2/2017
35,Microsoft Privacy Dashboard,https://account.microsoft.com/account/privacy?refd=privacy.microsoft.com&destrt=privacy-dashboard,NA,8/2/2017
36,Help Page - Exporting Outlook Contacts,https://support.office.com/en-us/article/Export-contacts-from-Outlook-10f09abd-643c-4495-bb80-543714eca73f?ui=en-US&rs=en-001&ad=US,NA,8/2/2017
37,Skype conversation history help page,https://support.skype.com/en/faq/FA392/how-do-i-manage-my-conversation-history-in-skype-for-windows-desktop?q=view+information,NA,8/2/2017
38,Microsoft Terms of Use,https://www.microsoft.com/en-us/legal/intellectualproperty/copyright/default.aspx,7/25/2015,8/14/2017
39,Microsoft - Privacy Statement Update,https://privacy.microsoft.com/en-us/privacystatement,October 2017,10/30/2017
40,"Microsoft - Privacy Statement Update, Spanish",https://privacy.microsoft.com/es-es/privacystatement?PrintView=true,October 2017,10/30/2017
41,Change History for Microsoft Privacy Statement Update,https://privacy.microsoft.com/en-us/Updates,October 2017,10/30/2017
42,Microsoft Raising Integrity Concerns,https://www.microsoft.com/en-us/legal/compliance/sbc/reportaconcern,NA,2/6/2018
43,"Content Removal Requests Report (H1, 2017)",https://www.microsoft.com/en-us/about/corporate-responsibility/crrr/,NA,2/6/2018
44,"Data - Content removal requests (excel - H1, 2017)",NA,NA,2/6/2018
45,Law Enforcement Requests report H1 2017,https://www.microsoft.com/en-us/about/corporate-responsibility/lerr/,NA,2/6/2018
46,National Security Orders report H1 2017,https://www.microsoft.com/en-us/about/corporate-responsibility/fisa,NA,2/6/2018
47,Data Law - Our Practices,https://blogs.microsoft.com/datalaw/our-practices/,NA,2/6/2018
50,Microsoft Salient Human Rights Issues Report FY2017,http://download.microsoft.com/download/6/9/2/692766EB-D542-49A2-AF27-CC8F9E6D3D54/Microsoft_Salient_Human_Rights_Issues_Report-FY17.pdf,11/1/2017,2/5/2018
