Source reference number,Document title,URL,Date of document (if applicable),Date accessed
1,Samsung Service Terms and Conditions (K),https://account.samsung.com/membership/terms,NA,7/31/2017
2,Samsung Service Terms and Conditions (E),https://account.samsung.com/membership/terms,NA,7/31/2017
3,Samsung Galaxy Apps Terms and Conditions (K),https://account.samsung.com/membership/etc/specialTC.do?fileName=samsungapps.html,NA,7/31/2017
4,Samsung Galaxy Apps Terms and Conditions for Buyers (E),https://account.samsung.com/membership/etc/specialTC.do?fileName=samsungapps.html,NA,7/31/2017
5,Samsung Galaxy Apps Seller Office Terms and Conditions (K),https://seller.samsungapps.com/help/termsAndConditions.as?localeLanguage=ko,7/31/2017,7/31/2017
6,Samsung Galaxy Apps Seller Office Terms and Conditions (E),https://seller.samsungapps.com/help/termsAndConditions.as?localeLanguage=en,7/31/2017,7/31/2017
7,Privacy Policy (K),http://www.samsung.com/sec/info/privacy_new/,7/18/2017,7/31/2017
8,Samsung Privacy Policy (E),http://www.samsung.com/us/common/privacy.html,2/10/2015,7/31/2017
9,Privacy Policy (K),https://account.samsung.com/membership/pp,6/15/2017,7/31/2017
10,SAMSUNG GLOBAL PRIVACY POLICY (E),https://account.samsung.com/membership/pp,5/4/2017,7/31/2017
11,Notice (K),https://account.samsung.com/membership/notice/getBoardListInfo.do,NA,8/6/2017
12,Notice (E),https://account.samsung.com/membership/notice/getBoardListInfo.do,NA,8/6/2017
13,Changes Terms and conditions of Samsung Service (K),https://account.samsung.com/membership/notice/getBoardView.do?currentPage=1&postID=N000002826,4/28/2017,8/6/2017
14,Changes Terms and conditions of Samsung Service (E),https://account.samsung.com/membership/notice/getBoardView.do?currentPage=1&postID=N000002830,6/20/2017,8/6/2017
15,Samsung Galaxy Apps Seller Office Privacy Policy (K),https://seller.samsungapps.com/help/privacy.as?channel=common,5/25/2017,8/6/2017
16,Samsung Galaxy Apps Seller Office Privacy Policy,https://seller.samsungapps.com/help/privacy.as?channel=common,NA,8/6/2017
17,자주 묻는 질문: 회원 탈퇴는 어떻게 하나요?[FAQ: How Can I Termination My Membership?],https://help.content.samsung.com/csweb/faq/searchFaq.do,NA,8/7/2017
18,자주 묻는 질문: 회원 탈퇴는 어떻게 합니까?[FAQ: How Can I Terminate My Membership?],https://help.content.samsung.com/csseller/faq/searchFaq.do,NA,8/7/2017
19,Galaxy S8 User Manual (K),http://downloadcenter.samsung.com/content/UM/201707/20170714111705638/SM-G95X_UM_Nougat_Kor_Rev.1.3_170713.pdf,7/14/2017,8/7/2017
20,Galaxy S8 User Manual (E),http://downloadcenter.samsung.com/content/UM/201704/20170428055344107/ATT_SM-G950U_GS8_EN_UM_N_7.0_033017_FINAL_AC.pdf,4/27/2017,8/7/2017
21,Validation Policy (K),http://developer.samsung.com/galaxy/distribute/validation-policy,NA,8/10/2017
22,Validation Policy (E),http://developer.samsung.com/galaxy/distribute/validation-policy,NA,8/10/2017
23,Self-Check List (Mobile Galaxy),http://developer.samsung.com/galaxy/distribute/self-check-list,3/28/2016,8/10/2017
24,FAQ: Are there any Apps that are prohibited (K),https://help.content.samsung.com/csseller/faq/searchFaq.do,NA,8/10/2017
25,FAQ: Are there any Apps that are prohibited (E),https://help.content.samsung.com/csseller/faq/searchFaq.do,NA,8/10/2017
26,Sign Up (K),https://account.samsung.com/account/signUpSelected.do,NA,8/10/2017
27,Sign Up (E),https://account.samsung.com/account/signUp.do,NA,8/10/2017
28,자주 묻는 질문: SMS 인증이 무엇인가요?[FAQ: What is SMS Verification?],https://help.content.samsung.com/csweb/faq/searchFaq.do?svcCd=apps&_common_country=kr&_common_lang=ko,NA,8/10/2017
29,자주 묻는 질문: 실명인증이 되지 않습니다[FAQ: Real Name Verification is not working],https://help.content.samsung.com/csweb/faq/searchFaq.do?svcCd=apps&_common_country=kr&_common_lang=ko,NA,8/10/2017
30,FAQ: What kind of documents do I need if I sign up as a corporate seller? (K),https://help.content.samsung.com/csseller/faq/searchFaq.do,NA,8/10/2017
31,FAQ: What kind of documents do I need if I sign up as a corporate seller? (K),https://help.content.samsung.com/csseller/faq/searchFaq.do,NA,8/10/2017
32,FAQ: Which documents do I have to submit to request commercial status? (K),https://help.content.samsung.com/csseller/faq/searchFaq.do,NA,8/10/2017
33,FAQ: Which documents do I have to submit to request commercial status? (E),https://help.content.samsung.com/csseller/faq/searchFaq.do,NA,8/10/2017
34,Sustainability Report 2017 (K),http://www.samsung.com/sec/aboutsamsung/samsungelectronics/companyReports/companyreports_02/,6/30/2017,8/11/2017
35,Sustainability Report 2017 (E),http://www.samsung.com/us/aboutsamsung/sustainability/sustainabilityreports/,6/30/2017,8/11/2017
36,Business Conduct Guidelines 2016 (K),http://www.samsung.com/sec/aboutsamsung/samsungelectronics/Sustainability/appendices/,NA,8/11/2017
37,Business Conduct Guidelines 2016 (E),http://www.samsung.com/us/aboutsamsung/sustainability/sustainablemanagement/business-conduct-guidelines-2016/,NA,8/11/2017
38,Samsung Security Reporting,http://security.samsungmobile.com/smrreport.html,8/10/2017,8/11/2017
39,Smart TV bug Bounty Program,https://samsungtvbounty.com/,NA,8/11/2017
40,Mobile Security Blog,http://security.samsungmobile.com/introsm.html,NA,8/11/2017
41,많이하는 질문: 다운로드 이용 안내[FAQ: Download Guide],https://www.samsungsvc.co.kr/online/faqView.do?domainId=NODE0000033866&faqId=KNOW0000028805&pageNo=1&coreword1=%C0%AF%BF%EB%C7%D1%20%C1%A6%C7%B0%B0%FC%B7%C3%20%C1%A4%BA%B8&coreword2=%C8%A8%C6%E4%C0%CC%C1%F6%20%C0%CC%BF%EB%BE%C8%B3%BB&node_Id=NODE0000146138&Lcode=%B1%E2%C5%B8&code=S81&selectCtgrCodeFAQ=NODE0000146138,NA,8/11/2017
42,Samsung Knox Security Solution Whitepaper,https://www.samsungknox.com/ko/knox-technology/white-papers,5/2/2017,8/11/2017
43,Samsung on Android White Paper,https://www.samsungknox.com/ko/knox-technology/white-papers,NA,8/11/2017
44,Samsung Android Security Updates,http://security.samsungmobile.com/smrupdate.html,NA,8/11/2017
45,Welcome to Samsung Mobile Security Blog,http://security.samsungmobile.com/,NA,8/11/2017
46,FAQ: What is 2-step verification? (K),https://help.content.samsung.com/csweb/faq/searchFaq.do?svcCd=apps&_common_country=kr&_common_lang=ko,NA,8/11/2017
47,FAQ: What is 2-step verification? (E),https://help.content.samsung.com/csweb/faq/searchFaq.do,NA,8/11/2017
48,FAQ: How do I enable or disable 2-step verification? (K),https://help.content.samsung.com/csweb/faq/searchFaq.do,NA,8/11/2017
49,FAQ: How do I enable or disable 2-step verification? (E),https://help.content.samsung.com/csweb/faq/searchFaq.do,NA,8/11/2017
50,How to Keep a Smartphone From Being Hacked,http://techlife.samsung.com/keep-smartphone-being-hacked-1067.html,NA,8/11/2017
51,Business Principles (K),https://sec-audit.com/kor/basic/basic01.asp,NA,8/11/2017
52,Business Principles (E),https://sec-audit.com/eng/basic/basic01.asp,NA,8/11/2017
53,CEO Message,http://www.samsung.com/us/aboutsamsung/investor_relations/ceomessage/,NA,8/11/2017
54,이사회[Board of Directors],http://www.samsung.com/sec/aboutsamsung/samsungelectronics/executives_02.html,NA,8/11/2017
55,정관[Articles of Incorporation],http://www.samsung.com/sec/aboutsamsung/ir/governance/articles/articles_4.html,3/11/2016,8/11/2017
56,Privacy Policy (K) Update - December 14,https://account.samsung.com/membership/pp,12/14/2017,2/6/2018
57,Our Committment,http://www.samsung.com/sec/info/privacy_new/,NA,2/6/2018
