Source reference number,Document title,URL,Date of document (if applicable),Date accessed
1,Facebook_1_StatementRightsResponsibilities_16July2017,https://www.facebook.com/legal/terms,"January 30th, 2015","July 16th, 2017"
2,Facebook_2_DataPolicy_16July2017,https://www.facebook.com/full_data_use_policy,"September 29th, 2016","July 16th, 2017"
3,Facebook_3_CommunityStandards_16July2017,https://www.facebook.com/communitystandards#helping-to-keep-you-safe,NA,"July 16th, 2017"
4,Facebook_4_ToSLanguages_16July2017,https://www.facebook.com/legal/terms,NA,"July 16th, 2017"
5,Facebook_5_InstagramToS_16July2017,https://help.instagram.com/478745558852511,"January 19th, 2013","July 16th, 2017"
6,Facebook_6_WhatsAppToS_16July2017,https://www.whatsapp.com/legal,"August 25th, 2016","July 16th, 2017"
7,Facebook_7_WhatsAppToSLanguages_16July2017,https://www.whatsapp.com/legal,"August 25th, 2016","July 16th, 2017"
8,Facebook_8_InstagramPrivacyPolicy_16July2017,https://help.instagram.com/155833707900388,"January 19th, 2013","July 16th, 2017"
9,Facebook_9_InstagramPreviousToS_17July2017,https://www.instagram.com/about/legal/terms/before-january-19-2013/,NA,"July 17th, 2017"
10,Facebook_10_WhatsAppToSArchive_18July2017,https://www.whatsapp.com/legal/?doc=terms-of-service&mode=revisions,NA,"July 18th, 2017"
11,Facebook_11_IPVideoProtection_19July2017,https://www.facebook.com/help/348831205149904?helpref=search&sr=3&query=flag,NA,"July 19th, 2017"
12,Facebook_12_HowtoReportThings_19July2017,https://www.facebook.com/help/www/181495968648557,NA,"July 19th, 2017"
13,Facebook_13_InfoLawEnforcement_19July2017,https://www.facebook.com/safety/groups/law/guidelines/,NA,"July 19th, 2017"
14,Facebook_14_AccountDisabled_19July2017,https://www.facebook.com/help/103873106370583?helpref=search&sr=1&query=disable%20account,NA,"July 19th, 2017"
15,Facebook_15_InstagramCommunityGuidelines_19July2017,https://help.instagram.com/477434105621119/?helpref=hc_fnav,NA,"July 19th, 2017"
16,Facebook_16_WhatsAppPrivacyPolicyChangeLog_22July2017,https://www.whatsapp.com/legal/?doc=privacy-policy&mode=revisions,NA,"July 22nd, 2017"
17,Facebook_17_CookiesPolicy_22July2017,https://www.facebook.com/policies/cookies/,"March 20th, 2017","July 22nd, 2017"
18,Facebook_18_InstagramAboutCookies_22July2017,https://www.instagram.com/legal/cookies/,NA,"July 22nd, 2017"
19,Facebook_19_GovtRequestsReportFAQ_22July2017,https://govtrequests.facebook.com/faq/,NA,"July 22nd, 2017"
20,Facebook_20_PrivacyApps&Websites_22July2017,https://www.facebook.com/help/403786193017893/,NA,"July 22nd, 2017"
21,Facebook_21_PermanentlyDeleteAccount_24July2017,https://www.facebook.com/help/224562897555674?helpref=faq_content,NA,"July 24th, 2017"
22,Facebook_22_DeleteOrDeactivateAccount_24July2017,https://www.facebook.com/help/250563911970368/?helpref=hc_fnav,NA,"July 24th, 2017"
23,Facebook_23_InstagramInformationLawEnforcement_24July2017,https://help.instagram.com/494561080557017/?helpref=hc_fnav,NA,"July 24th, 2017"
24,Facebook_24_AdPreferences_24July2017,https://www.facebook.com/help/247395082112892?helpref=search&sr=1&query=How%20can%20I%20view%20and%20adjust%20my%20ad%20preferences,NA,"July 24th, 2017"
25,Facebook_25_InstagramAdPreferences_24July2017,https://help.instagram.com/615366948510230?helpref=search&sr=1&query=ad%20i%20don%27t%20like,NA,"July 24th, 2017"
26,Facebook_26_AccessingYourFacebookData_24July2017,https://www.facebook.com/help/405183566203254/,NA,"July 24th, 2017"
27,Facebook_27_DownloadingYourInfo_24July2017,https://www.facebook.com/help/131112897028467?helpref=page_content,NA,"July 24th, 2017"
28,Facebook_28_WhatsAppExportChatHistory_24July2017,https://faq.whatsapp.com/en/s60/21055276/,NA,"July 24th, 2017"
29,Facebook_29_WhatsAppSaveChatHistory_24July2017,https://faq.whatsapp.com/en/s60/23245511,NA,"July 24th, 2017"
30,Facebook_30_WhatsAppInfoLawEnforcement_25July2017,https://faq.whatsapp.com/en/general/26000050/?category=5245250,NA,"July 25th, 2017"
31,Facebook_31_CopyrightHelpCenter_25July2017,https://www.facebook.com/help/1020633957973118/?helpref=hc_fnav,NA,"July 25th, 2017"
32,Facebook_32_ExperiencesGNIAssessmentNewsroom_25July2017,https://newsroom.fb.com/news/h/facebooks-experiences-with-the-gni-independent-assessment-2/,NA,"July 25th, 2017"
33,Facebook_33_InstagramRemovedContentCopyright_25July2017,https://help.instagram.com/585021874940806?helpref=search&sr=2&query=content+removal,NA,"July 25th, 2017"
34,Facebook_34_InstagramRemovedContentTrademark_25July2017,https://help.instagram.com/576171622509150?helpref=search&sr=1&query=content+removal,NA,"July 25th, 2017"
35,Facebook_35_InstagramDisabledAccount_25July2017,https://help.instagram.com/366993040048856,NA,"July 25th, 2017"
36,Facebook_36_NamesAllowed_25July2017,https://www.facebook.com/help/112146705538576,NA,"July 25th, 2017"
37,Facebook_37_TypesIDAccepted_25July2017,https://www.facebook.com/help/159096464162185?helpref=faq_content,NA,"July 25th, 2017"
38,Facebook_38_ImagePrivacyRights_26July2017,https://www.facebook.com/help/428478523862899,NA,"July 26th, 2017"
39,Facebook_39_TrademarkHelpCenter_26July2017,https://www.facebook.com/help/507663689427413/?helpref=hc_fnav,NA,"July 26th, 2017"
40,Facebook_40_GovernmentReport2016H2_26July2017,https://govtrequests.facebook.com/,NA,"July 26th, 2017"
41,Facebook_41_AboutTheReports_28July2017,https://govtrequests.facebook.com/about/,NA,"July 28th, 2017"
42,Facebook_42_LawEnforcementThirdPartyMatters_29July2017,https://www.facebook.com/help/473784375984502,NA,"July 29th, 2017"
43,Facebook_43_USGovtReport_29July2017,https://govtrequests.facebook.com/country/United%20States/2016-H2/,NA,"July 29th, 2017"
44,Facebook_44_CodeOfConduct_29July2017,https://s21.q4cdn.com/399680738/files/doc_downloads/governance_documents/Code-of-Conduct_2017-Updates-(June-2017-Update-IR-page).pdf,"June 1st, 2017","July 29th, 2017"
45,Facebook_45_GNI2014AnnualReport_29July2017,https://globalnetworkinitiative.org/sites/default/files/2014%20Annual%20Report.pdf,NA,"July 29th, 2017"
46,Facebook_46_WhiteHat_29July2017,https://www.facebook.com/whitehat,"June 7th, 2017","July 29th, 2017"
47,Facebook_47_SpamFightersPost_29July2017,https://www.facebook.com/notes/facebook-security/cyber-security-awareness-month-meet-the-facebook-spam-fighters/10153814787555766/,NA,"July 29th, 2017"
48,Facebook_48_NotificationsTargetedAttacks_29July2017,https://www.facebook.com/notes/facebook-security/notifications-for-targeted-attacks/10153092994615766/,NA,"July 29th, 2017"
49,Facebook_49_ImportantMessageWhiteHatProgram_29July2017,https://www.facebook.com/notes/facebook-security/important-message-from-facebooks-white-hat-program/10151437074840766/,"June 21st, 2013","July 29th, 2017"
50,Facebook_50_SecureBrowsingByDefault_29July2017,https://www.facebook.com/notes/facebook-engineering/secure-browsing-by-default/10151590414803920,"July 31st, 2013","July 29th, 2017"
51,Facebook_51_MakingConnectionsMoreSecure_29July2017,https://www.facebook.com/notes/protect-the-graph/making-connections-to-facebook-more-secure/1526085754298237/,"October 31st, 2014","July 29th, 2017"
52,Facebook_52_SecretConversations_29July2017,https://www.facebook.com/help/messenger-app/1084673321594605/?helpref=hc_fnav,NA,"July 29th, 2017"
53,Facebook_53_WhatsAppEndToEndEncryption_29July2017,https://faq.whatsapp.com/en/general/28030015,NA,"July 29th, 2017"
54,Facebook_54_2FactorAuthentication_30July2017,https://www.facebook.com/help/148233965247823,NA,"July 30th, 2017"
55,Facebook_55_AlertsUnrecognizedLogins_30July2017,https://www.facebook.com/help/162968940433354?helpref=faq_content,NA,"July 30th, 2017"
56,Facebook_56_Instagram2FactorAuthentication_30July2017,https://help.instagram.com/566810106808145?helpref=search&sr=1&query=two-factor,NA,"July 30th, 2017"
57,Facebook_57_WhatsAppVerifyingYourNumber_30July2017,https://faq.whatsapp.com/en/iphone/20902747,NA,"July 30th, 2017"
58,Facebook_58_WhatsAppTemporarilyBannedMessage_30July2017,https://faq.whatsapp.com/en/28030003/?category=5245246,NA,"July 30th, 2017"
59,Facebook_59_SecurityTips_30July2017,https://www.facebook.com/help/379220725465972/,NA,"July 30th, 2017"
60,Facebook_60_InstagramSecurityTips_30July2017,https://help.instagram.com/369001149843369,NA,"July 30th, 2017"
61,Facebook_61_WhatsAppStayingSafe_30July2017,https://faq.whatsapp.com/en/general/21197244,NA,"July 30th, 2017"
62,Facebook_62_FacebookPrinciples_30July2017,https://www.facebook.com/principles.php,NA,"July 30th, 2017"
63,Facebook_63_GNI2015-16IndependentCompanyAssessments_30July2017,http://globalnetworkinitiative.org/sites/default/files/Public-Report-2015-16-Independent-Company-Assessments.pdf,July 2016,"July 30th, 2017"
64,Facebook_64_EU-USPrivacyShield_30July2017,https://m.facebook.com/about/privacyshield,NA,"July 30th, 2017"
65,Facebook_65_InstagramAfterSubmitClaimCopyrightInfringement_30July2017,https://help.instagram.com/746718085394495,NA,"July 30th, 2017"
66,Facebook_66_InstagramCopyrightCounterNotice_30July2017,https://help.instagram.com/1445818549016877,NA,"July 30th, 2017"
67,Facebook_67_ExposedPrivateInformation_30July2017,https://help.instagram.com/122717417885747/?helpref=hc_fnav,NA,"July 30th, 2017"
68,Facebook_68_SecurityWhitehatHackers_10Aug2017,https://www.facebook.com/security/posts/10154333075936886:0,"October 12, 2016","August 10, 2017"
69,Facebook_69_TransparencyReportIndia_11Aug2017,https://govtrequests.facebook.com/country/India/2016-H2/,NA,"August 11, 2017"
70,Facebook_70_CompanyLeadership_13Aug2017,https://newsroom.fb.com/company-info/,NA,"August 13, 2017"
71,Improvements in protecting the integrity of activity on Facebook,https://www.facebook.com/notes/facebook-security/improvements-in-protecting-the-integrity-of-activity-on-facebook/10154323366590766,NA,"August 31, 2017"
72,Explore Your Activity Log,https://www.facebook.com/help/activitylog,NA,"September 1, 2017"
73,Hard Questions: How We Counter Terrorism,https://newsroom.fb.com/news/2017/06/how-we-counter-terrorism/,"June 15, 2017","September 5, 2017"
74,WhatsApp Two Step Verification,https://faq.whatsapp.com/en/android/26000021/,NA,1/24/2018
75,Facebook help page: How does Facebook decide which ads to show me and how can I control the ads I see?,https://www.facebook.com/help/562973647153813?helpref=faq_content,NA,1/24/2018
76,Hard Questions: Hate Speech,https://newsroom.fb.com/news/2017/06/hard-questions-hate-speech/,"June 27, 2017",1/25/2018
77,Government Requests FAQ,https://transparency.facebook.com/government/faq/,NA,1/25/2018
78,Transparency Report: Intellectual Property,https://transparency.facebook.com/intellectual_property,"December 18, 2017",1/25/2018
79,Facebook transparency report data (Jan-June 2017),Download option available on https://transparency.facebook.com/government/,"December 18, 2017",1/25/2018
80,Facebook transparency report India (Jan-June 2017),https://transparency.facebook.com/country/India/2017-H1/,"December 18, 2017",1/25/2018
81,WhatsApp Help Page - Account banned,https://faq.whatsapp.com/en/android/23154266/?category=5245246,NA,1/29/2018
82,Facebook transparency report United States (Jan-June 2017),https://transparency.facebook.com/country/United%20States/2017-H1/,NA,2/6/2018
