Source reference number,Document title,URL,Date of document (if applicable),Date accessed
1,User Agreement for Yandex Services,https://yandex.ru/legal/rules/?ncrnd=4793,5/4/2017,8/30/2017
2,Privacy Policy,https://yandex.ru/legal/confidential/index.html?ncrnd=8189,11/18/2016,8/30/2017
3,Yandex Legal Documents,https://yandex.ru/legal/,NA,8/30/2017
4,Yandex.Mail registration page,https://passport.yandex.ru/registration/mail?from=mail&require_hint=1&origin=hostroot_ru_nol_mobile_left&retpath=https%3A%2F%2Fpassport.yandex.ru%2Fpassport%3Fmode%3Dsubscribe%26from%3Dmail%26retpath%3Dhttps%253A%252F%252Fmail.yandex.ru,NA,8/30/2017
5,License to use Yandex Search Engine,https://yandex.ru/legal/termsofuse/index.html,7/4/2017,8/30/2017
6,Terms of Use of Yandex.Disk Service,https://yandex.ru/legal/disk_termsofuse/?ncrnd=5531,6/20/2017,8/30/2017
7,Restricting the rights of anonymous content,https://yandex.ru/company/rules/anonymous_content/,NA,8/30/2017
8,On application of the RTBF law,https://yandex.ru/blog/company/o-primenenii-zakona-o-prave-na-zabvenie,3/25/2016,8/30/2017
9,Yandex copyright infringment policy,https://yandex.ru/support/legal/copyright/,NA,NA
10,- not cited this year -,http://hitech.vesti.ru/news/view/id/10011,NA,NA
11,Yandex form for RTBF complaints,https://yandex.ru/support/zout_abuse/troubleshooting/oblivion.xml,NA,8/30/2017
12,How to complain about search results,https://yandex.ru/support/zout_abuse/troubleshooting/search/list.xml,NA,8/30/2017
13,On the responsibility of users and complaints about content,https://yandex.ru/support/common/support/complaints-about.xml,NA,8/30/2017
14,Report violations on Yandex.Disk,https://yandex.ru/support/zout_abuse/troubleshooting/disk/list.xml,NA,8/30/2017
15,- not cited this year -,http://kommersant.ru/doc/2946249,NA,NA
16,Contextual ads,https://yandex.ru/support/mail-new/web/mailbox/context-ads.html,NA,8/30/2017
17,- not cited this year -,NA,NA,NA
18,Yandex ads settings,https://yandex.ru/tune/adv,NA,8/30/2017
19,Configure cookies,https://yandex.com/support/common/browsers-settings/browsers-cookies.xml,NA,8/30/2017
20,- not cited this year -,NA,NA,NA
21,- not cited this year -,NA,NA,NA
22,- not cited this year -,NA,NA,NA
23,Code of Business Ethics and Conduct,http://files.shareholder.com/downloads/YNDX/5063156526x0x555143/D62CE4DC-15B3-46B5-8083-CAF95620DE2F/Code_of_Business_Ethics_and_Conduct.pdf,NA,8/30/2017
24,Yandex Bug Bounty Program,https://yandex.ru/bugbounty/,NA,8/30/2017
25,Bug Bounty Program: FAQ,https://yandex.ru/bugbounty/faq/,NA,8/30/2017
26,- not cited this year -,NA,NA,NA
27,What is HTTPS and how it protects you in the Internet,https://yandex.ru/blog/company/77455,3/12/2014,8/30/2017
28,Two-factor authentification,https://yandex.ru/support/passport/authorization/twofa.xml,NA,8/30/2017
29,Protection of your account,https://yandex.ru/support/passport/security.xml,NA,8/30/2017
30,Safety in Mail,https://yandex.ru/support/mail-new/web/security.html,NA,8/30/2017
31,Messages from Yandex,https://yandex.ru/support/passport/messages.xml,NA,8/30/2017
32,Check at the entrance,https://yandex.ru/support/passport/security/login-challenge.xml,NA,8/30/2017
33,Disk:History,https://yandex.ru/support/disk/actions-files/spec-folders/history.html,NA,8/30/2017
34,Safety on the Internet,https://yandex.ru/support/common/security/web-security.xml,NA,8/30/2017
35,Yandex resources on informational security,https://yandex.ru/support/common/security/yandex-security-urls.xml,NA,8/30/2017
36,Rules of Corporate Ethics,https://yandex.ru/company/rules/code/,NA,8/30/2017
37,2015 Annual Report,http://cache-default06e.cdn.yandex.net/download.cdn.yandex.net/company/annual_2015.pdf,NA,8/30/2017
38,2014 Annual Report,http://files.shareholder.com/downloads/YNDX/5088627009x0x826914/C47AEBEC-D996-4D38-8B59-2A35AC617AD7/Yandex_-_2014_20-F.pdf,NA,8/30/2017
39,"Official position of Yandex and RAEC on ""Yarovaya laws""",https://www.searchengines.ru/ofitsialnaya-pozitsiya-yandeksa-i-raek.html,6/22/2016,8/30/2017
40,- not cited this year -,NA,NA,NA
41,Mail: resolving problems,https://yandex.ru/support/mail/troubleshooting.xml,NA,8/30/2017
42,- not cited this year -,NA,NA,NA
43,- not cited this year -,NA,NA,NA
44,My personal information or my picture posted on Yandex.Disk,https://yandex.ru/support/zout_abuse/troubleshooting/disk/personal.xml,NA,8/30/2017
45,Annual Report For Foreign Private Issuers 2015,http://ir.yandex.com/secfiling.cfm?filingID=1047469-16-11404&CIK=1513845,NA,8/30/2017
46,- not cited this year -,NA,NA,NA
47,"""Cookie"" settings in Google Chrome browser",https://yandex.ru/support/common/browsers-settings/cookie-chrome.html,3/22/2016,8/30/2017
48,- not cited this year -,NA,NA,NA
49,"Form 20-F
Annual Report for Foreign Private Issuers 2017",http://ir.yandex.com/secfiling.cfm?filingID=1513845-17-4&CIK=1513845,03/22/2017,8/30/2017
50,Report copyright violation (Yandex Disk),https://yandex.ru/support/abuse/troubleshooting/disk/copyright.html,NA,8/30/2017
51,Yandex support page,https://yandex.ru/support/common/troubleshooting/main.html,N/A,9/21/2017
