Source reference number,Document title,URL,Date of document (if applicable),Date accessed
1,Terms of service Card Mobile Movistar (Condiciones generales del servicio Tarjeta Móviles Movistar) - Spanish,https://www.movistar.es/rpmm/estaticos/residencial/movil/tarifas-voz/condiciones-generales-de-tarjeta.pdf,1/11/2016,27/07/2017
2,Terms of service Delivery Mobile Movistar (Condiciones Generales de Prestación Móviles Movistar) - Spanish,https://www.movistar.es/rpmm/estaticos/residencial/movil/tarifas-voz/condiciones-generales-de-contrato.pdf,28/11/2014,27/07/2017
3,Terms of service of Broadband Service available to the Public (Condiciones generales del Servicio de Banda Ancha disponible al público) - Spanish,https://www.movistar.es/rpmm/estaticos/residencial/fijo/banda-ancha-adsl/contratos/condiciones-generales-suba.pdf,22/12/2016,27/07/2017
4,Privacy Policy of Telefónica Group - Spanish,https://www.telefonica.com/documents/364672/473798/politica_privacidad_esp_2015.pdf/fe534d3d-e916-4fa9-8220-be8d89865998,31/12/2015,27/07/2017
5,Privacy Policy of Telefónica Group - English,https://www.telefonica.com/documents/1258915/3538310/privacy_policy_EN.pdf/6c122ed0-88e1-4843-8523-948ffd4ea3f5,31/12/2015,02/08/2017
6,Privacy Conditions - Spanish,https://www.movistar.es/particulares/politicas-de-privacidad/,None,27/07/2017
7,Privacy Policies (Mobile) - Spanish,https://www.movistar.es/particulares/politicas-de-privacidad/,None,27/07/2017
8,Privacy Policies (Internet) - Spanish,https://www.movistar.es/particulares/politicas-de-privacidad/,None,27/07/2017
9,Movistar Log of Terms and Conditions Mobile - Spanish,https://www.movistar.es/particulares/atencion-cliente/todos-los-contratos/aplicaciones-y-servicios/ficha-descargas/historico-movistar-movil,None,4/8/2017
10,Movistar Log of Terms and Conditions Internet - Spanish,https://www.movistar.es/particulares/atencion-cliente/todos-los-contratos/aplicaciones-y-servicios/ficha-descargas/historico-movistar-internet,None,4/8/2017
11,Transparency Report on Communications 2016,https://www.telefonica.com/documents/364672/127737347/Telefonica_Transparencia_ESP_interactivo_22B.pdf/e39832d1-0622-4d1b-bbfd-510af449de86,2016,4/8/2017
12,Telefonica's Code of Ethics (Principios de Actuación) - Spanish,https://www.telefonica.com/documents/364672/371060/NuestrosPrincipiosdeActuacion.pdf/a42c5081-a2af-464d-a148-ee08f077d0a6,21/10/2015,4/8/2017
13,Telefonica's Code of Ethics - English,https://www.telefonica.com/documents/1258915/3538310/principios_actuacion_EN.pdf/90be4c50-55bd-43de-b032-1a159cc17b94,21/10/2015,4/8/2017
14,Security Policy (Política de Seguridad) - Spanish,https://www.telefonica.com/documents/153952/132027650/Politica_Global_Seguridad.pdf/b52fa65e-58f1-446f-9e67-958a570c8142,27/07/2016,8/8/2017
15,Security Policy - English,https://www.telefonica.com/documents/153952/132027650/Security_Global_Policy.pdf/d0b6524e-f043-4d31-b70d-3c2aa39762b6,27/07/2016,8/8/2017
16,Cyber Security Webpage - English,https://www.security.telefonica.com/en/technology/cybersecurity-services/,None,8/8/2017
17,Cyber Security Webpage -Spanish,https://www.security.telefonica.com/es/technology/cybersecurity-services/,None,8/8/2017
18,Business Solutions: Information Security Policy - Spanish,https://www.business-solutions.telefonica.com/media/1763/norctfsgsi01v16_pol%C3%ADtica-de-seguridad-de-la-informaci%C3%B3n.pdf,29/01/2016,8/8/2017
19,Business Solutions: Information Security Policy - English,https://www.business-solutions.telefonica.com/media/1771/stdctfsgsi01v16_information-security-policy.pdf,29/01/2016,8/8/2017
20,Centro Nemesys (Nemesys Center) - Spanish,https://www.movistar.es/estaticos/pdfs/seguridad/informacion_centro_nemesys.pdf,September 2009,8/8/2017
21,Global Transparency Report - English,https://www.telefonica.com/documents/1258915/129595464/%20Telefonica_Transparencia_ENG_interactive.pdf/7b0a3737-e3be-4dd4-8d60-f47643b52a48,2016,8/8/2017
22,Telefónica Integrated Report 2016 - Spanish,https://www.telefonica.com/documents/153952/13347843/Informe_Integrado_2016.pdf/b242bc1a-9780-43bf-83d1-501127f3c37c,2016,8/8/2017
23,Telefónica Integrated Report 2016 - English,https://www.telefonica.com/documents/153952/13347920/informe_integrado_2016_en.pdf/aa24fcc9-bdea-b6a1-465a-969d0fbf3e8f,2016,8/8/2017
24,Mobile Internet Service Conditions - Spanish,https://www.movistar.es/rpmm/estaticos/residencial/movil/tarifas-datos/condiciones-servicio-internet-movil.pdf,18/03/2017,8/8/2017
25,Business Principles - English,https://www.telefonica.com/documents/153952/388559/OurBusinessPrinciples.pdf/adfea195-d91a-4718-8c6f-760f07f4cbdb,None,8/8/2017
26,Business Principles- Spanish,https://www.telefonica.com/documents/153952/388559/NuestrosPrincipiosdeNegocioResponsable/32a5a501-a460-4a1b-9657-887e0404330a,None,8/8/2017
27,Global Law Enforcement Requirements Procedure - Spanish,https://www.telefonica.com/documents/153952/67280426/requerimientos-principios-es.pdf/6f5a0668-15b9-9b5c-3f69-65d866c5b53b,2016,9/8/2017
28,Global Law Enforcement Requirements Procedure - English,https://www.telefonica.com/documents/153952/67280426/requerimientos-principios-en.pdf/0b631937-7e09-982c-0c77-cb5ea0ab3e8e,2016,9/8/2017
29,Company's commitment to childres - Spanish,https://www.telefonica.com/es/web/negocio-responsable/nuestros-compromisos/menores/presentacion,None,9/8/2017
30,Company's commitment to childres - English,https://www.telefonica.com/en/web/responsible-business/digital-confidence/icts-for-children/presentation,None,9/8/2017
31,Global Network Initiative website - English,http://globalnetworkinitiative.org/participants/index.php?qt-gni_participants=1#qt-gni_participants,None,10/23/2017
32,Responsible Bussiness Channel - English,https://www.telefonica.com/en/web/about_telefonica/responsible-business-channel,None,10/23/2017
33,How to Manage my Privacy,http://www.movistar.es/particulares/centro-de-privacidad?,NA,2/6/2018
34,Human Rights - Introduction,https://www.telefonica.com/en/web/responsible-business/our-commitments/human-rights/introduccion,NA,2/6/2018
35,Transparency Report 2017,https://www.telefonica.com/documents/153952/183394/Informe_Transparencia_Comunicaciones_Telefonica_EN.pdf/30519143-d3ab-50c3-1cb5-319a735fd9d3,NA,2/6/2018
36,Movistar Privacy Center: Transparency Report,http://www.movistar.es/particulares/centro-de-privacidad/,NA,2/6/2018
37,Procedure for receiving and processing communications received via the Responsible Business Channel,https://www.telefonica.com/documents/153952/141150866/Responsible_Business_Channel_Procedure_Receving_Processing_Communications.pdf/0a35d576-30ca-471b-5eef-d66dd807c69f,3/1/2017,2/6/2018
