Source reference number,Document title,URL,Date of document (if applicable),Date accessed
1,Privacy Policy,https://www.apple.com/privacy/privacy-policy/,9/12/2016,7/20/2017
2,Apple's commitment to your privacy,https://www.apple.com/privacy/,NA,7/21/2017
3,Apple legal,https://www.apple.com/legal/,NA,7/21/2017
4,Internet services,https://www.apple.com/legal/internet-services/,NA,7/21/2017
5,Apple Customer Privacy Policy - Portal,https://www.apple.com/legal/privacy/,NA,7/21/2017
6,Política de privacidad,https://www.apple.com/legal/privacy/es-la/,9/12/2016,7/21/2017
7,App Store Review Guidelines,https://developer.apple.com/app-store/review/guidelines/,NA,7/21/2017
8,Our Approach to Privacy,https://www.apple.com/privacy/approach-to-privacy/,NA,7/24/2017
9,App Review,https://developer.apple.com/support/app-review/,NA,7/24/2017
10,Legal Process Guidelines: Government & Law Enforcement within the United States,https://www.apple.com/legal/privacy/law-enforcement-guidelines-us.pdf,6/23/17 (based on filename),7/26/2017
11,Legal Process Guidelines: Government & Law Enforcement outside the United States,https://images.apple.com/legal/privacy/law-enforcement-guidelines-outside-us.pdf,6/23/17 (based on filename),7/26/2017
12,Your California Privacy Disclosures,https://www.apple.com/legal/privacy/california-dnt/,NA,7/28/2017
13,Manage Your Privacy,https://www.apple.com/privacy/manage-your-privacy/,NA,7/31/2017
14,iOS Security Guide: iOS 10,https://www.apple.com/business/docs/iOS_Security_Guide.pdf,March 2017,7/31/2017
15,Bug Reporting,https://developer.apple.com/bug-reporting/,NA,7/31/2017
16,Contact Apple About Security Issues,https://support.apple.com/en-us/HT201220,6/30/2017,7/31/2017
17,Apple security updates,https://support.apple.com/en-us/HT201222,NA,7/31/2017
18,Opt out of interest-based ads in the App Store and Apple News,https://support.apple.com/en-us/HT202074,5/8/2017,8/1/2017
19,About Advertising and Privacy,https://support.apple.com/en-us/HT205223,6/21/2017,8/1/2017
20,If you think your Apple ID has been compromised,https://support.apple.com/en-us/HT204145,NA,8/1/2017
21,Two-factor authentication for Apple ID,https://support.apple.com/en-us/HT204915,7/26/2017,8/2/2017
22,Two-step verification for Apple ID,https://support.apple.com/en-us/HT204152,6/14/2017,8/2/2017
23,See your purchase history in the iTunes Store on a Mac or PC,https://support.apple.com/en-us/HT204088,2/6/2017,8/2/2017
24,Apple Government Information Requests,https://www.apple.com/privacy/government-information-requests/,N/A,8/3/2017
25,"Apple Transparency Report: July 1-Dec. 31, 2016",https://images.apple.com/legal/privacy/transparency/requests-2016-H2-en.pdf,N/A,8/3/2017
26,iCloud Terms of Service - English,https://www.apple.com/legal/internet-services/icloud/en/terms.html,3/1/2017,8/3/2017
27,iCloud Terms of Service - Spanish,https://www.apple.com/legal/internet-services/icloud/la/terms.html,3/1/2017,8/3/2017
28,Create and Start Using an Apple ID,https://support.apple.com/en-us/HT203993,N/A,8/4/2017
29,IOS 10 Software Licensing Agreement,http://images.apple.com/legal/sla/docs/iOS10.pdf,7/14/2016,8/7/2017
30,Audit and Finance Committee Charter,http://files.shareholder.com/downloads/AAPL/4936311906x0x443005/ADC3AD8B-5A18-4ADD-8B5B-2221773C5B3B/2017.02.28_AFC_Charter.pdf,2/28/2017,8/4/2017
31,"Bio: Bruce Sewell, Senior Vice President and General Counsel",https://www.apple.com/leadership/bruce-sewell/,N/A,8/4/2017
32,"Jane Horvath, Senior Director of Global Privacy - LinkedIn",https://www.linkedin.com/in/jane-horvath-aa3a0b5,NA,8/4/2017
33,Jane Horvath Speaker Bio - 38th Annual Privacy Conference,https://www.privacyconference2016.org/en/jane-horvath,2016,8/4/2017
34,Jane Horvath - Reuters,https://www.reuters.com/article/us-apple-encryption-privacy-insight-idUSKCN0WN0BO,3/21/2016,8/4/2017
35,Apple's Business Conduct policy,http://files.shareholder.com/downloads/AAPL/4936311906x0x443008/5F38B1E6-2F9C-4518-B691-13A29AC90501/business_conduct_policy.pdf,10/1/2015,8/4/2017
36,Apple Public Policy Page,https://www.apple.com/public-policy-advocacy/index.html,N/A,8/4/2017
37,Apple Media Services Terms and Conditions - English,https://www.apple.com/legal/internet-services/itunes/us/terms.html,9/13/2016,8/7/2017
38,Apple Media Services Terms and Conditions - Spanish,https://www.apple.com/legal/internet-services/itunes/us-latino/terms.html,9/13/2016,8/7/2017
39,Apple Developer Agreement,https://developer.apple.com/programs/terms/apple_developer_agreement.pdf,6/8/2015,8/7/2017
40,Privacy Policy Update - Sept 2017,https://www.apple.com/legal/privacy/en-ww/,9/19/2017,9/28/2017
41,Apple - Privacy,https://www.apple.com/privacy/,9/20/2017,10/2/2017
42,iCloud Security Overview,https://support.apple.com/en-us/HT202303,9/19/2017,10/5/2017
43,Apple Legal Questions,https://www.apple.com/legal/contact/#copyright-infringement,unknown,10/19/2017
44,Privacy Governance,https://www.apple.com/legal/privacy/en-ww/governance/,December 2017,1/22/2018
45,iOS 11 Software Licensing Agreement,http://images.apple.com/legal/sla/docs/iOS11.pdf,September 2017,1/22/2018
46,iOS Security Guide: iOS 11,https://www.apple.com/business/docs/iOS_Security_Guide.pdf,January 2018,1/22/2018
47,"Apple Transparency Report: Jan 1 - June 30, 2017",https://images.apple.com/legal/privacy/transparency/requests-2017-H1-en.pdf,September 2017,1/22/2018
48,"Apple Privacy Policy (updated - Dec. 13, 2017)",https://www.apple.com/legal/privacy/en-ww/,December 2017,1/12/2017
49,Apple Privacy Policy (Spanish - updated),https://www.apple.com/legal/privacy/es-la/,January 2018,1/22/2018
