Source reference number,Document title,URL,Date of document (if applicable),Date accessed
1,Legal Terms Vodafone Group,http://www.vodafone.com/content/index/misc/legal-terms.html,none available,7/25/2017
3,Pay as you go Terms and Charges 2017,http://www.vodafone.co.uk/cs/groups/public/documents/contentdocuments/pay-as-you-go-terms-and-charge.pdf,June 2017,7/25/2017
4,Terms and conditions Vodafone UK Pay Monthly,http://www.vodafone.co.uk/cs/groups/public/documents/contentdocuments/vftst052330.pdf,June 2017,7/25/2017
6,Broadband and Home Acceptable Use Policy,http://www.vodafone.co.uk/terms-and-conditions/index.htm,October 2015,7/25/2017
7,Broadband and Home Terms,http://www.vodafone.co.uk/cs/groups/public/documents/contentdocuments/vfcon080531.pdf,December 2016.,7/25/2017
8,Digital Rights and Freedoms Reporting Center,http://www.vodafone.com/content/index/about/sustainability/digital-rights.html,2017,8/1/2017
9,Freedom of Expression and Network Censorship,http://www.vodafone.com/content/dam/vodafone-images/sustainability/drf/pdf/vodafone_drf_freedom_expression_network_censorship.pdf,2017,8/1/2017
12,Traffic management - Mobile Internet,http://www.vodafone.co.uk/cs/groups/public/documents/webcontent/pdf_phone_and_simo.pdf,none available,8/1/2017
13,Traffic management - Broadband,http://www.vodafone.co.uk/cs/groups/public/documents/webcontent/pdf_broadband_and_talk.pdf,none available,8/1/2017
14,Vodafone Code of Conduct,http://www.vodafone.com/content/dam/vodafone-images/about-us/code-of-conduct/vodafone_code_of_conduct_2015_light.pdf,2015,8/1/2017
15,Vodafone UK Acceptable Use Policy,https://www.vodafone.co.uk/cs/groups/configfiles/documents/contentdocuments/vfcon058965.pdf,2015,7/11/2017
16,Vodafone Sustainable Business Report 2017,http://www.vodafone.com/content/dam/vodafone-images/sustainability/downloads/sustainablebusiness2017.pdf,2017,7/11/2017
17,Vodafone UK Keeping Children Safe,http://www.vodafone.co.uk/our-responsibilities/protecting-our-customers/customer-protection/index.htm,none available,7/13/2017
21,Vodafone Legal Annex (2016),http://www.vodafone.com/content/dam/vodafone-images/sustainability/drf/pdf/vodafone_drf_law_enforcement_disclosure_legal_annexe_2016.pdf,2017,7/26/2017
22,Vodafone Law Enforcement Disclosure Statement (2015-2016),http://www.vodafone.com/content/dam/vodafone-images/sustainability/drf/pdf/vodafone_drf_law_enforcement_disclosure_statement.pdf,2017,7/26/2017
23,Law Enforcement Disclosure Statement (2016) - Country by Country break down,http://www.vodafone.com/content/dam/vodafone-images/sustainability/drf/pdf/vodafone_drf_law_enforcement_disclosure_country_demands_2015-6.pdf,2017,7/26/2017
24,Vodafone Group privacy policy (for website),http://www.vodafone.com/content/index/misc/privacy-policy.html,none available,7/26/2017
25,Vodafone Approach to Privacy,http://www.vodafone.com/content/index/about/privacy.html,none available,7/26/2017
26,Privacy Policy,http://www.vodafone.co.uk/about-this-site/our-privacy-policy/,"July, 20, 2015",7/26/2017
27,Vodafone UK Analytics,http://www.vodafone.co.uk/about-this-site/our-privacy-policy/vodafone-analytics/index.htm,none available,7/26/2017
28,Vodafone Cookies and privacy,http://www.vodafone.co.uk/about-this-site/our-privacy-policy/privacy-and-cookies/index.htm,none available,7/26/2017
29,Vodafone Requesting personal information Form,https://www.vodafone.co.uk/cs/groups/public/documents/webcontent/vftst031658.pdf,none available,7/26/2017
30,Vodafone Guidance on Requesting Personal Information,http://www.vodafone.co.uk/cs/groups/configfiles/documents/contentdocuments/vftst042750.pdf,none available,7/26/2017
31,"Vodafone LAW ENFORCEMENT ASSISTANCE
GLOBAL POLICY STANDARD",http://www.vodafone.com/content/dam/vodafone/about/sustainability/lawenforcementassistance.pdf,none available,7/26/2017
32,Vodafone UK Customer security corporate responsibility,http://www.vodafone.co.uk/our-responsibilities/protecting-our-customers/customer-security/,none available,8/1/2017
33,"Vodafone UK - Privacy and Security (""Our Approach"")",https://www.vodafone.com/content/sustainabilityreport/2014/index/operating_responsibly/privacy_and_security.html,none available,8/1/2017
34,Vodafone Group Matters Reserved for the Board,http://www.vodafone.com/content/dam/group/investors/downloads/governance/Matters-Reserved-for-the-Board-March-2016.pdf,3/1/2016,8/1/2017
35,Vodafone Group AnnetteFergusonBioTIDWebsite,https://www.telecomindustrydialogue.org/about/,none available,8/1/2017
36,Vodafone Group Sustainability report 2016,http://www.vodafone.com/content/dam/vodafone-images/sustainability/downloads/report2016.pdf,2016,8/1/2017
37,Global Network Initiative Adds Seven Companies in Milestone Expansion of Freedom of Expression and Privacy Initiative,https://www.globalnetworkinitiative.org/news/global-network-initiative-adds-seven-companies-milestone-expansion-freedom-expression-and,3/1/2017,8/1/2017
38,Making a Complaint,https://www.vodafone.co.uk/vodafone-uk/complaints/,none available,8/1/2017
39,Vodafone - Human Rights - Our Approach,https://www.vodafone.com/content/sustainabilityreport/2014/index/operating_responsibly/human_rights.html,2014,8/1/2017
40,Vodafone Privacy and security – Performance in 2014/15,http://www.vodafone.com/content/sustainabilityreport/2015/index/operating-responsibly/privacy-and-security/performance-in-2014-15.html,2014,8/1/2017
41,Protecting You,http://www.vodafone.co.uk/about-this-site/our-privacy-policy/protecting-our-customers/index.htm,none available,8/1/2017
42,Payment Card Security,http://www.vodafone.co.uk/about-this-site/our-privacy-policy/protecting-our-customers/payment-card-protection/index.htm,none available,8/1/2017
43,Protecting Your Identity,http://www.vodafone.co.uk/about-this-site/our-privacy-policy/protecting-our-customers/protecting-your-identity/index.htm,none available,8/1/2017
44,Protecting you against Phishing,http://www.vodafone.co.uk/about-this-site/our-privacy-policy/protecting-our-customers/phishing/index.htm,none available,8/1/2017
45,Mobile Security,http://www.vodafone.co.uk/about-this-site/our-privacy-policy/protecting-our-customers/mobile-security/index.htm,none available,8/1/2017
46,Fraud prevention,http://www.vodafone.co.uk/about-this-site/our-privacy-policy/Fraud-prevention/index.htm,none available,8/1/2017
47,Child Safety Online,https://www.vodafone.com/content/sustainabilityreport/2014/index/operating_responsibly/child_safety_online.html,none available,9/14/2017
48,Vodafone Group Sustainability Report 2013/14,http://www.vodafone.com/content/dam/sustainability/2014/pdf/vodafone_full_report_2014.pdf,none available,9/14/2017
49,Vodafone Group Sustainability Report 2015,http://www.vodafone.com/content/dam/sustainability/2015/pdf/vodafone-full-report-2015.pdf,none available,9/14/2017
50,Vodafone Group FAQs on Privacy and Security,http://www.vodafone.com/content/dam/vodafone-images/sustainability/downloads/VodafoneGroupFAQsonPrivacyandSecurity_December2017.pdf,12/1/2017,1/23/2018
51,Vodafone’s Alignment with the Telecommunications Industry Dialogue Guiding Principles Digital Rights and Freedoms Vodafone Group Plc,http://www.vodafone.com/content/dam/vodafone-images/sustainability/drf/pdf/vodafone_drf_alignment_telecom_industry_dialogue_principles.pdf,NA,1/23/2018
52,"Vodafone ""Our Code of Practiice"" Complaints portal",http://www.vodafone.co.uk/about-us/code-of-practice/,NA,2/6/2018
