Source reference number,Document title,URL,Date of document (if applicable),Date accessed
1,VK Terms of Service (EN),https://vk.com/terms,NA,8/16/2017
2,Mail.Ru Terms of Service (RU),https://help.mail.ru/mail-help/UA,7/5/2017,8/7/2017
3,VK Terms of Service (RU),https://vk.com/terms,NA,8/16/2017
4,VK Privacy Policy,https://vk.com/privacy,NA,8/16/2017
5,Mail.ru The Concept of Confidentiality and Safety of Information,https://help.mail.ru/mail-help/security/internet?lang=en#conc,NA,8/16/2017
6,Sign up for a new account,https://e.mail.ru/cgi-bin/signup?&lang=ru_RU,NA,8/16/2017
7,Recovery of access to mail account,https://help.mail.ru/mail-support/login/mailbox/pc/pass,NA,8/16/2017
8,The order of studying the matters of distribution of any user’s content on the “VKontakte” site,https://vk.com/help?act=cc_terms,NA,8/16/2017
9,"
Annual report Mail.Ru Group 2016",https://corp.imgsmail.ru/media/files/mail.rugrouparfy2016.pdf,NA,8/16/2017
10,Mai.ru Bug Bounty Program,https://hackerone.com/mailru,Last updated on 6/21/2017,8/16/2017
11,VK bug bounty program,https://hackerone.com/vkcom,Last updated on 8/13/2015,8/16/2017
12,Mail.ru Group Annual Report 2015,https://corp.imgsmail.ru/media/files/mail.rugrouparfy2015.pdf,NA,8/16/2017
13,Mail.ru email service turns on encryption by default,https://corp.mail.ru/ru/press/releases/8631/,9/13/2012,8/16/2017
14,Two-factor authentication,https://help.mail.ru/mail-help/2auth,NA,8/16/2017
15,Turning on additional level of verification,https://vk.com/page-59800369_47885415,NA,8/16/2017
16,Mail.ru Group Annual Report 2014,https://corp.imgsmail.ru/media/files/mail.rugrouparfy2014.pdf,NA,8/16/2017
17,Did you protect your email,https://security.mail.ru/,NA,8/16/2017
18,Safety on the Internet,https://help.mail.ru/enmail-help/security/internet,NA,8/16/2017
19,Safety on the Internet: all about phishing,https://mailblog.mail.ru/phishing/,NA,8/16/2017
20,VK: How to protect your account,https://vk.com/page-777107_6560710,NA,8/16/2017
21,VK Security,https://vk.com/security,NA,8/16/2017
22,"MAIL.RU GROUP LIMITED
BOARD CHARTER",https://corp.imgsmail.ru/media/files/mail.ru-group-limited-board-charter.pdf,2/25/2016,8/16/2017
23,MAIL.RU GROUP LIMITED CODE OF ETHICS AND BUSINESS CONDUCT,https://corp.imgsmail.ru/media/files/code-of-ethics-and-business-conduct-of-mail.ru-group-limited.pdf,2/25/2016,8/16/2017
24,RAEC members,http://raec.ru/members/,NA,8/16/2017
25,RAEC charter,http://raec.ru/about/rules/,5/11/2016,8/16/2017
26,Support for email service Mail.ru,https://help.mail.ru/mail-support,NA,8/16/2017
