Source reference number,Document title,URL,Date of document (if applicable),Date accessed
1,"Etisalat – General Terms & Conditions
(Consumer)",http://www.etisalat.ae/en/system/docs/personal/misc/General-Terms-and-Conditions-Consumer.pdf,5/24/2015,7/27/2017
2,Terms and Conditions Prepaid,http://support.etisalat.ae/en/system/docs/personal/forms/ApplicationForm-Wasel-Prepaid_en.pdf,7/1/2015,7/27/2017
3,Terms and Conditions Postpaid,http://www.etisalat.ae/en/system/docs/personal/forms/the_new_postpaid_application_form_en.pdf,N/A,7/27/2017
4,"Terms and Conditions
Al Shamil, landline, eLife and Etisalat select services (english)",http://support.etisalat.ae/en/system/docs/personal/forms/eLife_new_application.pdf,October 2015,7/27/2017
5,"Terms and Conditions
Al Shamil, landline, eLife and Etisalat select services (arabic)",http://support.etisalat.ae/ar/system/docs/personal/forms/eLife_new_application.pdf,October 2015,7/27/2017
6,Code of Practice regarding customer affairs (english),http://support.etisalat.ae/en/system/docs/personal/misc/Code%20of%20Practice%20for%20Customer%20Affairs.pdf,N/A,7/28/2017
7,Code of Practice regarding customer affairs (arabic),http://support.etisalat.ae/ar/system/docs/personal/misc/Code%20of%20Practice%20for%20Customer%20Affairs.pdf,N/A,7/28/2017
8,Privacy - Policy (English),https://www.etisalat.ae/en/privacy-policy.jsp,N/A,8/7/2017
9,Privacy - Policy (Arabic),https://www.etisalat.ae/ar/privacy-policy.jsp,N/A,8/7/2017
10,Privacy company,http://www.etisalat.com/en/about/privacy-policy.jsp,N/A,8/7/2017
11,Terms & Condition-Company Profile,http://www.etisalat.com/en/about/terms-and-conditions.jsp,N/A,8/7/2017
12,Prohibited Content Categories,http://www.etisalat.ae/en/system/docs/personal/misc/blockcontent.pdf,N/A,8/7/2017
13,Blocking and Unblocking Internet Content,http://www.etisalat.ae/en/aboutus/corporate/blocking-unblocking.jsp,N/A,8/7/2017
14,Renew your mobile,http://www.etisalat.ae/nrd/en/generic/mobile_customer_registration.jsp#,N/A,8/7/2017
15,Complaint,http://support.etisalat.ae/en/contact-us/support-contact-us.jsp,N/A,8/7/2017
16,"A letter addressed from Ahmad Julfar, CEO of Etisalat to Secretary General on UN global compact",https://www.unglobalcompact.org/system/attachments/cop_2016/227461/original/UN_Global_Compact_COP_2015_Jan_2016.pdf?1452678656,1/1/2016,8/8/2017
17,Etisalat CSR & Sustainability Report,http://www.etisalat.com/en/system/docs/reports/Etisalat-CSR-Sustainability-Report-2012_lowres.pdf,2012,8/9/2017
18,Etisalat 2016 Annual Report - Enterprise Risk Management,http://o2.ae/clients/etisalat/annualreport2016/en/iar.html,2016,10/23/2017
19,"Etisalat General Terms & Conditions
(Consumer)_Updated",https://www.etisalat.ae/en/system/docs/consumer/pdf/en/general_terms_and_conditions_jan_2_2018.pdf,1/2/2018,4/9/2018
20,Terms and Conditions Postpaid_updated,https://www.etisalat.ae/en/system/docs/consumer/pdf/en/new_postpaid_app_nov2017.pdf,Nov. 2017,4/9/2018
