Source reference number,Document title,URL,Date of document (if applicable),Date accessed
1,Bharti Airtel Annual Report 2015 - 2016,http://www.airtel.in/airtel-annual-report-2015-16/,2015-2016,7/24/2017
2,Bharti Business Responsibility Report 2015-2016,http://www.airtel.in/airtel-annual-report-2015-16/pdf/statutory-reports/business-responsibility-report.pdf,2015-2016,7/24/2017
3,Bharti Airtel 2015 CSR,http://www.airtel.in/wps/wcm/connect/fd7b3172-02e5-4e25-af7e-51d64cc17534/CSR+Policy.pdf?MOD=AJPERES&ContentCache=NONE,2014,7/24/2017
4,Bharti 2014 Code of Conduct,http://www.airtel.in/wps/wcm/connect/03e0cb9a-d2f7-4431-a036-55c19bcf13fc/Bharti-CoC-2014-Internet-Version.pdf?MOD=AJPERES,2014,7/24/2017
5,Bharti Code of Conduct for Directors,http://www.airtel.in/wps/wcm/connect/44916b17-dd5d-4c77-b58c-d156415ab1aa/Code-of-Conduct-applicable-to-Directors-and-Senior-Management-of-the-company.pdf?MOD=AJPERES,Not specified,7/24/2017
6,Bharti Code of Conduct for Business Associates,http://www.airtel.in/partnerworld/pdf/Bharti-Airtel-Code-of-conduct.pdf,2010,7/24/2017
7,Airtel 2016 Sustainability Report,http://www.airtel.in/sustainability-file/common/files/25978_Airtel_Sustainability%20Report_2016.pdf,2016,7/24/2017
8,Airtel Ombudsperson Policy,http://www.airtel.in/partnerworld/Ombudsman_Policy&Process.html,Not specified,7/24/2017
9,Airtel Ombuds Office,http://www.airtel.in/about-bharti/about-bharti-airtel/ombuds-office,Not specified,7/24/2017
10,Airtel Privacy Policy,http://www.airtel.in/forme/privacy-policy/,Not specified,7/24/2017
11,Airtel Privacy Policy - Collection of Personal Information,http://www.airtel.in/forme/privacy-policy/collection+of+personal+info?contentIDR=53535f55-b787-4cb8-b399-d11d97f80c26&useDefaultText=0&useDefaultDesc=0,Not specified,7/24/2017
12,Airtel Privacy Policy - Disclosure and transfer of personal information,http://www.airtel.in/forme/privacy-policy/disclosure+and+transfer?contentIDR=745792ad-d6af-4684-85d4-d85773e77356&useDefaultText=0&useDefaultDesc=0,Not specified,7/24/2017
13,Airtel Privacy Policy - Security Practices and Procedures,http://www.airtel.in/forme/privacy-policy/security+practices+and+procedures?contentIDR=9346516c-c1a1-4bd7-bce0-6945236dceaa&useDefaultText=0&useDefaultDesc=0,Not specified,7/24/2017
14,Airtel Privacy Policy - Update of Personal Information,http://www.airtel.in/forme/privacy-policy/update+of+personal?contentIDR=b1733c6f-7a9d-46d3-b744-7bf1d8d2927e&useDefaultText=0&useDefaultDesc=0,Not specified,7/24/2017
15,Airtel Privacy Policy - Feedback and Concerns,http://www.airtel.in/forme/privacy-policy/feedbak?contentIDR=c9d0f414-8cb9-4381-b122-3f3148a01b80&useDefaultText=0&useDefaultDesc=0,Not specified,7/24/2017
16,Airtel Consumer Charter Hindi,http://www.airtel.in/wps/wcm/connect/49694bd0-738e-4d69-9720-35a85f0892fd/Airtel-Telecom-Consumers-Charter-Hindi.pdf?MOD=AJPERES,Not specified,7/25/2017
17,Airtel Consumer Charter English,http://www.airtel.in/wps/wcm/connect/9bc6da33-8efc-4cb3-ad41-4c8af0626cfc/Airtel-Telecom-Consumers-Charter_English.pdf?MOD=AJPERES,Not specified,7/25/2017
18,Airtel Important Alerts,http://www.airtel.in/forme/important-alerts/,Not specified,7/27/2017
19,9 simple steps to secure your wifi network,http://www.airtel.in/applications/genericlead/wifi/images/wifisecure.pdf,Not specified,7/27/2017
20,Airtel rolls out Aadhaar based e-KYC solution,http://www.airtel.in/about-bharti/media-centre/bharti-airtel-news/mobile/airtel+rolls+out+aadhaar+based+e-kyc+solution,08/22/2016,7/27/2017
21,Airtel Blocked Notice,http://i0.wp.com/www.medianama.com/wp-content/uploads/Screen-Shot-2011-07-21-at-10.55.41-AM.png,Not specified,8/1/2017
22,Airtel Zero Rating Notice,http://www.airtel.in/about-bharti/media-centre/bharti-airtel-news/corporate/airtel+launches+-+airtel+zero-+a+win-win+platform+for+customers+and+marketers,4/6/2015,8/1/2017
23,Airtel Fair Usage Policy,http://www.airtel.in/applications/xm/Fair_Usage_Policy.pdf,not specified,8/5/2017
24,Airtel Broadband Internet FAQ,http://www.airtel.in/broadband-and-fixed-line/know-more/faqs,not specified,8/5/2017
25,Airtel Pledge to customers on Zero rating,http://www.airtel.in/airtelpledge/,2015,8/5/2017
26,Training Modules & Partners Document,http://www.airtel.in/partnerworld/help.htm,not specified,8/5/2017
27,Report Corporate Governance,http://www.airtel.in/airtel-annual-report-2014-15/pdf/Statutory%20Reports/Report%20on%20Corporate%20Governance.pdf,2014-2015,8/5/2017
28,Cellular Operators Association Airtel Membership,https://coai.com/content/bharti-airtel-limited,2015 - 2017,8/5/2017
29,Airtel Winners of Data Security Council of India Privacy Award,https://www.dsci.in/taxonomypage/863,2013,8/5/2017
30,CIS and COAI Roundtable,https://cis-india.org/news/ians-july-4-2014-coai-cis-to-hold-pan-india-meetings-on-privacy-issues,7/1/2014,8/5/2017
31,Airtel 2015 Sustainability Report,http://www.airtel.in/sustainability-file/common/files/Airtel%20CSR%202016_web.pdf,2015-2016,8/5/2017
32,Airtel Track your Request and Help,http://www.airtel.in/forme/home/needhelp/complaint-search,not specified,8/5/2017
