Source reference number,Document title,URL,Date of document (if applicable),Date accessed
1,Daum 서비스 약관[ToS],http://policy.daum.net/info/info,10/7/2016,7/25/2017
2,Daum 운영정책[Operation Policy],http://policy.daum.net/operation_policy/operation_policy,N/A,7/25/2017
3,카카오 서비스 약관[ToS],http://www.kakao.com/ko/terms,7/1/2016,7/25/2017
3',카카오 서비스 약관[ToS]_English,http://www.kakao.com/en/terms,7/1/2016,7/25/2017
4,카카오 운영정책[Operation Policy],http://www.kakao.com/company/ko/operation_policy,N/A,7/25/2017
4',카카오 운영정책[Operation Policy]_English,http://www.kakao.com/company/en/operation_policy,N/A,7/25/2017
5,Daum 개인정보취급방침[Privacy Policy],http://policy.daum.net/info_protection/info_protection,12/1/2016,7/25/2017
6,Kakao 개인정보 처리방침 [Privacy Policy],http://www.kakao.com/ko/privacy.html,7/4/2017,7/25/2017
6',Kakao Privacy Policy,http://www.kakao.com/en/privacy.html,7/4/2017,8/3/2017
7,한국인터넷자율정책기구 회원사 소개[KISO Corporate Members],http://www.kiso.or.kr/%EA%B8%B0%EA%B5%AC%EC%86%8C%EA%B0%9C/%ED%9A%8C%EC%9B%90%EC%82%AC-%EC%86%8C%EA%B0%9C/,N/A,7/26/2017
8,이사회의장 인사말[Greetings from Chairperson],http://www.kiso.or.kr/%EA%B8%B0%EA%B5%AC%EC%86%8C%EA%B0%9C/%EC%9D%B4%EC%82%AC%ED%9A%8C%EC%9D%98%EC%9E%A5-%EC%9D%B8%EC%82%AC%EB%A7%90/,N/A,7/26/2017
9,KISO 정책규정[Policy Regulation],http://www.kiso.or.kr/%EC%A0%95%EC%B1%85%EC%9C%84%EC%9B%90%ED%9A%8C/%EC%A0%95%EC%B1%85%EA%B7%9C%EC%A0%95/,6/22/2017,7/26/2017
10,프라이버시 철학,http://privacy.kakaocorp.com/philosophy/kakao,N/A,7/26/2017
10',Privacy Philosophy,http://privacy.kakaocorp.com/en/philosophy/kakao,N/A,7/26/2017
11,프라이버시 보호 책임자|카카오 프라이버시 정책,http://privacy.kakaocorp.com/philosophy/responsible,N/A,7/27/2017
11',Chief Privacy Officer|Kakao Privacy Policy,http://privacy.kakaocorp.com/en/philosophy/responsible,N/A,7/27/2017
12,프라이버시 정책 자문위원회|카카오 프라이버시 정책,http://privacy.kakaocorp.com/protection/commonssion,N/A,7/27/2017
12',Privacy Policy Advisory Committee|Kakao Privacy Policy,http://privacy.kakaocorp.com/en/protection/commonssion,N/A,7/27/2017
13,기술적 보호 노력|카카오 프라이버시 정책,http://privacy.kakaocorp.com/protection/tech,N/A,7/31/2017
13',Technical Measures|Kakao Privacy Policy,http://privacy.kakaocorp.com/en/protection/tech,N/A,7/31/2017
14,회원사 정보[The Korea Internet Corporations Association],http://www.kinternet.org/members/info,N/A,7/31/2017
15,이용자 권리보호 현황|투명성 보고서,http://privacy.kakaocorp.com/transparence/report/present,N/A,7/31/2017
15',Protection of Users' Rights|Transparency Report,http://privacy.kakaocorp.com/en/transparence/report/present,N/A,7/31/2017
16,Daum 아이디 규제정책[ID Restriction Policy],https://cs.daum.net/redbell/harm/policyId.html,N/A,7/31/2017
17,Daum 명예훼손 신고 처리 절차[Defamation Report Handling Process],https://cs.daum.net/redbell/right/libelProcess.html,N/A,7/31/2017
18,Daum 저작권 침해 처리절차[Copyright Infringement Handling Process],https://cs.daum.net/redbell/right/copyrightProcess.html,N/A,7/31/2017
19,Daum 아이디 규제 도움말[ID Restriction FAQ],http://cs.daum.net/faq/85/5203.html#9629,N/A,7/31/2017
20,Daum 저작권침해 신고 도움말[Copyright Infringement Report FAQ],https://cs.daum.net/faq/95/7581.html#33306,N/A,7/31/2017
21,Daum 복원신청[Restoration Request],https://cs.daum.net/redbell/right/copyrightRestore.html,N/A,7/31/2017
22,Daum 복원신청[Restoration Request],https://cs.daum.net/redbell/right/libelRestore.html,N/A,7/31/2017
23,Kakao 권리침해신고안내[Report Rights Infringement],http://www.kakao.com/policy/right,N/A,7/31/2017
24,카카오 공지사항,http://www.kakao.com/notices,N/A,7/31/2017
25,Daum 게시물 규제 정책[Content Restriction Policy],https://cs.daum.net/redbell/harm/policyArticle.html,N/A,7/31/2017
26,Daum 신고하기[Report],https://cs.daum.net/redbell/top.html,N/A,7/31/2017
27,Daum 스팸차단정책Spam Policy,http://policy.daum.net/nospam/nospam,N/A,7/31/2017
28,Daum 청소년보호정책[Juvenile Protection Policy],http://policy.daum.net/youthpolicy/youthpolicy,N/A,7/31/2017
29,Kakao 청소년보호정책[Juvenile Protection Policy],http://www.kakao.com/policy/safeguard,N/A,7/31/2017
30,Daum 자기게시물 접근배제 요청 처리 절차[My Posting Removal Request Handling Process],https://cs.daum.net/redbell/right/precludeProcess.html,N/A,7/31/2017
31,Daum 자기게시물 접근배제 도움말[My Posting Removal FAQ],http://cs.daum.net/faq/95/18764.html,N/A,7/31/2017
32,Daum 가입 및 탈퇴 도움말[Sign Up FAQ],http://cs.daum.net/faq/59/8034.html#6353,N/A,7/31/2017
33,Daum 아이디 비밀번호 찾기 도움말[Find My ID Password FAQ],http://cs.daum.net/faq/59/5217.html#27227,N/A,7/31/2017
34,Daum 내정보 관리 도움말[My Information Management FAQ],http://cs.daum.net/faq/59/5218.html#7042,N/A,8/3/2017
35,Daum 내정보 관리 도움말[My Information Management FAQ],http://cs.daum.net/faq/59/5218.html#31031,N/A,8/3/2017
36,카카오계정 도움말,http://www.kakao.com/helps?category=170&locale=ko&service=52,N/A,8/3/2017
36',KakaoAccount Help,http://www.kakao.com/helps?category=184&locale=en&service=52,N/A,8/3/2017
37,카카오 개인정보 라이프사이클,http://privacy.kakaocorp.com/transparence/lifeCycle,N/A,8/3/2017
37',Personal Information Lifecycle,http://privacy.kakaocorp.com/en/transparence/lifeCycle,N/A,8/3/2017
38,Daum 개인정보 위탁업체[Personal Information Outsourcing Companies],http://policy.daum.net/info_protection/popup/info_offer,N/A,8/3/2017
39,Daum 개인정보 제공내역[Personal Information Provision],http://policy.daum.net/info_protection/popup/info_provide_service,N/A,8/3/2017
40,Kakao Parties to be provided with your personal information,http://www.kakao.com/provide_layer,N/A,8/3/2017
41,프라이버시 보호 도움말,http://privacy.kakaocorp.com/faq/protect/page1,N/A,8/3/2017
41',Privacy Protection FAQ,http://privacy.kakaocorp.com/en/faq/protect/page1,N/A,8/3/2017
42,투명성보고서 도움말,http://privacy.kakaocorp.com/faq/report/page1,N/A,8/3/2017
42',Transparency Report FAQ,http://privacy.kakaocorp.com/en/faq/report/page1,N/A,8/3/2017
43,Kakao Parties to be provided with your personal information,http://www.kakao.com/provide_layer,N/A,8/3/2017
44,Kakao 개인정보 제3자 제공,http://www.kakao.com/ko/policy_agree,N/A,8/3/2017
44',Kakao Parties to be provided with your personal information,http://www.kakao.com/en/policy_agree,N/A,8/3/2017
45,Kakao 맞춤형 광고[Kakao Targeted Advertising],http://info.daumdn.com/optout.do,N/A,8/3/2017
46,Daum 메일수신 도움말[Mail Reception FAQ],http://cs.daum.net/faq/43/4589.html?page=5#33960,N/A,8/3/2017
47,Daum 주소록 도움말[Address Book FAQ],http://cs.daum.net/faq/43/4604.html#24158,N/A,8/3/2017
48,정부의 개인정보 요청현황,http://privacy.kakaocorp.com/transparence/report/request,N/A,8/3/2017
48',Government Requests for User Information,http://privacy.kakaocorp.com/en/transparence/report/request,N/A,8/3/2017
49,기술적 보호노력,http://privacy.kakaocorp.com/protection/tech,N/A,8/3/2017
49',Technical Measures,http://privacy.kakaocorp.com/en/protection/tech,N/A,8/3/2017
50,프라이버시 정책 자문위원회,http://privacy.kakaocorp.com/protection/commonssion,N/A,8/3/2017
50',Privacy Policy Advisory Committee,http://privacy.kakaocorp.com/en/protection/commonssion,N/A,8/3/2017
51,정보보호 인증,http://privacy.kakaocorp.com/protection/certification,N/A,8/3/2017
51',Information Security Certifications,http://privacy.kakaocorp.com/en/protection/certification,N/A,8/3/2017
52,Section ‘Miscellaneous’ of Daum Customers Center,http://cs.daum.net/faq/43/18760.html#36395,N/A,8/3/2017
53,"카카오톡 비밀 채팅 모드, 재초대 거부 기능 도입",http://www.kakaocorp.com/pr/pressRelease_view?page=1&group=1&idx=8101,12/8/2014,8/3/2017
53',Secret Chat Mode and Decline Invites Feature Now Available,http://www.kakaocorp.com/en/pr/pressRelease_view?page=1&group=1&idx=8103,12/8/2014,8/3/2017
54,카카오톡 도움말,http://www.kakao.com/helps?category=24&locale=ko&page=6&service=8,N/A,8/3/2017
54',KakaoTalk Help,http://www.kakao.com/helps?category=5&locale=en&page=6&service=8,N/A,8/3/2017
55,Daum 내정보 보호 도움말[My Information Protection FAQ],http://cs.daum.net/faq/59/15645.html?faqId=31041,N/A,8/3/2017
56,Daum 로그인 이용 도움말[Log-In FAQ],http://cs.daum.net/faq/59/8035.html#10027,N/A,8/3/2017
57,Daum 로그인 오류 도움말[Log-In Problem FAQ],http://cs.daum.net/faq/59/14970.html#30993,N/A,8/3/2017
58,카카오톡 도움말,http://www.kakao.com/helps?category=172&locale=ko&service=52,N/A,8/3/2017
58',KakaoTalk Help,http://www.kakao.com/helps?category=186&locale=en&service=52,N/A,8/3/2017
59,Daum 로그인 이용 도움말[Log-in FAQ],http://cs.daum.net/faq/59/8035.html#29554,N/A,8/3/2017
60,Daum 내정보 보호 도움말[My Information Protection FAQ],http://cs.daum.net/faq/59/15645.html#31037,N/A,8/3/2017
61,Daum 보호조치 도움말[Account Protection FAQ],http://cs.daum.net/faq/59/11274.html#33601,N/A,8/3/2017
62,카카오톡 도움말,http://www.kakao.com/helps?category=172&locale=ko&service=52,N/A,8/3/2017
62,KakaoTalk Help,http://www.kakao.com/helps?category=186&locale=en&service=52,N/A,8/3/2017
63,다음-카카오 통합 약관,http://www.kakao.com/policy/terms,3/7/2016,8/10/2017
63',Kakao Comprehensive Terms and Services,http://www.kakao.com/policy/terms,3/7/2016,8/19/2017
64,Kakao Transparency Report FAQ (K),http://privacy.kakaocorp.com/faq/report/page1,N/A,8/27/2017
64',Kakao Transparency Report FAQ (E),http://privacy.kakaocorp.com/en/faq/report/page1,N/A,8/27/2017
65,Security,https://developers.kakao.com/policies/security,NA,2/6/2018
66,Information on Reporting Violation of User Rights,http://www.kakao.com/policy/right,NA,2/6/2018
67,Personal Information Collection Items,http://policy.daum.net/info_protection/popup/info_collect,NA,2/6/2018
68,Kakao account / login / authentication,http://cs.kakao.com/helps?articleId=222874590&category=25&device=15&locale=ko&service=8,NA,2/6/2018
69,Defamation Report,https://cs.daum.net/faq/95/7580.html#11209),NA,2/6/2018
