Source reference number,Document title,URL,Date of document (if applicable),Date accessed
1,MTN Standard Subscriber Terms and Conditions,https://www.mtn.co.za/support/Documents/MTNSubscriberTermsplainlanguae%20_29%20012015_ExecutionVersion.pdf,10/6/2014,7/26/2017
2,MTN Pay As You Go Terms and Conditions,https://www.mtn.co.za/Pages/Website_legal.aspx,7/10/2014,7/27/2017
3,MTN Postpaid Terms and Conditions,https://www.mtn.co.za/Pages/Website_legal.aspx,NA,7/27/2017
4,MTN Privacy Policy,https://www.mtn.co.za/pages/termsandconditions.aspx,01/06/2014,7/27/2017
5,MTN Short Subscriber Agreement,https://www.mtn.co.za/support/Documents/ShortSubscriberAgreement_04022015_ExecutionCopy.pdf,02/04/2015,7/29/2017
6,MTN No Data Facebook Terms & Conditions,https://www.mtn.co.za/Pages/Website_legal.aspx,NA,8/5/2017
7,MTN 2016 Group Sustainability Report,https://www.mtn.com/MTN%20Service%20Detail%20Report%20archive/MTN%20Group%20Sustainability%20Report%202016.pdf,12/31/2016,8/7/2017
8,MTN 2014 Group Sustainability Report,http://www.mtn-investor.com/mtn_ar2014/pdf/sustainability-full.pdf,12/31/2014,8/7/2017
9,MTN 2015 Group Sustainability Report,https://www.mtn.com/MTN%20Service%20Detail%20Report%20archive/MTN_Group_Sustainabilty_Report_2015.pdf,12/31/2015,8/7/2017
10,MTN Position on Human Rights and ICT,https://www.mtn.com/MTN%20Service%20detail%20Document%20library/2013_Digital_Human_Rights.pdf,2014,8/7/2017
11,MTN 2016 Social and Ethics Report,https://www.mtn.com/MTN%20Service%20Detail%20Annual%20Reports/social-ethics-mtn.pdf,12/31/2016,8/7/2017
12,MTN 2013 Social and Ethics Report,http://www.mtn-investor.com/mtn_ar2012/gov-social.php,"March, 2016",8/7/2017
13,MTN Support Pages,https://www.mtn.co.za/support/Support_questions_answered/Pages/Overview.aspx,NA,8/8/2017
14,Business and Human Rights Resource Center,https://business-humanrights.org/en/mtn-0,NA,8/9/2017
15,MTN 2016 Integrated Report,http://www.mtn-investor.com/mtn_ar2016/pdf/full-integrated.pdf,NA,8/22/2017
16,MTN Digital Human Rights,https://www.mtn.com/en/mtn-group/sustainability/sustainable-societies/Pages/digital-human-rights.aspx,NA,10/23/2017
17,MTN South Africa Terms and Conditions,https://www.mtn.co.za/Pages/Termsandconditions.aspx,NA,1/25/2018
