Source #,Document title,URL,Date of document (if applicable),Date accessed
1,Microsoft TOS,https://www.microsoft.com/en-us/legal/intellectualproperty/copyright/default.aspx,,6/25/2015
2,Microsoft Services Agreement,http://windows.microsoft.com/en-us/windows/microsoft-services-agreement,,9/18/2015
3,Skype TOS USA,http://www.skype.com/en/legal/tou-usa/,,6/25/2015
4,Skype TOS Global,http://www.skype.com/en/legal/tou/,,6/25/2015
5,Microsoft Privacy Statement,http://www.microsoft.com/privacystatement/en-us/core/default.aspx,,9/20/2015
6,Bing and MSN Privacy Statement,http://www.microsoft.com/privacystatement/en-us/bingandmsn/default.aspx,,6/26/2015
7,Skype Privacy Statement,https://www.microsoft.com/privacystatement/en-us/skype/default.aspx,,6/26/2015
8,Microsoft Privacy Commitment,http://www.microsoft.com/en-us/twc/privacy/commitment.aspx,,6/29/2015
9,Cookies and Similar Technologies,http://www.microsoft.com/privacystatement/EN-US/Core/default.aspx?componentid=pspCookiesModule&view=Description,,6/29/2015
10,Bing Cookies,https://www.microsoft.com/privacystatement/EN-US/BingandMSN/default.aspx?componentid=pspBingandMSNCollectingYourInformationModule&view=Description,,6/29/2015
11,Outlook Export Contacts,https://support.office.com/en-ca/article/Export-contacts-from-Outlook-and-other-email-services-and-programs-ff357412-38f7-4a3a-b8b9-6514b6ea99e6?ui=en-US&rs=en-CA&ad=CA,,6/29/2015
12,Law Enforcement Requests Report,https://www.microsoft.com/about/corporatecitizenship/en-us/reporting/transparency/,,6/30/2015
13,"LE Principles, Policies and Practices FAQ",https://www.microsoft.com/about/corporatecitizenship/en-us/reporting/transparency/pppfaqs/,,6/30/2015
14,Notices of Infringement,https://www.microsoft.com/info/MSDMCA.aspx,,6/30/2015
15,Notices of Infringement Cloud,https://www.microsoft.com/info/Cloud.aspx,,6/30/2015
16,Notices of Infringement Bing,https://www.microsoft.com/info/Search.aspx,,6/30/2015
17,U.S. National Security Orders Report,https://www.microsoft.com/about/corporatecitizenship/en-us/reporting/fisa/,,6/30/2015
18,Microsoft LE Raw Data,https://www.microsoft.com/About/CorporateCitizenship/en-us/DownloadHandler.ashx?Id=02-02-09,,6/30/2015
19,Trustworthy Computing,https://www.microsoft.com/en-us/twc/security.aspx,,6/30/2015
20,Bug Bounty Program,https://technet.microsoft.com/en-us/library/dn425036.aspx,,6/30/2015
21,Outlook Encryption,http://blogs.microsoft.com/on-the-issues/2014/07/01/advancing-our-encryption-and-transparency-efforts/,,6/30/2015
22,Microsoft 2-Factor,http://windows.microsoft.com/en-au/windows/two-step-verification-faq,,6/30/2015
23,Skype Security,http://www.skype.com/en/security/,,6/30/2015
24,Microsoft Report Vulnerability,https://technet.microsoft.com/en-us/security/ff852094.aspx,,6/30/2015
25,EFF: We Cannot Credit Skype For End-to-end Encryption,https://www.eff.org/deeplinks/2014/11/scorecard-update-we-cannot-credit-skype-end-end-encryption,,6/30/2015
26,Microsoft Online Safety Teens,http://www.microsoft.com/about/corporatecitizenship/en-us/youthspark/youthsparkhub/programs/onlinesafety/,,6/30/2015
27,Microsoft Safety and Security Center,https://www.microsoft.com/security/default.aspx,,6/30/2015
28,What is the Recent activity page,https://www.microsoft.com/en-us/Account/Security/recentactivity.aspx,,6/30/2015
29,Senior Leaders _ News Center,https://news.microsoft.com/microsoft-senior-leaders/,,7/6/2015
30,"Safety, Privacy and the Internet Paradox Digital Constitution",http://digitalconstitution.com/2015/01/safety-privacy-internet-paradox-solutions-hand-need-new-trans-atlantic-rules/,,7/6/2015
31,Brad Smith Archives - Digital Constitution Archive,http://digitalconstitution.com/category/brad-smith/,,7/6/2015
32,Global Human Rights Statement English,http://www.microsoft.com/about/corporatecitizenship/en-us/working-responsibly/principled-business-practices/human-rights/,,7/6/2015
33,2014_Citizenship_Report,https://www.microsoft.com/about/corporatecitizenship/en-us/reporting/,,7/6/2015
34,Trustworthy Computing - Privacy Practices,https://www.microsoft.com/en-us/twc/privacy/practices.aspx,,7/6/2015
35,Brad Smith _ News Center,https://news.microsoft.com/exec/brad-smith/,,7/6/2015
36,Citizenship Technology _ Global Human Rights Center,http://www.microsoft.com/about/corporatecitizenship/en-us/working-responsibly/principled-business-practices/human-rights/,,7/6/2015
37,Brendon Lynch - Microsoft Corporation - Chief Privacy Officer,http://csreports.aspeninstitute.org/Task-Force-on-Learning-and-the-Internet/2014/participants/details/117/Brendon-Lynch,,7/6/2015
38,Trustworthy Computing - Our Commitment,http://www.microsoft.com/en-us/twc/privacy/commitment.aspx,,7/6/2015
39,GNI_Annual_Report_2010,http://globalnetworkinitiative.org/files/GNI_Annual_Report_2010.pdf,,7/6/2015
40,Board of Directors _ Global Network Initiative,https://globalnetworkinitiative.org/board/index.php,,7/6/2015
41,Reform Government Surveillance,https://www.reformgovernmentsurveillance.com/,,7/6/2015
42,Report a Concern,https://www.microsoft.com/en-us/legal/compliance/buscond/integrity.aspx,,7/6/2015
43,Standards of Business Conduct,https://www.microsoft.com/en-us/legal/compliance/buscond/default.aspx,,7/6/2015
44,GNI_2011_Annual_Report,https://globalnetworkinitiative.org/files/GNI_2011_Annual_Report.pdf,,7/6/2015
45,GNI Assessments Public Report,https://globalnetworkinitiative.org/sites/default/files/GNI%20Assessments%20Public%20Report.pdf,,7/6/2015
46,Contact Microsoft Security Team Top Issues MSN Services,https://technet.microsoft.com/en-us/security/cc165610.aspx,,7/6/2015
47,Tell us about your question,http://support2.microsoft.com/gp/privacy-page?ln=EN-US,,10/2/2015
48,Skype IT Administrators Guide,http://download.skype.com/share/business/guides/skype-it-administrators-guide.pdf,,7/10/2015
49,Microsoft Security Development Lifecycle,https://www.microsoft.com/en-us/sdl/default.aspx,,7/10/2015
50,Microsoft Integrity Hotline,https://www.tnwgrc.com/Microsoft/,,7/10/2015
51,Microsoft 2014 Citizenship Report ,https://www.microsoft.com/about/corporatecitizenship/en-us/reporting/,,7/10/2015
52,Notice of Dispute,https://www.microsoft.com/en-us/legal/arbitration/notice.aspx,,8/11/2015
53,Online Services Bug Bounty Terms,https://technet.microsoft.com/en-us/library/dn800983.aspx,,8/17/2015
54,On Microsoft account notifications and the activity history page,http://blogs.msdn.com/b/lcris/archive/2015/01/05/on-microsoft-account-notifications-and-the-activity-history-page.aspx,,8/20/2015
55,Microsoft.com Privacy Statement,http://www.microsoft.com/privacystatement/en-us/core/default.aspx,7/1/2015,9/4/2015
56,Global Network Initiative Independent Assessment ,https://globalnetworkinitiative.org/content/independent-assessments,,9/13/2015
57,Microsoft Global Human Rights Statement,https://www.microsoft.com/About/CorporateCitizenship/en-us/DownloadHandler.ashx?Id=03-01-01,,9/18/2015
58,How Bing delivers search results,http://help.bing.microsoft.com/#apex/18/en-US/10016/0,,9/20/2015
59,Protecting customer data from government snooping,https://blogs.microsoft.com/blog/2013/12/04/protecting-customer-data-from-government-snooping/,12/4/2013,9/21/2015
60,Skype - Suspended Account,https://support.skype.com/en/faq/FA10946/what-should-i-do-if-my-account-is-suspended-hacked-or-compromised,,9/21/2015
61,How to close your Microsoft account,http://windows.microsoft.com/en-us/windows/closing-microsoft-account,,9/21/2015
62,Viewing Skype History,https://support.skype.com/en/faq/FA3391/viewing-my-skype-history-windows-desktop?q=view+information,,9/21/2015
63,Skype Conversation History,https://support.skype.com/en/faq/FA392/where-can-i-find-my-conversation-history-in-skype-for-windows-desktop-and-what-can-i-do-with-it?q=view+information,,9/22/2015
64,Closing a Skype account,https://support.skype.com/en/faq/FA142/how-do-i-close-my-skype-account,,9/22/2015
65,Tell us about your privacy question,https://support.microsoft.com/en-us/getsupport?oaspworkflow=start_1.0.0.0&wfname=capsub&productkey=PrivacyNew_update&locale=en-us,,10/2/2015
66,Report a privacy question,https://support.microsoft.com/en-us/getsupport?oaspworkflow=start_1.0.0.0&wf=0&wfName=capsub&productkey=1310v2-2&locale=en-us&ccsid=635793781122475018,,10/2/2015
67,Privacy Statement-Spanish,https://www.microsoft.com/es-es/privacystatement,,10/4/2015