Source #,Document title,URL,Date of document (if applicable),Date accessed
1,"ToS for data, mobile phone, landline eLife and Etisalat select services",http://www.etisalat.ae/en/system/docs/personal/forms/TermsAndConditions.pdf,2/27/2013,6/17/2015
2,eLife ToS in arabic,http://www.etisalat.ae/ar/system/docs/personal/misc/elife_migration_application.pdf,undated,6/17/2015
3,postpaid mobile ToS in ar,http://www.etisalat.ae/ar/system/docs/personal/forms/the_new_postpaid_application_form_ar.pdf,undated,6/17/2015
4,prepaid mobile ToS in ar,http://www.etisalat.ae/ar/system/docs/personal/forms/ApplicationForm-Wasel-Prepaid_ar.pdf,undated,6/17/2015
5,ToS for smartphone offers in ar,http://www.etisalat.ae/ar/system/docs/personal/forms/mobilephoneservice-en.pdf,undated,6/17/2015
6,ToS for postpaid mobile services in eng,http://www.etisalat.ae/en/system/docs/personal/forms/the_new_postpaid_application_form_en.pdf,undated,6/17/2015
7,ToS for prepaid mobile services in eng,http://www.etisalat.ae/en/system/docs/personal/forms/ApplicationForm-Wasel-Prepaid.pdf,undated,6/17/2015
8,Etisalat privacy policy in arabic,http://www.etisalat.ae/ar/generic/privacy-policy.jsp,last updated on 24 May 2015,6/17/2015
9,Privacy policy in english ,http://www.etisalat.ae/en/generic/privacy-policy.jsp,last updated on 24 May 2015,6/17/2015
10,Press release of 4 November 2013,http://www.etisalat.ae/en/aboutus/media/press/press-releases/2013/pressrelease-internationalcertifications-4Nov2013.jsp,11/4/2013,6/21/2015
11,Etisalat Managed WAN Services,http://www.etisalat.ae/en/business/products-and-services/services/managed-services/managed-wanservice-packages.jsp,,6/21/2015
12,Security & privacy,http://www.etisalat.ae/ar/aboutus/corporate/security.jsp#,undated ,6/21/2015
13,CSR report,http://www.etisalat.com/en/system/docs/reports/Etisalat-CSR-Sustainability-Report-2012_lowres.pdf,,6/21/2015
14,Web content blocking form,http://www.etisalat.ae/en/generic/contactus-forms/web-block-unblock.jsp,,6/21/2015
15,blocking and unblocking internet content,http://www.etisalat.ae/en/aboutus/corporate/blocking-unblocking.jsp,,6/21/2015
16,"Etisalat Group Privacy Policy, English",http://etisalat.com/en/about/privacy-policy.jsp,,7/21/2015
17,eLife ToS in English,http://www.etisalat.ae/en/system/docs/personal/misc/elife_migration_application.pdf,None,7/21/2015
18,Etisalat UAE General Terms & Conditions (Consumer),http://www.etisalat.ae/en/system/docs/personal/misc/General-Terms-and-Conditions-Consumer.pdf,5/24/2015,7/24/2015
19,ToS for smartphone offers in en,http://www.etisalat.ae/en/system/docs/personal/forms/mobilephoneservice-en.pdf,None,7/24/2015
20,Etisalat UAE ISO:IEC 27001-2005 certificate,http://web2.etisalat.ae/eportal/en/corporate/press-releases-details-27-08-2012.html,8/27/2012,7/27/2015