Source #,Document title,URL,Date of document (if applicable),Date accessed
1,Group Website Terms of Use - Spanish,http://www.americamovil.com/amx/es/cm/wm_terms.html,None,6/16/2015
2,Group Website Terms of Use - English,http://www.americamovil.com/amx/en/cm/wm_terms.html,None,6/16/2015
3,Group Website Privacy Policy - Spanish,http://www.americamovil.com/amx/es/cm/wm_policies.html,None,6/16/2015
4,Group Website Privacy Policy - English,http://www.americamovil.com/amx/en/cm/wm_policies.html,None,6/18/2015
5,Group Corporate Governance Policies and Code of Ethics-Spanish and English,http://www.americamovil.com/amx/es/cm/filings/Politicas_de_Gobierno_Corporativo_Es.pdf,None,6/16/2015
6,Group Code of Ethics-Spanish,http://www.americamovil.com/amx/es/cm/filings/etica.pdf,None,6/16/2015
7,Group Code of Ethics-English,http://www.americamovil.com/amx/en/cm/filings/ethics.pdf,None,6/16/2015
8,Group 2014 Sustainability Report-Spanish,http://www.americamovil.com/amx/es/cm/reports/Q/29052015.pdf,2014,6/16/2015
9,Group 2014 Sustainability Report-English,http://www.americamovil.com/amx/en/cm/reports/Q/29052015.pdf,2014,6/16/2015
10,Telcel Website Terms and Conditions of Use - Spanish ,"http://www.telcel.com/portal/home.do (Click ""Términos y condiciones de uso"" in footer)",None,6/15/2015
11,Telcel Website Terms and Conditions of Use - Google Translate English ,"http://www.telcel.com/portal/home.do (Click ""Términos y condiciones de uso"" in footer)",None,6/16/2015
12,Telcel Privacy Policy - Spanish,"http://www.telcel.com/portal/home.do (Click ""Aviso de privacidad"" in the footer)",1/6/2015,6/15/2015
13,Telcel Privacy Policy - Google Translate English,"http://www.telcel.com/portal/home.do (Click ""Aviso de privacidad"" in the footer)",1/6/2015,6/15/2015
14,Telcel Service Delivery Agreement - Spanish,http://www.telcel.com/portal/footer/nuestra_empresa/contrato_servicios.html?mid=4940,2/11/2015,6/17/2015
15,Telcel Service Delivery Agreement Scanned PDF - Spanish,http://www.telcel.com/portal/pdf/ift/contrato_sello.pdf,2/11/2015,6/17/2015
16,Telcel Service Delivery Agreement - Google Translate English,http://www.telcel.com/portal/footer/nuestra_empresa/contrato_servicios.html?mid=4940,2/11/2015,6/16/2015
17,Telcel Code of Business Practice - Spanish,http://www.telcel.com/portal/footer/nuestra_empresa/codigo_practicas.html?mid=4700,2013,6/17/2015
18,Mexico's Telecommunications Regulations,http://portalanterior.ift.org.mx/iftweb/wp-content/uploads/2012/07/78_Reglamento_de_Telecomunicaciones_01.pdf,1/25/2001,6/18/2015
19,Telcel Net Neutrality and Policies for Traffic Management - Spanish,http://www.telcel.com/portal/footer/nuestra_empresa/neutralidad_red.html?mid=4911,None,6/18/2015
20,Telcel Net Neutrality and Policies for Traffic Management - Google Translate English,http://www.telcel.com/portal/footer/nuestra_empresa/neutralidad_red.html?mid=4911,None,6/18/2015
21,Telcel Policy on Use of Covered Social Networks - Spanish,http://www.telcel.com/portal/pdf/ift/Politica_Uso_Redes_Sociales_Incluidas.pdf,None,6/18/2015
22,DLA Piper - Data Protection Laws of the World - Mexico - English,http://www.dlapiperdataprotection.com/#handbook/law-section/c1_MX,3/24/2015,6/19/2015
23,ISO 9001:2008 Certification - English,http://www.iso.org/iso/catalogue_detail?csnumber=46486,11/15/2008,6/19/2015
24,Telcel Reporting Theft - Spanish,http://www.sct.gob.mx/fileadmin/ajardon/Material/Reportar-robo.pdf,None,6/19/2015
25,Telcel Malware on Mobile Devices - Spanish,http://www.telcel.com/portal/footer/nuestra_empresa/avisos_seguridad.html?mid=4100,None,6/19/2015
26,Tips For Your Telcel - Spanish,http://www.telcel.com/portal/pdf/bienestar/diptico_tipsTelcel.pdf,None,6/19/2015
27,Group Executive Directory,http://americamovil.com/amx/en/cm/about/directory.html?p=28&s=35,None,6/19/2015
28,Group 2014 Annual Report - Spanish,http://americamovil.com/amx/en/cm/filings/170615.pdf,2014,6/20/2015
29,Anatel - Nos Importa Mexico Campaign - Spanish,http://www.anatel.org.mx/privacidad.php,None,6/20/2015
30,Anatel - Structure - Spanish,http://www.anatel.org.mx/estructura.php,None,6/20/2015