,,,,,,
C1,MTN (group) - Freedom of Expression,MTN (group) - Privacy,MTN South Africa (operating company) - Freedom of Expression,MTN South Africa (operating company) - Privacy,,
Consolidated answer A,yes,yes,yes,yes,,
Consolidated answer B,Executive-level comment: a senior executive has made statements in a prominent venue.,Executive-level comment: a senior executive has made statements in a prominent venue.,Executive-level comment: a senior executive has made statements in a prominent venue.,Executive-level comment: a senior executive has made statements in a prominent venue.,,
Comments (explain score),"Answer A: The MTN Position on Human Rights and ICT (source 14) states, ""We believe in the rights of all people to freely communicate and share information, and to enjoy the right to privacy and security in their use of digital, telephonic and internet-based communications.""

Answer B: Executive-level commitment is evidenced by op-ed article written by CEO Sifiso Dabengwa: ""One of our core values is to respect the human rights — including privacy — of all people in the markets in which we operate. We oppose the abuse of such rights by any party, including governments"" (Source 22)","Answer A: The MTN Position on Human Rights and ICT (source 14) states, ""We believe in the rights of all people to freely communicate and share information, and to enjoy the right to privacy and security in their use of digital, telephonic and internet-based communications.""

Answer B: Executive-level commitment is evidenced by op-ed article written by CEO Sifiso Dabengwa: ""One of our core values is to respect the human rights — including privacy — of all people in the markets in which we operate. We oppose the abuse of such rights by any party, including governments"" (Source 22)","Answer A: The MTN Position on Human Rights and ICT (source 14) states, ""We believe in the rights of all people to freely communicate and share information, and to enjoy the right to privacy and security in their use of digital, telephonic and internet-based communications.""

Answer B: Executive-level commitment is evidenced by op-ed article written by CEO Sifiso Dabengwa: ""One of our core values is to respect the human rights — including privacy — of all people in the markets in which we operate. We oppose the abuse of such rights by any party, including governments"" (Source 22)","Answer A: The MTN Position on Human Rights and ICT (source 14) states, ""We believe in the rights of all people to freely communicate and share information, and to enjoy the right to privacy and security in their use of digital, telephonic and internet-based communications.""

Answer B: Executive-level commitment is evidenced by op-ed article written by CEO Sifiso Dabengwa: ""One of our core values is to respect the human rights — including privacy — of all people in the markets in which we operate. We oppose the abuse of such rights by any party, including governments"" (Source 22)",,
"Sources (reference, specific page, section, etc.)","14,22","14,22","14,22","14,22",,
,,,,,,
Points for A,100,100,100,100,,
Points for B,100,100,100,100,,
,,,,,,
Level score,100.00,100.00,100.00,100.00,,
,,,,,,
Indicator score based on level weighting,100.00,,,,,
,,,,,,
C2,MTN (group) - Freedom of Expression,MTN (group) - Privacy,MTN South Africa (operating company) - Freedom of Expression,MTN South Africa (operating company) - Privacy,mobile (service) - Freedom of Expression,mobile (service) - Privacy
Consolidated answer for Element 1:,yes: Board-level oversight: a board committee has formal oversight over how company practices affect freedom of expression and privacy.,yes: Board-level oversight: a board committee has formal oversight over how company practices affect freedom of expression and privacy.,yes: Board-level oversight: a board committee has formal oversight over how company practices affect freedom of expression and privacy.,yes: Board-level oversight: a board committee has formal oversight over how company practices affect freedom of expression and privacy.,yes: Board-level oversight: a board committee has formal oversight over how company practices affect freedom of expression and privacy.,yes: Board-level oversight: a board committee has formal oversight over how company practices affect freedom of expression and privacy.
Consolidated answer for Element 2:,no/insufficient evidence,no/insufficient evidence,no/insufficient evidence,no/insufficient evidence,no/insufficient evidence,no/insufficient evidence
Consolidated answer for Element 3:,no/insufficient evidence,no/insufficient evidence,no/insufficient evidence,no/insufficient evidence,no/insufficient evidence,no/insufficient evidence
Comments (explain score),"Element 1: MTN's ""ICT Human Rights"" page (Source 20) section on ""Policy, governance, risk management and stakeholder engagement,"" says, ""MTN's social and ethics committee, a sub-committee of the Group board, has ultimate oversight over ICT human rights matters for the Group. The policy was informed by articles set out in the United Nations' Universal Declaration of Human Rights, the United Nations' Protect, Respect and Remedy Framework, positions adopted by the GSMA and ITU in freedom of expression, privacy and security, and Access Now's Telco Action Plan as appropriate. This policy is complemented by the Group's information security policy and provision of communication-related information policy, both of which were also developed or updated in 2013.

Elements 2-3: No evidence found.
","Element 1: MTN's ""ICT Human Rights"" page (Source 20) section on ""Policy, governance, risk management and stakeholder engagement,"" says, ""MTN's social and ethics committee, a sub-committee of the Group board, has ultimate oversight over ICT human rights matters for the Group. The policy was informed by articles set out in the United Nations' Universal Declaration of Human Rights, the United Nations' Protect, Respect and Remedy Framework, positions adopted by the GSMA and ITU in freedom of expression, privacy and security, and Access Now's Telco Action Plan as appropriate. This policy is complemented by the Group's information security policy and provision of communication-related information policy, both of which were also developed or updated in 2013.

Elements 2-3: No evidence found.
","Element 1: MTN's ""ICT Human Rights"" page (Source 20) section on ""Policy, governance, risk management and stakeholder engagement,"" says, ""MTN's social and ethics committee, a sub-committee of the Group board, has ultimate oversight over ICT human rights matters for the Group. The policy was informed by articles set out in the United Nations' Universal Declaration of Human Rights, the United Nations' Protect, Respect and Remedy Framework, positions adopted by the GSMA and ITU in freedom of expression, privacy and security, and Access Now's Telco Action Plan as appropriate. This policy is complemented by the Group's information security policy and provision of communication-related information policy, both of which were also developed or updated in 2013.

Element 2-3: No evidence found.
","Element 1: MTN's ""ICT Human Rights"" page (Source 20) section on ""Policy, governance, risk management and stakeholder engagement,"" says, ""MTN's social and ethics committee, a sub-committee of the Group board, has ultimate oversight over ICT human rights matters for the Group. The policy was informed by articles set out in the United Nations' Universal Declaration of Human Rights, the United Nations' Protect, Respect and Remedy Framework, positions adopted by the GSMA and ITU in freedom of expression, privacy and security, and Access Now's Telco Action Plan as appropriate. This policy is complemented by the Group's information security policy and provision of communication-related information policy, both of which were also developed or updated in 2013.

Elements 2-3: No evidence found.
","1. MTN's ""ICT Human Rights"" page (Source 20) section on ""Policy, governance, risk management and stakeholder engagement,"" says, 
""MTN's social and ethics committee, a sub-committee of the Group board, has ultimate oversight over ICT human rights matters for the Group. The policy was informed by articles set out in the United Nations' Universal Declaration of Human Rights, the United Nations' Protect, Respect and Remedy Framework, positions adopted by the GSMA and ITU in freedom of expression, privacy and security, and Access Now's Telco Action Plan as appropriate. This policy is complemented by the Group's information security policy and provision of communication-related information policy, both of which were also developed or updated in 2013.

2-3. No evidence found.
","Element 1: MTN's ""ICT Human Rights"" page (Source 20) section on ""Policy, governance, risk management and stakeholder engagement,"" says, ""MTN's social and ethics committee, a sub-committee of the Group board, has ultimate oversight over ICT human rights matters for the Group. The policy was informed by articles set out in the United Nations' Universal Declaration of Human Rights, the United Nations' Protect, Respect and Remedy Framework, positions adopted by the GSMA and ITU in freedom of expression, privacy and security, and Access Now's Telco Action Plan as appropriate. This policy is complemented by the Group's information security policy and provision of communication-related information policy, both of which were also developed or updated in 2013.

Elements 2-3: No evidence found.
"
"Sources (reference, specific page, section, etc.)",20,20,20,20,20,20
,,,,,,
Points for 1,100,100,100,100,100,100
Points for 2,0,0,0,0,0,0
Points for 3,0,0,0,0,0,0
,,,,,,
Level score,33.33,33.33,33.33,33.33,33.33,33.33
,,,,,,
Indicator score based on level weighting,33.33,,,,,
,,,,,,
C3,MTN (group) - Freedom of Expression,MTN (group) - Privacy,MTN South Africa (operating company) - Freedom of Expression,MTN South Africa (operating company) - Privacy,mobile (service) - Freedom of Expression,mobile (service) - Privacy
Consolidated answer for Element 1:,no/insufficient evidence,no/insufficient evidence,no/insufficient evidence,no/insufficient evidence,no/insufficient evidence,no/insufficient evidence
Consolidated answer for Element 2:,no/insufficient evidence,no/insufficient evidence,no/insufficient evidence,no/insufficient evidence,no/insufficient evidence,no/insufficient evidence
Comments (explain score),"Element 1: In its, ""MTN Group Limited Integrated Report"" for 2014, (source 18, p. 51), the company mentions that five ethics officers have completed the Ethics Officer Certification Programme (EOCP), but there is no evidence that this provides training on freedom of expression and privacy.

Element 2: In its, ""MTN Group Limited Integrated Report"" for 2014, (source 18, p. 49, 51. 93) describe the company's whistleblower program. However, this disclosure suggests that the whistleblower program focuses on fraud reduction. A footnote on pg. 88 says, ""In 2014 we changed the definition of whistleblower tip-offs to only report tip-offs received on fraudulent activity."" P. 51 section on ""Code and policies"" suggests the company adopted its whistle-blowing policy as a way to, ""mitigate the risks associated with bribery and corruption in the workplace."" Thus, while the company does have a whistleblowing program, there is no evidence that it is a venue for employee complaints related to freedom of expression and privacy.","Element 1: In its, ""MTN Group Limited Integrated Report"" for 2014, (source 18, p. 51), the company mentions that five ethics officers have completed the Ethics Officer Certification Programme (EOCP), but there is no evidence that this provides training on freedom of expression and privacy.

Element 2: In its, ""MTN Group Limited Integrated Report"" for 2014, (source 18, p. 49, 51. 93) describe the company's whistleblower program. However, this disclosure suggests that the whistleblower program focuses on fraud reduction. A footnote on pg. 88 says, ""In 2014 we changed the definition of whistleblower tip-offs to only report tip-offs received on fraudulent activity."" P. 51 section on ""Code and policies"" suggests the company adopted its whistle-blowing policy as a way to, ""mitigate the risks associated with bribery and corruption in the workplace."" Thus, while the company does have a whistleblowing program, there is no evidence that it is a venue for employee complaints related to freedom of expression and privacy.","Element 1: In its, ""MTN Group Limited Integrated Report"" for 2014, (source 18, p. 51), the company mentions that five ethics officers have completed the Ethics Officer Certification Programme (EOCP), but there is no evidence that this provides training on freedom of expression and privacy.

Element 2: In its, ""MTN Group Limited Integrated Report"" for 2014, (source 18, p. 49, 51. 93) describe the company's whistleblower program. However, this disclosure suggests that the whistleblower program focuses on fraud reduction. A footnote on pg. 88 says, ""In 2014 we changed the definition of whistleblower tip-offs to only report tip-offs received on fraudulent activity."" P. 51 section on ""Code and policies"" suggests the company adopted its whistle-blowing policy as a way to, ""mitigate the risks associated with bribery and corruption in the workplace."" Thus, while the company does have a whistleblowing program, there is no evidence that it is a venue for employee complaints related to freedom of expression and privacy.","Element 1: In its, ""MTN Group Limited Integrated Report"" for 2014, (source 18, p. 51), the company mentions that five ethics officers have completed the Ethics Officer Certification Programme (EOCP), but there is no evidence that this provides training on freedom of expression and privacy.

Element 2: In its, ""MTN Group Limited Integrated Report"" for 2014, (source 18, p. 49, 51. 93) describe the company's whistleblower program. However, this disclosure suggests that the whistleblower program focuses on fraud reduction. A footnote on pg. 88 says, ""In 2014 we changed the definition of whistleblower tip-offs to only report tip-offs received on fraudulent activity."" P. 51 section on ""Code and policies"" suggests the company adopted its whistle-blowing policy as a way to, ""mitigate the risks associated with bribery and corruption in the workplace."" Thus, while the company does have a whistleblowing program, there is no evidence that it is a venue for employee complaints related to freedom of expression and privacy.","Element 1: In its, ""MTN Group Limited Integrated Report"" for 2014, (source 18, p. 51), the company mentions that five ethics officers have completed the Ethics Officer Certification Programme (EOCP), but there is no evidence that this provides training on freedom of expression and privacy.

Element 2: In its, ""MTN Group Limited Integrated Report"" for 2014, (source 18, p. 49, 51. 93) describe the company's whistleblower program. However, this disclosure suggests that the whistleblower program focuses on fraud reduction. A footnote on pg. 88 says, ""In 2014 we changed the definition of whistleblower tip-offs to only report tip-offs received on fraudulent activity."" P. 51 section on ""Code and policies"" suggests the company adopted its whistle-blowing policy as a way to, ""mitigate the risks associated with bribery and corruption in the workplace."" Thus, while the company does have a whistleblowing program, there is no evidence that it is a venue for employee complaints related to freedom of expression and privacy.","Element 1: In its, ""MTN Group Limited Integrated Report"" for 2014, (source 18, p. 51), the company mentions that five ethics officers have completed the Ethics Officer Certification Programme (EOCP), but there is no evidence that this provides training on freedom of expression and privacy.

Element 2: In its, ""MTN Group Limited Integrated Report"" for 2014, (source 18, p. 49, 51. 93) describe the company's whistleblower program. However, this disclosure suggests that the whistleblower program focuses on fraud reduction. A footnote on pg. 88 says, ""In 2014 we changed the definition of whistleblower tip-offs to only report tip-offs received on fraudulent activity."" P. 51 section on ""Code and policies"" suggests the company adopted its whistle-blowing policy as a way to, ""mitigate the risks associated with bribery and corruption in the workplace."" Thus, while the company does have a whistleblowing program, there is no evidence that it is a venue for employee complaints related to freedom of expression and privacy."
"Sources (reference, specific page, section, etc.)",18,18,18,18,18,18
,,,,,,
Points for 1,0,0,0,0,0,0
Points for 2,0,0,0,0,0,0
,,,,,,
Level score,0.00,0.00,0.00,0.00,0.00,0.00
,,,,,,
Indicator score based on level weighting,0.00,,,,,
,,,,,,
C4,MTN (group) - Freedom of Expression,MTN (group) - Privacy,MTN South Africa (operating company) - Freedom of Expression,MTN South Africa (operating company) - Privacy,mobile (service) - Freedom of Expression,mobile (service) - Privacy
Consolidated answer for Element 1,no/insufficient evidence,no/insufficient evidence,no/insufficient evidence,no/insufficient evidence,no/insufficient evidence,no/insufficient evidence
Consolidated answer for Element 2,no/insufficient evidence,no/insufficient evidence,no/insufficient evidence,no/insufficient evidence,no/insufficient evidence,no/insufficient evidence
Consolidated answer for Element 3,no/insufficient evidence,no/insufficient evidence,no/insufficient evidence,no/insufficient evidence,no/insufficient evidence,no/insufficient evidence
Consolidated answer for Element 4,no/insufficient evidence,no/insufficient evidence,no/insufficient evidence,no/insufficient evidence,no/insufficient evidence,no/insufficient evidence
Consolidated answer for Element 5,no/insufficient evidence,no/insufficient evidence,no/insufficient evidence,no/insufficient evidence,no/insufficient evidence,no/insufficient evidence
Consolidated answer for Element 6,no/insufficient evidence,no/insufficient evidence,no/insufficient evidence,no/insufficient evidence,no/insufficient evidence,no/insufficient evidence
Consolidated answer for Element 7,no/insufficient evidence,no/insufficient evidence,no/insufficient evidence,no/insufficient evidence,no/insufficient evidence,no/insufficient evidence
Consolidated answer for Element 8,no/insufficient evidence,no/insufficient evidence,no/insufficient evidence,no/insufficient evidence,no/insufficient evidence,no/insufficient evidence
Consolidated answer for Element 9,no/insufficient evidence,no/insufficient evidence,no/insufficient evidence,no/insufficient evidence,no/insufficient evidence,no/insufficient evidence
Comments (explain score),No evidence found.,No evidence found.,No evidence found.,No evidence found.,No evidence found.,No evidence found.
"Sources (reference, specific page, section, etc.)",,,,,,
,,,,,,
Points for 1,0,0,0,0,0,0
Points for 2,0,0,0,0,0,0
Points for 3,0,0,0,0,0,0
Points for 4,0,0,0,0,0,0
Points for 5,0,0,0,0,0,0
Points for 6,0,0,0,0,0,0
Points for 7,0,0,0,0,0,0
Points for 8,0,0,0,0,0,0
Points for 9,0,0,0,0,0,0
,,,,,,
Level score,0.00,0.00,0.00,0.00,0.00,0.00
,,,,,,
Indicator score based on level weighting,0.00,,,,,
,,,,,,
C5,MTN (group) - Freedom of Expression,MTN (group) - Privacy,MTN South Africa (operating company) - Freedom of Expression,MTN South Africa (operating company) - Privacy,,
Element A satisfied?,no/insufficient evidence,no/insufficient evidence,no/insufficient evidence,no/insufficient evidence,,
"If ""yes"" on Element A --> skip all B elements.
If ""no"" on Element A --> continue with B:",,,,,,
Element B.1 satisfied?,no/insufficient evidence,no/insufficient evidence,no/insufficient evidence,no/insufficient evidence,,
Element B.2 satisfied?,no/insufficient evidence,no/insufficient evidence,no/insufficient evidence,no/insufficient evidence,,
Comments (explain score),No evidence found.,No evidence found.,No evidence found.,No evidence found.,,
"Sources (reference, specific page, section, etc.)",,,,,,
,,,,,,
Points for A,0,0,0,0,,
Points for B.1,0,0,0,0,,
Points for B.2,0,0,0,0,,
,,,,,,
Level score,0.00,0.00,0.00,0.00,,
,,,,,,
Indicator score based on level weighting,0.00,,,,,
,,,,,,
C6,MTN (group) - Freedom of Expression,MTN (group) - Privacy,MTN South Africa (operating company) - Freedom of Expression,MTN South Africa (operating company) - Privacy,mobile (service) - Freedom of Expression,mobile (service) - Privacy
Consolidated answer for Element 1:,no/insufficient evidence,no/insufficient evidence,no/insufficient evidence,no/insufficient evidence,no/insufficient evidence,no/insufficient evidence
Consolidated answer for Element 2:,no/insufficient evidence,no/insufficient evidence,no/insufficient evidence,no/insufficient evidence,no/insufficient evidence,no/insufficient evidence
Consolidated answer for Element 3:,no/insufficient evidence,no/insufficient evidence,no/insufficient evidence,no/insufficient evidence,no/insufficient evidence,no/insufficient evidence
Consolidated answer for Element 4:,no/insufficient evidence,no/insufficient evidence,no/insufficient evidence,no/insufficient evidence,no/insufficient evidence,no/insufficient evidence
Consolidated answer for Element 5:,no/insufficient evidence,no/insufficient evidence,no/insufficient evidence,no/insufficient evidence,no/insufficient evidence,no/insufficient evidence
Comments (explain score),No evidence found.,No evidence found.,"Element 1: The standard subscriber agreement states, ""Complaints - If you are not satisfied with the Network Services or if you are unhappy that we have cancelled any of the Network Services, you may lodge a complaint in accordance with the procedure prescribed by ICASA on their website: https://www.icasa.org.za/. "" This references an external complaints mechanism, not one operated by the company. For this reason, the company does not receive credit on this element. (Source 3, Section 24.1)

Elements 2-5: No evidence found.","Element 1-2: The privacy policy (source 11) Section 11 says, ""Please let us know- If you believe your MTN website and/or mobile application account has been compromised; If you have been contacted by someone via email about your MTN websites, mobile applications, products and services account asking for a password, birth date or other personal information; If you believe your personal information has been used for fraudulent activity; If you are a member of the security community and need to report a technical vulnerability; and For any other enquiry relating to information privacy and security."" It instructs users to follow the procedures laid out in the ""Promotion of Access to Information Act,"" which is explained earlier on the webpage. However, this indicator seeks disclosure that companies have a mechanism specifically designed to address user complaints or concerns, which is not the same as sending an inquiry. Though it lists several security concerns that users can report, it does not specify whether this feedback mechanism is a venue where users can report concerns about how the company's policies or practices may be violating their privacy.

Elements 3-5: No evidence found.","Element 1: The standard subscriber agreement states, ""Complaints - If you are not satisfied with the Network Services or if you are unhappy that we have cancelled any of the Network Services, you may lodge a complaint in accordance with the procedure prescribed by ICASA on their website: https://www.icasa.org.za/. "" This references an external complaints mechanism, not one operated by the company. For this reason, the company does not receive credit on this element. (Source 3, Section 24.1)

Elements 2-5: No evidence found.","Element 1-2: The privacy policy (source 11) Section 11 says, ""Please let us know- If you believe your MTN website and/or mobile application account has been compromised; If you have been contacted by someone via email about your MTN websites, mobile applications, products and services account asking for a password, birth date or other personal information; If you believe your personal information has been used for fraudulent activity; If you are a member of the security community and need to report a technical vulnerability; and For any other enquiry relating to information privacy and security."" It instructs users to follow the procedures laid out in the ""Promotion of Access to Information Act,"" which is explained earlier on the webpage. However, this indicator seeks disclosure that companies have a mechanism specifically designed to address user complaints or concerns, which is not the same as sending an inquiry. Though it lists several security concerns that users can report, it does not specify whether this feedback mechanism is a venue where users can report concerns about how the company's policies or practices may be violating their privacy.

Elements 3-5: No evidence found."
"Sources (reference, specific page, section, etc.)",,,3,11,3,11
,,,,,,
Points for 1,0,0,0,0,0,0
Points for 2,0,0,0,0,0,0
Points for 3,0,0,0,0,0,0
Points for 4,0,0,0,0,0,0
Points for 5,0,0,0,0,0,0
,,,,,,
Level score,0.00,0.00,0.00,0.00,0.00,0.00
,,,,,,
Indicator score based on level weighting,0.00,,,,,
,,,,,,
F1,MTN (group),MTN South Africa (operating company),mobile (service),,,
Consolidated answer for Element 1:,no/insufficient evidence,yes: Free: The company’s terms of service (ToS) are freely available and easy to find without needing to sign up or subscribe.,yes: Free: The company’s terms of service (ToS) are freely available and easy to find without needing to sign up or subscribe.,,,
Consolidated answer for Element 2:,no/insufficient evidence,no/insufficient evidence,no/insufficient evidence,,,
Consolidated answer for Element 3:,no/insufficient evidence,yes: Easy to understand: The ToS are presented in an understandable manner.,yes: Easy to understand: The ToS are presented in an understandable manner.,,,
Comments (explain score),There is no Group ToS available online. There is a document called the terms of use but it applies to the use of the website not the services.,"Element 1: The short subscriber agreement (Source 2) and the standard subscriber agreement (Source 3) are freely available and located two clicks from the home page (Click Support, Click the button, ""Subscriber Forms -- Click Here"" located in the upper right).

Element 2: The short subscriber agreement (Source 2) and the standard subscriber agreement (Source 3) are available in English, but there is no evidence that they are available in any of the other official languages of South Africa.

Element 3: The short subscriber agreement (Source 2) uses section headings, numbered clauses, a typical font size, and short paragraphs. The standard subscriber agreement (Source 3) uses section headings, bulleted lists, a typical font size, and boxes that highlight important clauses.","Element 1: The short subscriber agreement (Source 2) and the standard subscriber agreement (Source 3) are freely available and located two clicks from the home page (Click Support, Click the button, ""Subscriber Forms -- Click Here"" located in the upper right).

Element 2: The short subscriber agreement (Source 2) and the standard subscriber agreement (Source 3) are available in English, but there is no evidence that they are available in any of the other official languages of South Africa.

Element 3: The short subscriber agreement (Source 2) uses section headings, numbered clauses, a typical font size, and short paragraphs. The standard subscriber agreement (Source 3) uses section headings, bulleted lists, a typical font size, and boxes that highlight important clauses.",,,
"Sources (reference, specific page, section, etc.)",1,"2,3","2,3",,,
,,,,,,
Points for 1,0,100,100,,,
Points for 2,0,0,0,,,
Points for 3,0,100,100,,,
,,,,,,
Level score,0.00,66.67,66.67,,,
,,,,,,
Indicator score based on level weighting,66.67,,,,,
,,,,,,
F2,MTN (group),MTN South Africa (operating company),mobile (service),,,
Consolidated answer for Element 1:,no/insufficient evidence,partial,partial,,,
Consolidated answer for Element 2:,no/insufficient evidence,partial,partial,,,
Consolidated answer for Element 3:,no/insufficient evidence,no/insufficient evidence,no/insufficient evidence,,,
Comments (explain score),No evidence found.,"The Short Subscriber Agreement (Source 2) Section 19.2 says, ""MTN will endeavor to give you at least 20 (twenty) business days prior written notice (which includes notice by SMS) of any changes or amendments but is entitled to give you a shorter period of notice or no prior notice where this is reasonable in the circumstances or where it is necessary in order to comply with law or with the requirements of ICASA."" 

The Standard Subscriber Agreement (Source 3) Section 16.1 says, ""What changes are we allowed to make? We may make changes to  the Contract, the Charges, the Network Services and the Charge Limits by giving you (at least) 20 Business Days' notice in writing before we make a change,"" and section 16.2 says, ""Short or no notice - We may give you shorter notice or no notice, if it is reasonable  or if we have to comply with law or the requirements of ICASA.""

Elements 1-2: The company says it may provide direct notification of changes via SMS, but it also says it may give no notice at all. For this reaon, the company receives partial credit.

Element 3: No evidence found.
","The Short Subscriber Agreement (Source 2) Section 19.2 says, ""MTN will endeavor to give you at least 20 (twenty) business days prior written notice (which includes notice by SMS) of any changes or amendments but is entitled to give you a shorter period of notice or no prior notice where this is reasonable in the circumstances or where it is necessary in order to comply with law or with the requirements of ICASA."" 

The Standard Subscriber Agreement (Source 3) Section 16.1 says, ""What changes are we allowed to make? We may make changes to  the Contract, the Charges, the Network Services and the Charge Limits by giving you (at least) 20 Business Days' notice in writing before we make a change,"" and section 16.2 says, ""Short or no notice - We may give you shorter notice or no notice, if it is reasonable  or if we have to comply with law or the requirements of ICASA.""

Element 1: The company says it may provide direct notification of changes via SMS, but it also says it may give no notice at all. For this reason, the company receives partial credit.

Element 2: The company says it may provide notice 20 business days before changes take effect, but it also says it may give no notice at all. For this reason, the company receives partial credit.

Element 3: No evidence found.
",,,
"Sources (reference, specific page, section, etc.)",,"Source 2, Section 19
Source 3, Section 16.1 and 16.2","Source 2, Section 19
Source 3, Section 16.1 and 16.2",,,
,,,,,,
Points for 1,0,50,50,,,
Points for 2,0,50,50,,,
Points for 3,0,0,0,,,
,,,,,,
Level score,0.00,33.33,33.33,,,
,,,,,,
Indicator score based on level weighting,33.33,,,,,
,,,,,,
F3,MTN (group),MTN South Africa (operating company),mobile (service),,,
Consolidated answer for Element 1:,no/insufficient evidence,yes: The company explains what types of content or activities it does not permit.,yes: The company explains what types of content or activities it does not permit.,,,
Consolidated answer for Element 2:,no/insufficient evidence,no/insufficient evidence,no/insufficient evidence,,,
Consolidated answer for Element 3:,no/insufficient evidence,no/insufficient evidence,no/insufficient evidence,,,
Comments (explain score),No evidence found.,"Element 1: The subscriber agreement (Source 2) Section 9.1.1 says users, ""will not use or allow the network services for any improper, immoral, fraudulent or unlawful purpose,"" and Section 9.1.2 says users, ""will not commercially exploit the network services nor allow the network services to be used for  commercial purposes, including without limitation, the selling or reselling of the network services, bulk calling, bulk SMS, grey routing, least-cost routing (LCR)  or fixed terminals, for commercial or business purposes. Any use of the network services outside of what is considered reasonable for private non-commercial use and in instances through mechanisms and/or automated systems and means not intended for personal use, will be considered as abuse."" Section 9.1.3 says, users, ""will only use mobile devices approved by ICASA together with the SIM Card on the network."" Source 3 Sections 11.1, 11.2, and 11.3 have similar language.

Element 2: The agreements do not explain the company's process for enforcing these rules.

Element 3: The agreements do not provide specific examples to help users understand the rules and how they are enforced.","Element 1: The subscriber agreement (Source 2) Section 9.1.1 says users, ""will not use or allow the network services for any improper, immoral, fraudulent or unlawful purpose,"" and Section 9.1.2 says users, ""will not commercially exploit the network services nor allow the network services to be used for commercial purposes, including without limitation, the selling or reselling of the network services, bulk calling, bulk SMS, grey routing, least-cost routing (LCR)  or fixed terminals, for commercial or business purposes. Any use of the network services outside of what is considered reasonable for private non-commercial use and in instances through mechanisms and/or automated systems and means not intended for personal use, will be considered as abuse."" Section 9.1.3 says, users, ""will only use mobile devices approved by ICASA together with the SIM Card on the network."" Source 3 Sections 11.1, 11.2, and 11.3 have similar language. In addition, the policy on ""Smartphone Internet Services"" (Source 10) section on ""Use of the Smartphone Services"" says, ""The Services are not recommended to be used for the following: a) To download large files using Peer to Peer as well as video or music streaming.  b) As a modem connected to a personal computer or laptop. c) In a way that it does not comply with the Service’s primary intentions.""

Element 2: The agreements do not explain the company's process for enforcing these rules.

Element 3: The agreements do not provide specific examples to help users understand the rules and how they are enforced.",,,
"Sources (reference, specific page, section, etc.)",,"Source 2, Section 9.1.1 and 9.1.2
Source 3, Section 11.1, 11.2 and 11.3","Source 2, Section 9.1.1 and 9.1.2
Source 3, Section 11.1, 11.2 and 11.3
Source 10",,,
,,,,,,
Points for 1,0,100,100,,,
Points for 2,0,0,0,,,
Points for 3,0,0,0,,,
,,,,,,
Level score,0.00,33.33,33.33,,,
,,,,,,
Indicator score based on level weighting,33.33,,,,,
,,,,,,
F4,MTN (group),MTN South Africa (operating company),mobile (service),,,
Consolidated answer for Element 1:,no/insufficient evidence,yes: The company explains the reason(s) why it may restrict a user’s account.  ,yes: The company explains the reason(s) why it may restrict a user’s account.  ,,,
Consolidated answer for Element 2:,yes: The company explains why it may shut down or restrict service to a particular area or group of users (where applicable). ,partial,partial,,,
Consolidated answer for Element 3:,no/insufficient evidence,no/insufficient evidence,no/insufficient evidence,,,
Comments (explain score),"Element 1: No evidence found.

Element 2: MTN's ""ICT Human Rights"" page (Source 20) section on ""Policy, governance, risk management and stakeholder engagement,"" says, ""In some countries, the probability of human rights-related events may be higher than in others. The Group therefore ensures that the management team of each country maintains discretion on context-specific mitigation and management responses. In-country national emergency response teams or similar cross-functional teams comprising divisional heads and the CEO manage human rights matters and  emergency situations, e.g. requests for service shutdowns. Operating protocols specific to the situation will immediately be initiated, e.g.  requests for shutting down communication networks will require formal directives under law, or reference to specific licence conditions, as part of the review process undertaken by these teams. The country CEO will also alert designated Group executive committee members regarding emergency or crisis matters.""

This states that the company may shut down access to the service under, ""formal directives under law, or reference to specific licence conditions.""

Element 3: No evidence found.","Element 1: The short subscriber agreement (Source 2) Section 13 and the standard subscriber agreement (Source 3) Sections 7.6, 10.2, 10.7, and 10.9 list the reasons why MTN may suspend a user's access to the service. 

Element 2: Partial credit for country & service level based on the fact that there is group disclosure, but it is not clear to what extent is applies downwards. MTN's ""ICT Human Rights"" page (Source 20) section on ""Policy, governance, risk management and stakeholder engagement,"" says, ""In some countries, the probability of human rights-related events may be higher than in others. The Group therefore ensures that the management team of each country maintains discretion on context-specific mitigation and management responses. In-country national emergency response teams or similar cross-functional teams comprising divisional heads and the CEO manage human rights matters and  emergency situations, e.g. requests for service shutdowns. Operating protocols specific to the situation will immediately be initiated, e.g.  requests for shutting down communication networks will require formal directives under law, or reference to specific licence conditions, as part of the review process undertaken by these teams. The country CEO will also alert designated Group executive committee members regarding emergency or crisis matters.""

This states that the company may shut down access to the service under, ""formal directives under law, or reference to specific licence conditions.""

Element 3: The agreements do not provide specific examples of situations that may trigger restriction or denial of service by the company.","Element 1: The short subscriber agreement (Source 2) Section 13 and the standard subscriber agreement (Source 3) Sections 7.6, 10.2, 10.7, and 10.9 list the reasons why MTN may suspend a user's access to the service. 

Element 2: Partial credit for country & service level based on the fact that there is group disclosure, but it is not clear to what extent is applies downwards. MTN's ""ICT Human Rights"" page (Source 20) section on ""Policy, governance, risk management and stakeholder engagement,"" says, ""In some countries, the probability of human rights-related events may be higher than in others. The Group therefore ensures that the management team of each country maintains discretion on context-specific mitigation and management responses. In-country national emergency response teams or similar cross-functional teams comprising divisional heads and the CEO manage human rights matters and  emergency situations, e.g. requests for service shutdowns. Operating protocols specific to the situation will immediately be initiated, e.g.  requests for shutting down communication networks will require formal directives under law, or reference to specific licence conditions, as part of the review process undertaken by these teams. The country CEO will also alert designated Group executive committee members regarding emergency or crisis matters."" MTN's ""ICT Human Rights"" page (Source 20) section on ""Policy, governance, risk management and stakeholder engagement,"" says, ""In some countries, the probability of human rights-related events may be higher than in others. The Group therefore ensures that the management team of each country maintains discretion on context-specific mitigation and management responses. In-country national emergency response teams or similar cross-functional teams comprising divisional heads and the CEO manage human rights matters and  emergency situations, e.g. requests for service shutdowns. Operating protocols specific to the situation will immediately be initiated, e.g.  requests for shutting down communication networks will require formal directives under law, or reference to specific licence conditions, as part of the review process undertaken by these teams. The country CEO will also alert designated Group executive committee members regarding emergency or crisis matters.""

This states that the company may shut down access to the service under, ""formal directives under law, or reference to specific licence conditions.""

Element 3: The agreements do not provide specific examples of situations that may trigger restriction or denial of service by the company.",,,
"Sources (reference, specific page, section, etc.)",Source 20,"Source 2, Section 13
Source 3, Section 10.2, 10.7, and 10.9","Source 2, Section 13
Source 3, Section 10.2, 10.7, and 10.9",,,
,,,,,,
Points for 1,0,100,100,,,
Points for 2,100,50,50,,,
Points for 3,0,0,0,,,
,,,,,,
Level score,33.33,50.00,50.00,,,
,,,,,,
Indicator score based on level weighting,50.00,,,,,
,,,,,,
F5,MTN (group),MTN South Africa (operating company),mobile (service),,,
Consolidated answer for Element 1:,N/A,N/A,N/A,,,
Consolidated answer for Element 2:,no/insufficient evidence,no/insufficient evidence,no/insufficient evidence,,,
Consolidated answer for Element 3:,no/insufficient evidence,no/insufficient evidence,no/insufficient evidence,,,
Consolidated answer for Element 4:,no/insufficient evidence,partial,partial,,,
Comments (explain score),"1. This element is N/A for telecommunications companies. 

2-4. No evidence found.","1. This element is N/A for telecommunications companies. 

2-3. No evidence found.

4. The short subscriber agreement (Source 2) Clause 13.1.1 says MTN, ""will endeavor to notify"" users in advance when it suspends access due to maintanence work on the network, though it is not required to notify users if the work is due to an emergency. Clause 13.1.2 says MTN will notify users if it plans to suspend their access due to breach of contract. The standard subscriber agreement (Source 3) Clause 19.4 says it will notify users if it plans to suspend a their access due to breach of contract. However, it also says, ""If the Breach is material (serious), we do not have to give you notice and may Suspend your Network access immediately."" Given the lack of consistency between these documents, the company receives partial credit.","1. This element is N/A for telecommunications companies. 

2-3. No evidence found.

4. The short subscriber agreement (Source 2) Clause 13.1.1 says MTN, ""will endeavor to notify"" users in advance when it suspends access due to maintanence work on the network, though it is not required to notify users if the work is due to an emergency. Clause 13.1.2 says MTN will notify users if it plans to suspend their access due to breach of contract. The standard subscriber agreement (Source 3) Clause 19.4 says it will notify users if it plans to suspend a their access due to breach of contract. However, it also says, ""If the Breach is material (serious), we do not have to give you notice and may Suspend your Network access immediately."" Given the lack of consistency between these documents, the company receives partial credit. ",,,
"Sources (reference, specific page, section, etc.)","
","2,3","2,3",,,
,,,,,,
Points for 1,N/A,N/A,N/A,,,
Points for 2,0,0,0,,,
Points for 3,0,0,0,,,
Points for 4,0,50,50,,,
,,,,,,
Level score,0.00,16.67,16.67,,,
,,,,,,
Indicator score based on level weighting,16.67,,,,,
,,,,,,
F6,MTN (group),MTN South Africa (operating company),mobile (service),,,
Consolidated answer for Element 1,no/insufficient evidence,no/insufficient evidence,no/insufficient evidence,,,
Consolidated answer for Element 2,no/insufficient evidence,no/insufficient evidence,no/insufficient evidence,,,
Consolidated answer for Element 3,no/insufficient evidence,no/insufficient evidence,no/insufficient evidence,,,
Consolidated answer for Element 4,no/insufficient evidence,no/insufficient evidence,no/insufficient evidence,,,
Consolidated answer for Element 5,no/insufficient evidence,no/insufficient evidence,no/insufficient evidence,,,
Consolidated answer for Element 6,no/insufficient evidence,no/insufficient evidence,no/insufficient evidence,,,
Consolidated answer for Element 7,no/insufficient evidence,no/insufficient evidence,no/insufficient evidence,,,
Consolidated answer for Element 8,no/insufficient evidence,no/insufficient evidence,no/insufficient evidence,,,
Comments (explain score),No evidence found.,The short subscriber agreement (Source 2) Section 13.1.4 and standard subscriber agreement (Source 3) Section 10.2 say MTN may restrict access to the network if required by law or ICASA. There is no evidence that MTN reviews these requests or requests for content removal. ,The short subscriber agreement (Source 2) Section 13.1.4 and standard subscriber agreement (Source 3) Section 10.2 say MTN may restrict access to the network if required by law or ICASA. There is no evidence that MTN reviews these requests or requests for content removal. ,,,
"Sources (reference, specific page, section, etc.)",,"2,3","2,3",,,
,,,,,,
Points for 1,0,0,0,,,
Points for 2,0,0,0,,,
Points for 3,0,0,0,,,
Points for 4,0,0,0,,,
Points for 5,0,0,0,,,
Points for 6,0,0,0,,,
Points for 7,0,0,0,,,
Points for 8,0,0,0,,,
,,,,,,
Level score,0.00,0.00,0.00,,,
,,,,,,
Indicator score based on level weighting,0.00,,,,,
,,,,,,
F7,MTN (group),MTN South Africa (operating company),mobile (service),,,
Consolidated answer for Element 1,no/insufficient evidence,no/insufficient evidence,no/insufficient evidence,,,
Consolidated answer for Element 2,no/insufficient evidence,no/insufficient evidence,no/insufficient evidence,,,
Consolidated answer for Element 3,no/insufficient evidence,no/insufficient evidence,no/insufficient evidence,,,
Consolidated answer for Element 4,no/insufficient evidence,no/insufficient evidence,no/insufficient evidence,,,
Consolidated answer for Element 5,no/insufficient evidence,no/insufficient evidence,no/insufficient evidence,,,
Consolidated answer for Element 6,no/insufficient evidence,no/insufficient evidence,no/insufficient evidence,,,
Consolidated answer for Element 7,no/insufficient evidence,no/insufficient evidence,no/insufficient evidence,,,
Consolidated answer for Element 8,no/insufficient evidence,no/insufficient evidence,no/insufficient evidence,,,
Consolidated answer for Element 9,no/insufficient evidence,no/insufficient evidence,no/insufficient evidence,,,
Comments (explain score),No evidence found.,No evidence found.,No evidence found.,,,
"Sources (reference, specific page, section, etc.)",,,,,,
,,,,,,
Points for 1,0,0,0,,,
Points for 2,0,0,0,,,
Points for 3,0,0,0,,,
Points for 4,0,0,0,,,
Points for 5,0,0,0,,,
Points for 6,0,0,0,,,
Points for 7,0,0,0,,,
Points for 8,0,0,0,,,
Points for 9,0,0,0,,,
,,,,,,
Level score,0.00,0.00,0.00,,,
,,,,,,
Indicator score based on level weighting,0.00,,,,,
,,,,,,
F8,MTN (group),MTN South Africa (operating company),mobile (service),,,
Consolidated answer for Element 1,no/insufficient evidence,no/insufficient evidence,no/insufficient evidence,,,
Consolidated answer for Element 2,no/insufficient evidence,no/insufficient evidence,no/insufficient evidence,,,
Consolidated answer for Element 3,no/insufficient evidence,no/insufficient evidence,no/insufficient evidence,,,
Consolidated answer for Element 4,no/insufficient evidence,no/insufficient evidence,no/insufficient evidence,,,
Consolidated answer for Element 5,no/insufficient evidence,no/insufficient evidence,no/insufficient evidence,,,
Consolidated answer for Element 6,no/insufficient evidence,no/insufficient evidence,no/insufficient evidence,,,
Consolidated answer for Element 7,no/insufficient evidence,no/insufficient evidence,no/insufficient evidence,,,
Consolidated answer for Element 8,no/insufficient evidence,no/insufficient evidence,no/insufficient evidence,,,
Consolidated answer for Element 9,no/insufficient evidence,no/insufficient evidence,no/insufficient evidence,,,
Comments (explain score),No evidence found.,No evidence found.,No evidence found.,,,
"Sources (reference, specific page, section, etc.)",,,,,,
,,,,,,
Points for 1,0,0,0,,,
Points for 2,0,0,0,,,
Points for 3,0,0,0,,,
Points for 4,0,0,0,,,
Points for 5,0,0,0,,,
Points for 6,0,0,0,,,
Points for 7,0,0,0,,,
Points for 8,0,0,0,,,
Points for 9,0,0,0,,,
,,,,,,
Level score,0.00,0.00,0.00,,,
,,,,,,
Indicator score based on level weighting,0.00,,,,,
,,,,,,
F9,MTN (group),MTN South Africa (operating company),mobile (service),,,
Consolidated answer for Element 1,no/insufficient evidence,no/insufficient evidence,no/insufficient evidence,,,
Consolidated answer for Element 2,no/insufficient evidence,no/insufficient evidence,no/insufficient evidence,,,
Consolidated answer for Element 3,no/insufficient evidence,no/insufficient evidence,no/insufficient evidence,,,
Consolidated answer for Element 4,no/insufficient evidence,no/insufficient evidence,no/insufficient evidence,,,
Consolidated answer for Element 5,no/insufficient evidence,no/insufficient evidence,no/insufficient evidence,,,
Consolidated answer for Element 6,no/insufficient evidence,no/insufficient evidence,no/insufficient evidence,,,
Comments (explain score),"No evidence found.
","No evidence found.
","No evidence found.
",,,
"Sources (reference, specific page, section, etc.)",,,,,,
,,,,,,
Points for 1,0,0,0,,,
Points for 2,0,0,0,,,
Points for 3,0,0,0,,,
Points for 4,0,0,0,,,
Points for 5,0,0,0,,,
Points for 6,0,0,0,,,
,,,,,,
Level score,0.00,0.00,0.00,,,
,,,,,,
Indicator score based on level weighting,0.00,,,,,
,,,,,,
F10,MTN (group),MTN South Africa (operating company),mobile (service),,,
Consolidated answer,The company does not disclose information about prioritizing or degrading the delivery of content.,The company does not disclose information about prioritizing or degrading the delivery of content.,The company does not disclose information about prioritizing or degrading the delivery of content.,,,
Comments (explain score),No evidence found.,"No evidence found regarding MTN's network management practices. The standard subscriber agreement (Source 3) Section 11.2 says users must only use approved devices, though it is unclear whether the company takes any action against use of non-approved devices.","No evidence found regarding MTN's network management practices. The standard subscriber agreement (Source 3) Section 11.2 says users must only use approved devices, though it is unclear whether the company takes any action against use of non-approved devices. It is also unclear whether the company uses prioritization or degradation against users who may engage in any of the non-recommended activities listed in the ""Smartphone Internet Services"" (Source 10) section on ""Use of the Smartphone Services"" ",,,
"Sources (reference, specific page, section, etc.)",,3,"3,10",,,
,,,,,,
Points,0,0,0,,,
,,,,,,
Level score,0.00,0.00,0.00,,,
,,,,,,
Indicator score based on level weighting,0.00,,,,,
,,,,,,
F11,MTN (group),MTN South Africa (operating company),mobile (service),,,
This indicator is N/A for telecommunications companies,,,,,,
,,,,,,
,,,,,,
,,,,,,
Points,N/A,N/A,N/A,,,
,,,,,,
Level score,N/A,N/A,N/A,,,
,,,,,,
Indicator score based on level weighting,N/A,,,,,
,,,,,,
P1,MTN (group),MTN South Africa (operating company),mobile (service),,,
Consolidated answer for Element 1:,no/insufficient evidence,partial,partial,,,
Consolidated answer for Element 2:,no/insufficient evidence,no/insufficient evidence,no/insufficient evidence,,,
Consolidated answer for Element 3:,no/insufficient evidence,partial,partial,,,
Comments (explain score),"The group website has a privacy policy that applies to use of the website, not use of the services. Since it does not pertain to MTN's services, it is not included in this research.","Element 1: The privacy policy is freely available, however, it is not very easy to find. Users can click ""Legal"" and the bottom of the page, which displays a drop-down menu and a list of policies. Users have to click through to the fourth page of the list to locate the privacy policy, and there is no indication that users should click through the list to locate the policy. For this reason, the company receives partial credit.

Element 2: The privacy policy is available in English, but there is no evidence that it is available in any of the other official languages of South Africa.

Element 3: The policy includes headers, numbered sections, and bulleted lists for easy reference, However, the poor spacing, small text size, and gray font color do not make it easy for a user to understand the policy. As a result, the company receives partial credit.","Element 1: The privacy policy is freely available, however, it is not very easy to find. Users can click ""Legal"" and the bottom of the page, which displays a drop-down menu and a list of policies. Users have to click through to the fourth page of the list to locate the privacy policy, and there is no indication that users should click through the list to locate the policy. For this reason, the company receives partial credit.

Element 2: The privacy policy is available in English, but there is no evidence that it is available in any of the other official languages of South Africa.

Element 3: The policy includes headers, numbered sections, and bulleted lists for easy reference, However, the poor spacing, small text size, and gray font color do not make it easy for a user to understand the policy. As a result, the company receives partial credit.",,,
"Sources (reference, specific page, section, etc.)",21,11,11,,,
,,,,,,
Points for 1,0,50,50,,,
Points for 2,0,0,0,,,
Points for 3,0,50,50,,,
,,,,,,
Level score,0.00,33.33,33.33,,,
,,,,,,
Indicator score based on level weighting,33.33,,,,,
,,,,,,
P2,MTN (group),MTN South Africa (operating company),mobile (service),,,
Consolidated answer for Element 1:,no/insufficient evidence,no/insufficient evidence,no/insufficient evidence,,,
Consolidated answer for Element 2:,no/insufficient evidence,no/insufficient evidence,no/insufficient evidence,,,
Consolidated answer for Element 3:,no/insufficient evidence,no/insufficient evidence,no/insufficient evidence,,,
Comments (explain score),No evidence found.,"MTN's privacy policy (Source 11) section 12, ""Right to amend this policy"" states, ""MTN may, at any time, change this policy by posting the amended policy on the www.mtn.co.za website. Unless otherwise stated, the current version will apply each time you access this website."" This does not constitute directly notifiying users.

Elements 1-3: There is no commitment to notify users about changes and no evidence of an archive of previous policies.","MTN's privacy policy (Source 11) section 12, ""Right to amend this policy"" states, ""MTN may, at any time, change this policy by posting the amended policy on the www.mtn.co.za website. Unless otherwise stated, the current version will apply each time you access this website."" This does not constitute directly notifiying users.

Elements 1-3: There is no commitment to notify users about changes and no evidence of an archive of previous policies.",,,
"Sources (reference, specific page, section, etc.)",,11,11,,,
,,,,,,
Points for 1,0,0,0,,,
Points for 2,0,0,0,,,
Points for 3,0,0,0,,,
,,,,,,
Level score,0.00,0.00,0.00,,,
,,,,,,
Indicator score based on level weighting,0.00,,,,,
,,,,,,
P3,MTN (group),MTN South Africa (operating company),mobile (service),,,
Element A satisfied?,no/insufficient evidence,no/insufficient evidence,no/insufficient evidence,,,
"If ""yes"" on Element A --> skip all B elements.
If ""no"" on Element A --> continue with B:",,,,,,
Element B.1 satisfied?,no/insufficient evidence,no/insufficient evidence,no/insufficient evidence,,,
Element B.2 satisfied?,no/insufficient evidence,partial,partial,,,
Element B.3 satisfied?,no/insufficient evidence,partial,partial,,,
Element B.4 satisfied?,no/insufficient evidence,yes: The company clearly discloses why it collects user information.,yes: The company clearly discloses why it collects user information.,,,
Comments (explain score),No evidence found.,"Element A: No evidence found.

Element B1: No evidence found.

Element B2: The privacy policy (Source 11) Section 6, states, ""On some websites, mobile applications, products and services, you are subscribing and purchasing; you may be requested to provide your personal information which is relevant to the type of services and products. In general, personal information is information which identifies you as an individual, such as your first and last name, your ID number, your phone number, credit vetting and payment information, your preferences and opinions."" The policy then states, ""Personal information is information which identifies you as an individual."" It then provides a detailed list of types of information including such sensitive information as pregnancy status, ""disability, religion, conscience, belief, culture, language and birth of that person...Information relating to the education or the medial, financial, criminal or employment history of the person; The biometric information of the person; The personal opinions, views of preferences of the person...the views of opinions of another individual about the person."" However, it is not clear whether and to what degree MTN actually collects this information. The policy also lists technical information it collects, such as, ""IP address, browser type, operating system, mobile carrier, your ISP, URLs of sites from which you arrive or leave the MTN website and/or mobile applications and sites that have embedded MTN platform technology."" Given the lack of clarity on what user information the company actually collects, the company receives partial credit. 

Element B3: The privacy policy (Source 11) Section 6, ""What we collect about you?"" states MTN collects user information when users provide it in response to a request from the company as well as automatically through use of the service. It also states that it collects information through ""cookies and other technologies."" While it provides additional detail on how it users cookies, it does not explain what ""other technologies,"" it may use to collect user information. For this reason, the company receives partial credit. 

Element B4: The privacy policy (Source 11) Section 7, ""The use of your personal information"" provides a bulleted list of the reasons why MTN collects user information. ","Element A: No evidence found.

Element B1: No evidence found.

Element B2: The privacy policy (Source 11) Section 6, states, ""On some websites, mobile applications, products and services, you are subscribing and purchasing; you may be requested to provide your personal information which is relevant to the type of services and products. In general, personal information is information which identifies you as an individual, such as your first and last name, your ID number, your phone number, credit vetting and payment information, your preferences and opinions."" The policy then states, ""Personal information is information which identifies you as an individual."" It then provides a detailed list of types of information including such sensitive information as pregnancy status, ""disability, religion, conscience, belief, culture, language and birth of that person...Information relating to the education or the medial, financial, criminal or employment history of the person; The biometric information of the person; The personal opinions, views of preferences of the person...the views of opinions of another individual about the person."" However, it is not clear whether and to what degree MTN actually collects this information. The policy also lists technical information it collects, such as, ""IP address, browser type, operating system, mobile carrier, your ISP, URLs of sites from which you arrive or leave the MTN website and/or mobile applications and sites that have embedded MTN platform technology."" Given the lack of clarity on what user information the company actually collects, the company receives partial credit. 

Element B3: The privacy policy (Source 11) Section 6, ""What we collect about you?"" states MTN collects user information when users provide it in response to a request from the company as well as automatically through use of the service. It also states that it collects information through ""cookies and other technologies."" While it provides additional detail on how it users cookies, it does not explain what ""other technologies,"" it may use to collect user information. For this reason, the company receives partial credit. 

Element B4: The privacy policy (Source 11) Section 7, ""The use of your personal information"" provides a bulleted list of the reasons why MTN collects user information. ",,,
"Sources (reference, specific page, section, etc.)",,11,11,,,
,,,,,,
Points for A,0,0,0,,,
Points for B.1,0,0,0,,,
Points for B.2,0,50,50,,,
Points for B.3,0,50,50,,,
Points for B.4,0,100,100,,,
,,,,,,
Level score,0.00,40.00,40.00,,,
,,,,,,
Indicator score based on level weighting,40.00,,,,,
,,,,,,
P4,MTN (group),MTN South Africa (operating company),mobile (service),,,
Element A satisfied?,no/insufficient evidence,no/insufficient evidence,no/insufficient evidence,,,
"If ""yes"" on Element A --> skip all B elements.
If ""no"" on Element A --> continue with B:",,,,,,
Element B.1 satisfied?,no/insufficient evidence,no/insufficient evidence,no/insufficient evidence,,,
Element B.2 satisfied?,no/insufficient evidence,yes: The company clearly discloses why it shares user information.,yes: The company clearly discloses why it shares user information.,,,
Element B.3 satisfied?,no/insufficient evidence,no/insufficient evidence,no/insufficient evidence,,,
Element B.4 satisfied?,no/insufficient evidence,no/insufficient evidence,no/insufficient evidence,,,
Element B.5 satisfied?,no/insufficient evidence,no/insufficient evidence,no/insufficient evidence,,,
Comments (explain score),No evidence found.,"Element A: No evidence found.

Element B1: MTN's privacy policy (Source 11) Section 9, ""Sharing of your personal information"" states the company may share ""our customer and/or user’s personal information"" The policy does not clearly explain what user information the company collects and hence, may share. In addition, the company's definition of personal information does not appear to include such information as log data or information about usage of the service. 

Element B2: MTN's privacy policy (Source 11) Section 9, ""Sharing of your personal information"" says that MTN shares user information for the following functions, "" Receiving payments, fulfilling orders, delivering packages, sending postal mail and email, removing repetitive information from customer lists, analysing data, providing market assistance, providing search results and links (including paid listings and links), processing credit card payment, and providing customer service.""

Element B3: MTN's privacy policy (Source 11) Section 9, ""Sharing of your personal information"" states, ""MTN employs other companies and individuals to perform certain functions in order to fulfill our services and to facilitate the performance of our functions to our customers and/or users. In these instances, this will involve sharing our customer and/or user’s personal information with such companies."" However, this provides no detail about the types of third parties with which MTN shares user information. 

Elements B4-B5: No evidence found.","Element A: No evidence found.

Element B1: MTN's privacy policy (Source 11) Section 9, ""Sharing of your personal information"" states the company may share ""our customer and/or user’s personal information"" The policy does not clearly explain what user information the company collects and hence, may share. In addition, the company's definition of personal information does not appear to include such information as log data or information about usage of the service. 

Element B2: MTN's privacy policy (Source 11) Section 9, ""Sharing of your personal information"" says that MTN shares user information for the following functions, "" Receiving payments, fulfilling orders, delivering packages, sending postal mail and email, removing repetitive information from customer lists, analysing data, providing market assistance, providing search results and links (including paid listings and links), processing credit card payment, and providing customer service.""

Element B3: MTN's privacy policy (Source 11) Section 9, ""Sharing of your personal information"" states, ""MTN employs other companies and individuals to perform certain functions in order to fulfill our services and to facilitate the performance of our functions to our customers and/or users. In these instances, this will involve sharing our customer and/or user’s personal information with such companies."" However, this provides no detail about the types of third parties with which MTN shares user information. 

Elements B4-B5: No evidence found.",,,
"Sources (reference, specific page, section, etc.)",,11,11,,,
,,,,,,
Points for A,0,0,0,,,
Points for B.1,0,0,0,,,
Points for B.2,0,100,100,,,
Points for B.3,0,0,0,,,
Points for B.4,0,0,0,,,
Points for B.5,0,0,0,,,
,,,,,,
Level score,0.00,16.00,16.00,,,
,,,,,,
Indicator score based on level weighting,16.00,,,,,
,,,,,,
P5,MTN (group),MTN South Africa (operating company),mobile (service),,,
Consolidated answer for Element 1:,no/insufficient evidence,no/insufficient evidence,no/insufficient evidence,,,
Consolidated answer for Element 2:,no/insufficient evidence,no/insufficient evidence,no/insufficient evidence,,,
Comments (explain score),No evidence found.,"The privacy policy (Source 11) Section 10.2, ""Direct Marketing,"" says, ""You have the right to choose whether you receive marketing material or not. By accepting this policy you are also agreeing to MTN sending you marketing material on related services, products and offerings provided from MTN from time to time. If you change your mind at any time, you are always able to opt out."" It is not clear if opting out means revoking acceptance of the policy, which would most likely mean losing the ability to use the service.

Nevertheless, this does not contain any information about users' abilities to control what user information the company collects or shares. For this reason, the company does not receive credit on this indicator.","The privacy policy (Source 11) Section 10.2, ""Direct Marketing,"" says, ""You have the right to choose whether you receive marketing material or not. By accepting this policy you are also agreeing to MTN sending you marketing material on related services, products and offerings provided from MTN from time to time. If you change your mind at any time, you are always able to opt out."" It is not clear if opting out means revoking acceptance of the policy, which would most likely mean losing the ability to use the service.

Nevertheless, this does not contain any information about users' abilities to control what user information the company collects or shares. For this reason, the company does not receive credit on this indicator.",,,
"Sources (reference, specific page, section, etc.)",,11,11,,,
,,,,,,
Points for 1,0,0,0,,,
Points for 2,0,0,0,,,
,,,,,,
Level score,0.00,0.00,0.00,,,
,,,,,,
Indicator score based on level weighting,0.00,,,,,
,,,,,,
P6,MTN (group),MTN South Africa (operating company),mobile (service),,,
Consolidated answer for Element 1:,no/insufficient evidence,no/insufficient evidence,no/insufficient evidence,,,
Consolidated answer for Element 2:,no/insufficient evidence,no/insufficient evidence,no/insufficient evidence,,,
Consolidated answer for Element 3:,no/insufficient evidence,no/insufficient evidence,no/insufficient evidence,,,
Consolidated answer for Element 4:,no/insufficient evidence,no/insufficient evidence,no/insufficient evidence,,,
Comments (explain score),No evidence found.,"Element 1: The privacy policy (Source 11) Section 10.1, ""Accessing and Changing Your Information"" says, ""You can review the personal information you provided to us and make any desired changes to the information you have provided. Please be aware that even after your request for a change is processed, MTN may, for a time, retain residual information about you in its backup and/or archival copies of its database."" The disclosure only suggests that users can only view info that is modifiable. This suggests users can view the information they have voluntarily provided and not what the company might automatically collect. As such, the company does not receive credit on this element.

Elements 2-4: No evidence found.","Element 1: The privacy policy (Source 11) Section 10.1, ""Accessing and Changing Your Information"" says, ""You can review the personal information you provided to us and make any desired changes to the information you have provided. Please be aware that even after your request for a change is processed, MTN may, for a time, retain residual information about you in its backup and/or archival copies of its database."" The disclosure only suggests that users can only view info that is modifiable. This suggests users can view the information they have voluntarily provided and not what the company might automatically collect. As such, the company does not receive credit on this element.

Elements 2-4: No evidence found.",,,
"Sources (reference, specific page, section, etc.)",,11,11,,,
,,,,,,
Points for 1,0,0,0,,,
Points for 2,0,0,0,,,
Points for 3,0,0,0,,,
Points for 4,0,0,0,,,
,,,,,,
Level score,0.00,0.00,0.00,,,
,,,,,,
Indicator score based on level weighting,0.00,,,,,
,,,,,,
P7,MTN (group),MTN South Africa (operating company),mobile (service),,,
Element A satisfied?,no/insufficient evidence,no/insufficient evidence,no/insufficient evidence,,,
"If ""yes"" on Element A --> skip all B elements.
If ""no"" on Element A --> continue with B:",,,,,,
Element B.1 satisfied?,no/insufficient evidence,no/insufficient evidence,no/insufficient evidence,,,
Element B.2 satisfied?,no/insufficient evidence,no/insufficient evidence,no/insufficient evidence,,,
Element B.3 satisfied?,no/insufficient evidence,no/insufficient evidence,no/insufficient evidence,,,
Element B.4 satisfied?,no/insufficient evidence,no/insufficient evidence,no/insufficient evidence,,,
Comments (explain score),No evidence found.,"Element A: No evidence found.

Elements B1-B2: No evidence found.

Elements B3-B4: The privacy policy (Source 11) Section 10.3, ""Deletion or destruction of your Information,"" says, ""You may request that we delete and destroy any of your personal information provided that you have finalised your relationship with MTN. MTN will however retain and use your personal information for as long as is necessary to comply with our legal and business obligations, resolve disputes and enforce this policy."" This provides no timeframe for retention nor does it suggest that the company deletes all user information when a user terminates an account. ","Element A: No evidence found.

Elements B1-B2: No evidence found.

Element B3-B4: The privacy policy (Source 11) Section 10.3, ""Deletion or destruction of your Information,"" says, ""You may request that we delete and destroy any of your personal information provided that you have finalised your relationship with MTN. MTN will however retain and use your personal information for as long as is necessary to comply with our legal and business obligations, resolve disputes and enforce this policy."" This provides no timeframe for retention nor does it suggest that the company deletes all user information when a user terminates an account. ",,,
"Sources (reference, specific page, section, etc.)",,11,11,,,
,,,,,,
Points for A,0,0,0,,,
Points for B.1,0,0,0,,,
Points for B.2,0,0,0,,,
Points for B.3,0,0,0,,,
Points for B.4,0,0,0,,,
,,,,,,
Level score,0.00,0.00,0.00,,,
,,,,,,
Indicator score based on level weighting,0.00,,,,,
,,,,,,
P8,MTN (group),MTN South Africa (operating company),mobile (service),,,
This indicator is N/A for telecommunications companies,,,,,,
,,,,,,
,,,,,,
,,,,,,
,,,,,,
,,,,,,
,,,,,,
,,,,,,
,,,,,,
Points for A,N/A,N/A,N/A,,,
Points for B.1,N/A,N/A,N/A,,,
Points for B.2,N/A,N/A,N/A,,,
Points for B.3,N/A,N/A,N/A,,,
Points for B.4,N/A,N/A,N/A,,,
,,,,,,
Level score,N/A,N/A,N/A,,,
,,,,,,
Indicator score based on level weighting,N/A,,,,,
,,,,,,
P9,MTN (group),MTN South Africa (operating company),mobile (service),,,
Consolidated answer for Element 1,no/insufficient evidence,no/insufficient evidence,no/insufficient evidence,,,
Consolidated answer for Element 2,no/insufficient evidence,no/insufficient evidence,no/insufficient evidence,,,
Consolidated answer for Element 3,no/insufficient evidence,no/insufficient evidence,no/insufficient evidence,,,
Consolidated answer for Element 4,no/insufficient evidence,no/insufficient evidence,no/insufficient evidence,,,
Consolidated answer for Element 5,no/insufficient evidence,no/insufficient evidence,no/insufficient evidence,,,
Consolidated answer for Element 6,yes: The company commits to to carry out due diligence on requests before deciding how to respond.,yes: The company commits to to carry out due diligence on requests before deciding how to respond.,yes: The company commits to to carry out due diligence on requests before deciding how to respond.,,,
Consolidated answer for Element 7,no/insufficient evidence,no/insufficient evidence,no/insufficient evidence,,,
Consolidated answer for Element 8,no/insufficient evidence,no/insufficient evidence,no/insufficient evidence,,,
Comments (explain score),"MTN's Social and Ethics Report (Source 15), section ""About freedom of expression and human rights in MTN"" states, ""Where requests for information are made to MTN, we assess the legality and appropriateness of such requests. We have, at all times, acted in accordance with our code of ethics and the requirements of our telecommunications licences and legal obligations. For example, we require all those seeking access to private subscriber information, including government authorities and subscribers themselves, to follow local laws and legal processes. We also seek to follow those laws and legal processes in our responses to those requests. We would never willingly take any action that would infringe Article 19 of the Universal Declaration of Human Rights with respect to freedom of opinion and expression, or Article 3 on personal security.""","MTN's Social and Ethics Report (Source 15), section ""About freedom of expression and human rights in MTN"" states, ""Where requests for information are made to MTN, we assess the legality and appropriateness of such requests. We have, at all times, acted in accordance with our code of ethics and the requirements of our telecommunications licences and legal obligations. For example, we require all those seeking access to private subscriber information, including government authorities and subscribers themselves, to follow local laws and legal processes. We also seek to follow those laws and legal processes in our responses to those requests. We would never willingly take any action that would infringe Article 19 of the Universal Declaration of Human Rights with respect to freedom of opinion and expression, or Article 3 on personal security.""","MTN's Social and Ethics Report (Source 15), section ""About freedom of expression and human rights in MTN"" states, ""Where requests for information are made to MTN, we assess the legality and appropriateness of such requests. We have, at all times, acted in accordance with our code of ethics and the requirements of our telecommunications licences and legal obligations. For example, we require all those seeking access to private subscriber information, including government authorities and subscribers themselves, to follow local laws and legal processes. We also seek to follow those laws and legal processes in our responses to those requests. We would never willingly take any action that would infringe Article 19 of the Universal Declaration of Human Rights with respect to freedom of opinion and expression, or Article 3 on personal security.""",,,
"Sources (reference, specific page, section, etc.)",15,15,15,,,
,,,,,,
Points for 1,0,0,0,,,
Points for 2,0,0,0,,,
Points for 3,0,0,0,,,
Points for 4,0,0,0,,,
Points for 5,0,0,0,,,
Points for 6,100,100,100,,,
Points for 7,0,0,0,,,
Points for 8,0,0,0,,,
,,,,,,
Level score,12.50,12.50,12.50,,,
,,,,,,
Indicator score based on level weighting,12.50,,,,,
,,,,,,
P10,MTN (group),MTN South Africa (operating company),mobile (service),,,
Consolidated answer for Element 1:,no/insufficient evidence,no/insufficient evidence,no/insufficient evidence,,,
Consolidated answer for Element 2:,no/insufficient evidence,no/insufficient evidence,no/insufficient evidence,,,
Consolidated answer for Element 3:,no/insufficient evidence,no/insufficient evidence,no/insufficient evidence,,,
Comments (explain score),No evidence found.,"The privacy policy (Source 11) Section 9, ""Sharing of your personal information,"" says, ""MTN will only share customer information in the instances: -Where disclosure is made with the customer and/or user’s consent. -Where MTN is obliged to disclose information as required by law, without consent."" However, this makes no mention of notifying users when the company receives a request for their data. ","The privacy policy (Source 11) Section 9, ""Sharing of your personal information,"" says, ""MTN will only share customer information in the instances: -Where disclosure is made with the customer and/or user’s consent. -Where MTN is obliged to disclose information as required by law, without consent."" However, this makes no mention of notifying users when the company receives a request for their data. ",,,
"Sources (reference, specific page, section, etc.)",,11,11,,,
,,,,,,
Points for 1,0,0,0,,,
Points for 2,0,0,0,,,
Points for 3,0,0,0,,,
,,,,,,
Level score,0.00,0.00,0.00,,,
,,,,,,
Indicator score based on level weighting,0.00,,,,,
,,,,,,
P11,MTN (group),MTN South Africa (operating company),mobile (service),,,
Consolidated answer for Element 1,no/insufficient evidence,no/insufficient evidence,no/insufficient evidence,,,
Consolidated answer for Element 2,no/insufficient evidence,no/insufficient evidence,no/insufficient evidence,,,
Consolidated answer for Element 3,no/insufficient evidence,no/insufficient evidence,no/insufficient evidence,,,
Consolidated answer for Element 4,no/insufficient evidence,no/insufficient evidence,no/insufficient evidence,,,
Consolidated answer for Element 5,no/insufficient evidence,no/insufficient evidence,no/insufficient evidence,,,
Consolidated answer for Element 6,no/insufficient evidence,no/insufficient evidence,no/insufficient evidence,,,
Consolidated answer for Element 7,no/insufficient evidence,no/insufficient evidence,no/insufficient evidence,,,
Consolidated answer for Element 8,no/insufficient evidence,no/insufficient evidence,no/insufficient evidence,,,
Consolidated answer for Element 9,no/insufficient evidence,no/insufficient evidence,no/insufficient evidence,,,
Consolidated answer for Element 10,no/insufficient evidence,no/insufficient evidence,no/insufficient evidence,,,
Comments (explain score),No evidence found.,No evidence found.,No evidence found.,,,
"Sources (reference, specific page, section, etc.)",,,,,,
,,,,,,
Points for 1,0,0,0,,,
Points for 2,0,0,0,,,
Points for 3,0,0,0,,,
Points for 4,0,0,0,,,
Points for 5,0,0,0,,,
Points for 6,0,0,0,,,
Points for 7,0,0,0,,,
Points for 8,0,0,0,,,
Points for 9,0,0,0,,,
Points for 10,0,0,0,,,
,,,,,,
Level score,0.00,0.00,0.00,,,
,,,,,,
Indicator score based on level weighting,0.00,,,,,
,,,,,,
P12,MTN (group),MTN South Africa (operating company),mobile (service),,,
Consolidated answer for Element 1,no/insufficient evidence,no/insufficient evidence,no/insufficient evidence,,,
Consolidated answer for Element 2,no/insufficient evidence,no/insufficient evidence,no/insufficient evidence,,,
Consolidated answer for Element 3,no/insufficient evidence,no/insufficient evidence,no/insufficient evidence,,,
Consolidated answer for Element 4,no/insufficient evidence,partial,partial,,,
Consolidated answer for Element 5,N/A,N/A,N/A,,,
Consolidated answer for Element 6,N/A,N/A,N/A,,,
Comments (explain score),"The ""MTN Group Limited Integrated Report"" for 2014, (source 18, p. 16) identifies ""Our top risks and what we are doing about them."" Item 5 on this list focuses on ""Compromised information security,"" and the company says, ""We have established a security forum with representation from opcos to monitor information security controls."" However, there is no evidence that pertains specifically to the elements of this indicator. 

Elements 5-6: These elements are N/A for telecommunications companies.","Element 1: The privacy policy (Source 11) Section 8, ""The safeguards for your personal information"" states, ""Maintaining the security of your personal information is important to MTN. Reasonable security safeguards have been implemented to protect your personal information,"" but this does not constitute a commitment to continuous improvement with regards to security practices.

Element 2: The privacy policy (Source 11) Section 8, ""The safeguards for your personal information"" says, ""To protect any data you store on our servers, MTN also regularly audits its system for possible vulnerabilities and attacks;"" but this provides no evidence about how it addresses vulnerabilities. For this reason, the company doesn't receive credit for this element.

Element 3: No evidence found.

Element 4: The privacy policy (Source 11) Section 8, ""The safeguards for your personal information"" says, ""To protect any data you store on our servers, MTN also regularly audits its system for possible vulnerabilities and attacks."" However this lacks further detail about the audits, and it is unclear how the audits fit into the company's approach to security. For this reason, the company receives partial credit on this element. 

Elements 5-6: These elements are N/A for telecommunications companies.","Element 1: The privacy policy (Source 11) Section 8, ""The safeguards for your personal information"" states, ""Maintaining the security of your personal information is important to MTN. Reasonable security safeguards have been implemented to protect your personal information,"" but this does not constitute a commitment to continuous improvement with regards to security practices.

Element 2: The privacy policy (Source 11) Section 8, ""The safeguards for your personal information"" says, ""To protect any data you store on our servers, MTN also regularly audits its system for possible vulnerabilities and attacks;"" but this provides no evidence about how it addresses vulnerabilities. For this reason, the company doesn't receive credit for this element.

Element 3: No evidence found.

Element 4: The privacy policy (Source 11) Section 8, ""The safeguards for your personal information"" says, ""To protect any data you store on our servers, MTN also regularly audits its system for possible vulnerabilities and attacks."" However this lacks further detail about the audits, and it is unclear how the audits fit into the company's approach to security. For this reason, the company receives partial credit on this element. 

Elements 5-6: These elements are N/A for telecommunications companies.",,,
"Sources (reference, specific page, section, etc.)",18,11,11,,,
,,,,,,
Points for 1,0,0,0,,,
Points for 2,0,0,0,,,
Points for 3,0,0,0,,,
Points for 4,0,50,50,,,
Points for 5,N/A,N/A,N/A,,,
Points for 6,N/A,N/A,N/A,,,
,,,,,,
Level score,0.00,12.50,12.50,,,
,,,,,,
Indicator score based on level weighting,12.50,,,,,
,,,,,,
P13,MTN (group),MTN South Africa (operating company),mobile (service),,,
This indicator is N/A for telecommunications companies,,,,,,
,,,,,,
,,,,,,
,,,,,,
Points,N/A,N/A,N/A,,,
,,,,,,
Level score,N/A,N/A,N/A,,,
,,,,,,
Indicator score based on level weighting,N/A,,,,,
,,,,,,
P14,MTN (group),MTN South Africa (operating company),mobile (service),,,
Consolidated answer for Element 1:,N/A,N/A,N/A,,,
Consolidated answer for Element 2:,no/insufficient evidence,partial,partial,,,
Comments (explain score),"Element 1: This element is N/A for telecommunications comapnies.

Element 2: No evidence found.","Element 1: This element is N/A for telecommunications comapnies.

Element 2: The support section of MTN's website has a ""Report Fraud"" page (Source 12). This page includes a section, ""Fraud Types: Telecommunication"", that lists several different types of fraud. The page also includes a section, ""Scams and hoaxes"", that lists several specific scams of which the company is aware, as well as a form through which users can anonymously report fraud. While this page informs users of potential threats, it does not educate users on how they can protect themselves. For this reaosn, the company receives partial credit. ","Element 1: This element is N/A for telecommunications comapnies.

Element 2: The support section of MTN's website has a ""Report Fraud"" page (Source 12). This page includes a section, ""Fraud Types: Telecommunication"", that lists several different types of fraud. The page also includes a section, ""Scams and hoaxes"", that lists several specific scams of which the company is aware, as well as a form through which users can anonymously report fraud. While this page informs users of potential threats, it does not educate users on how they can protect themselves. For this reaosn, the company receives partial credit. ",,,
"Sources (reference, specific page, section, etc.)",,12,12,,,
,,,,,,
Points for 1,N/A,N/A,N/A,,,
Points for 2,0,50,50,,,
,,,,,,
Level score,0.00,50.00,50.00,,,
,,,,,,
Indicator score based on level weighting,50.00,,,,,