,,,,,,,,
C1,Mail.Ru (group) - Freedom of Expression,Mail.Ru (group) - Privacy,,,,,,
Consolidated answer A,no,no,,,,,,
Consolidated answer B,no/insufficient evidence: company representatives have not made related statements in a prominent venue.,no/insufficient evidence: company representatives have not made related statements in a prominent venue.,,,,,,
Comments (explain score),"Information available on Mail.ru's website is very general. FoE is not mentioned in any of Mail.ru group official documents or statements published on the company's website. The website highlights basic features of the company's products, but does not go into significant details about the company’s values or user protection.","Although Mail.ru’ s 2014 Annual Report states, ""As a provider of email services to millions of users, we recognise how important it is to protect privacy and security”, this commitment appears restricted to email services and is inadequate to fulfill the requirements for credit on this element. 

Other information on Mail.ru's website is very general. While the website highlights basic features of the company's products, it does not go into significant details about the company’s values or user protection. ",,,,,,
"Sources (reference, specific page, section, etc.)","1, 2, 3, 43, 44, 45, 46, 47","1 (p.16), 2, 3, 43, 44, 45, 46, 47",,,,,,
,,,,,,,,
Points for A,0,0,,,,,,
Points for B,0,0,,,,,,
,,,,,,,,
Level score,0.00,0.00,,,,,,
,,,,,,,,
Indicator score based on level weighting,0.00,,,,,,,
,,,,,,,,
C2,Mail.Ru (group) - Freedom of Expression,Mail.Ru (group) - Privacy,VKontakte (service) - Freedom of Expression,VKontakte (service) - Privacy,mail (service) - Freedom of Expression,mail (service) - Privacy,Mail.Ru Agent (service) - Freedom of Expression,Mail.Ru Agent (service) - Privacy
Consolidated answer for Element 1:,no/insufficient evidence,no/insufficient evidence,no/insufficient evidence,no/insufficient evidence,no/insufficient evidence,no/insufficient evidence,no/insufficient evidence,no/insufficient evidence
Consolidated answer for Element 2:,no/insufficient evidence,no/insufficient evidence,no/insufficient evidence,no/insufficient evidence,no/insufficient evidence,no/insufficient evidence,no/insufficient evidence,no/insufficient evidence
Consolidated answer for Element 3:,no/insufficient evidence,no/insufficient evidence,no/insufficient evidence,no/insufficient evidence,no/insufficient evidence,no/insufficient evidence,no/insufficient evidence,no/insufficient evidence
Comments (explain score),No evidence found.,No evidence found.,No evidence found.,No evidence found.,No evidence found.,No evidence found.,No evidence found.,No evidence found.
"Sources (reference, specific page, section, etc.)",,,,,,,,
,,,,,,,,
Points for 1,0,0,0,0,0,0,0,0
Points for 2,0,0,0,0,0,0,0,0
Points for 3,0,0,0,0,0,0,0,0
,,,,,,,,
Level score,0.00,0.00,0.00,0.00,0.00,0.00,0.00,0.00
,,,,,,,,
Indicator score based on level weighting,0.00,,,,,,,
,,,,,,,,
C3,Mail.Ru (group) - Freedom of Expression,Mail.Ru (group) - Privacy,VKontakte (service) - Freedom of Expression,VKontakte (service) - Privacy,mail (service) - Freedom of Expression,mail (service) - Privacy,Mail.Ru Agent (service) - Freedom of Expression,Mail.Ru Agent (service) - Privacy
Consolidated answer for Element 1:,no/insufficient evidence,no/insufficient evidence,no/insufficient evidence,no/insufficient evidence,no/insufficient evidence,no/insufficient evidence,no/insufficient evidence,no/insufficient evidence
Consolidated answer for Element 2:,no/insufficient evidence,no/insufficient evidence,no/insufficient evidence,no/insufficient evidence,no/insufficient evidence,no/insufficient evidence,no/insufficient evidence,no/insufficient evidence
Comments (explain score),"Element 1: No evidence found.

Element 2: In its corporate ethics code, the company instructs employees to report observed violations of the corporate ethics code (source 2). However, there is no indication that the company makes any commitment to freeom of expression or privacy or that employees would reasonably be aware of such commitments. As such, there is little basis to expect the whistleblower program to encompass freedom of expression or privacy issues. In addition, the examples of possible violations listed by the company focus on corruption. For these reasons, the company does not receive credit for this element.","Element 1: No evidence found.

Element 2: In its corporate ethics code, the company instructs employees to report observed violations of the corporate ethics code (source 2). However, there is no indication that the company makes any commitment to freeom of expression or privacy or that employees would reasonably be aware of such commitments. As such, there is little basis to expect the whistleblower program to encompass freedom of expression or privacy issues. In addition, the examples of possible violations listed by the company focus on corruption. For these reasons, the company does not receive credit for this element.",No evidence found.,No evidence found.,No evidence found.,No evidence found.,No evidence found.,No evidence found.
"Sources (reference, specific page, section, etc.)",2,2,,,,,,
,,,,,,,,
Points for 1,0,0,0,0,0,0,0,0
Points for 2,0,0,0,0,0,0,0,0
,,,,,,,,
Level score,0.00,0.00,0.00,0.00,0.00,0.00,0.00,0.00
,,,,,,,,
Indicator score based on level weighting,0.00,,,,,,,
,,,,,,,,
C4,Mail.Ru (group) - Freedom of Expression,Mail.Ru (group) - Privacy,VKontakte (service) - Freedom of Expression,VKontakte (service) - Privacy,mail (service) - Freedom of Expression,mail (service) - Privacy,Mail.Ru Agent (service) - Freedom of Expression,Mail.Ru Agent (service) - Privacy
Consolidated answer for Element 1,no/insufficient evidence,no/insufficient evidence,no/insufficient evidence,no/insufficient evidence,no/insufficient evidence,no/insufficient evidence,no/insufficient evidence,no/insufficient evidence
Consolidated answer for Element 2,no/insufficient evidence,no/insufficient evidence,no/insufficient evidence,no/insufficient evidence,no/insufficient evidence,no/insufficient evidence,no/insufficient evidence,no/insufficient evidence
Consolidated answer for Element 3,no/insufficient evidence,no/insufficient evidence,no/insufficient evidence,no/insufficient evidence,no/insufficient evidence,no/insufficient evidence,no/insufficient evidence,no/insufficient evidence
Consolidated answer for Element 4,no/insufficient evidence,no/insufficient evidence,no/insufficient evidence,no/insufficient evidence,no/insufficient evidence,no/insufficient evidence,no/insufficient evidence,no/insufficient evidence
Consolidated answer for Element 5,no/insufficient evidence,no/insufficient evidence,no/insufficient evidence,no/insufficient evidence,no/insufficient evidence,no/insufficient evidence,no/insufficient evidence,no/insufficient evidence
Consolidated answer for Element 6,no/insufficient evidence,no/insufficient evidence,no/insufficient evidence,no/insufficient evidence,no/insufficient evidence,no/insufficient evidence,no/insufficient evidence,no/insufficient evidence
Consolidated answer for Element 7,no/insufficient evidence,no/insufficient evidence,no/insufficient evidence,no/insufficient evidence,no/insufficient evidence,no/insufficient evidence,no/insufficient evidence,no/insufficient evidence
Consolidated answer for Element 8,no/insufficient evidence,no/insufficient evidence,no/insufficient evidence,no/insufficient evidence,no/insufficient evidence,no/insufficient evidence,no/insufficient evidence,no/insufficient evidence
Consolidated answer for Element 9,no/insufficient evidence,no/insufficient evidence,no/insufficient evidence,no/insufficient evidence,no/insufficient evidence,no/insufficient evidence,no/insufficient evidence,no/insufficient evidence
Comments (explain score),No evidence found.,No evidence found.,"Element 1: In its Terms of Service, VK states that Vkontakte service does not engage in automatic censorship of users’ speech (Clause 8.3, Source 4). However, there is no evidence of a clear company policy emanating from the examination and review of FoE and privacy laws as required to earn credit under this element.

Elements 2-9: No evidence found.","Element 1: Mail.ru’s 2014 Annual Report, VK’s Terms of Service, and VK’s privacy policy suggest that VK considers privacy an important value and takes measures to protect it according to Russian laws. However, there is no evidence that the company engages in the review of laws to inform its policies as affects privacy.

Elements 2-9: No evidence","Element 1: In its Terms of Service, Mail.ru discloses that the company can update its Terms of Service and policies in accordance with changes in Russian legislation (section 18, source 8). However, there is no indication that the company engages in examining laws on how they may impact users' privacy and freedom of expression for the purpose of company policy formulation.

Elements 2-9: No evidence found.","Element 1: In its Terms of Service, Mail.ru discloses that the company can update its Terms of Service and policies in accordance with changes in Russian legislation (section 18, source 8). However, there is no indication that the company engages in examining laws on how they may impact users' privacy and freedom of expression for the purpose of company policy formulation.

Elements 2-9: No evidence found.","Element 1: In its Terms of Service, Mail.ru discloses that the company can update its Terms of Service and policies in accordance with changes in Russian legislation (section 18, source 8). However, there is no indication that the company engages in examining laws on how they may impact users' privacy and freedom of expression for the purpose of company policy formulation.

Elements 2-9: No evidence found.","Element 1: In its Terms of Service, Mail.ru discloses that the company can update its Terms of Service and policies in accordance with changes in Russian legislation (section 18, source 8). However, there is no indication that the company engages in examining laws on how they may impact users' privacy and freedom of expression for the purpose of company policy formulation.

Elements 2-9: No evidence found."
"Sources (reference, specific page, section, etc.)",,,4,Element 1: Source 5 (Section 1.3); Source 1 (Section 5.8); ,8,8,8,8
,,,,,,,,
Points for 1,0,0,0,0,0,0,0,0
Points for 2,0,0,0,0,0,0,0,0
Points for 3,0,0,0,0,0,0,0,0
Points for 4,0,0,0,0,0,0,0,0
Points for 5,0,0,0,0,0,0,0,0
Points for 6,0,0,0,0,0,0,0,0
Points for 7,0,0,0,0,0,0,0,0
Points for 8,0,0,0,0,0,0,0,0
Points for 9,0,0,0,0,0,0,0,0
,,,,,,,,
Level score,0.00,0.00,0.00,0.00,0.00,0.00,0.00,0.00
,,,,,,,,
Indicator score based on level weighting,0.00,,,,,,,
,,,,,,,,
C5,Mail.Ru (group) - Freedom of Expression,Mail.Ru (group) - Privacy,,,,,,
Element A satisfied?,no/insufficient evidence,no/insufficient evidence,,,,,,
"If ""yes"" on Element A --> skip all B elements.
If ""no"" on Element A --> continue with B:",,,,,,,,
Element B.1 satisfied?,no/insufficient evidence,no/insufficient evidence,,,,,,
Element B.2 satisfied?,no/insufficient evidence,no/insufficient evidence,,,,,,
Comments (explain score),"Element B.1: Mail.Ru Group is a member of the Russian Association of Electronic Communications (RAEC), an industry organization that aims to promote dialogue between the government and IT companies on issues like telecommunications legislation, freedom of expression and privacy (source 56). RAEC regularly consults parliamentary and other bodies on issues regulating telecom FOE/P, a recent example is the ""right to be forgotten” legislation (source 57). However, there is no indication that RAEC engages with non-industry and non-governmental stakeholders. As a result, the company fails to earn credit on this element.

Element B.2: No evidence found.","Element B.1: Mail.Ru Group is a member of the Russian Association of Electronic Communications (RAEC), an industry organization that aims to promote dialogue between the government and IT companies on issues like telecommunications legislation, freedom of expression and privacy (source 56). RAEC regularly consults parliamentary and other bodies on issues regulating telecom FOE/P, a recent example is the ""right to be forgotten” legislation (source 57). However, there is no indication that RAEC engages with non-industry and non-governmental stakeholders. As a result, the company fails to earn credit on this element.

Element B.2: No evidence found.",,,,,,
"Sources (reference, specific page, section, etc.)","56, 57","56, 57",,,,,,
,,,,,,,,
Points for A,0,0,,,,,,
Points for B.1,0,0,,,,,,
Points for B.2,0,0,,,,,,
,,,,,,,,
Level score,0.00,0.00,,,,,,
,,,,,,,,
Indicator score based on level weighting,0.00,,,,,,,
,,,,,,,,
C6,Mail.Ru (group) - Freedom of Expression,Mail.Ru (group) - Privacy,VKontakte (service) - Freedom of Expression,VKontakte (service) - Privacy,mail (service) - Freedom of Expression,mail (service) - Privacy,Mail.Ru Agent (service) - Freedom of Expression,Mail.Ru Agent (service) - Privacy
Consolidated answer for Element 1:,no/insufficient evidence,no/insufficient evidence,no/insufficient evidence,no/insufficient evidence,yes: The company discloses its processes for receiving complaints or grievances.,yes: The company discloses its processes for receiving complaints or grievances.,yes: The company discloses its processes for receiving complaints or grievances.,yes: The company discloses its processes for receiving complaints or grievances.
Consolidated answer for Element 2:,no/insufficient evidence,no/insufficient evidence,no/insufficient evidence,no/insufficient evidence,no/insufficient evidence,no/insufficient evidence,no/insufficient evidence,no/insufficient evidence
Consolidated answer for Element 3:,no/insufficient evidence,no/insufficient evidence,no/insufficient evidence,no/insufficient evidence,no/insufficient evidence,no/insufficient evidence,no/insufficient evidence,no/insufficient evidence
Consolidated answer for Element 4:,no/insufficient evidence,no/insufficient evidence,no/insufficient evidence,no/insufficient evidence,no/insufficient evidence,no/insufficient evidence,no/insufficient evidence,no/insufficient evidence
Consolidated answer for Element 5:,no/insufficient evidence,no/insufficient evidence,no/insufficient evidence,no/insufficient evidence,no/insufficient evidence,no/insufficient evidence,no/insufficient evidence,no/insufficient evidence
Comments (explain score),No evidence found.,No evidence found.,No evidence found.,"Element 1: VKontakte's privacy policy states that users have the right to, ""request information from the Site Administration regarding the processing of his / her personal data."" (Source 5, section 6.1.6). Section 9 states, ""Users have the right to send their inquiries to the Site Administration, including inquiries regarding the use of the personal data"" to a postal mail or email address listed in the policy. However, this indicator seeks disclosure that companies have a mechanism specifically designed to address user complaints or concerns, which is not the same as asking questions. For this reason, the company’s disclosure is insufficient to receive credit on this element.

Elements 2-5: No evidence found.","Element 1: Section 16 of the Mail.Ru User Agreement states that users who believe their ""rights and interests are infringed by the actions of Mail.Ru shall be entitled to lodge a claim. Claims shall be considered by the Customer Support Service of Mail.Ru in accordance with the general procedure for consideration of requests. E-mail address of the Customer Support Service of Mail.Ru: support@corp.mail.ru.” (Source 8). Since this document contains information about prohibited content and account restriction, this disclosure receives credit on this element.

Elements 2-5: No evidence found.","Element 1: Section 16 of the Mail.Ru User Agreement states that users who believe their ""rights and interests are infringed by the actions of Mail.Ru shall be entitled to lodge a claim. Claims shall be considered by the Customer Support Service of Mail.Ru in accordance with the general procedure for consideration of requests. E-mail address of the Customer Support Service of Mail.Ru: support@corp.mail.ru.” (Source 8). Since this document contains information about the company's practices regarding user information as well as a prohibition on sharing personal information of other users, this disclosure receives credit on this element.

Elements 2-5: No evidence found.","Element 1: Section 16 of the Mail.Ru User Agreement states that users who believe their ""rights and interests are infringed by the actions of Mail.Ru shall be entitled to lodge a claim. Claims shall be considered by the Customer Support Service of Mail.Ru in accordance with the general procedure for consideration of requests. E-mail address of the Customer Support Service of Mail.Ru: support@corp.mail.ru.” (Source 8). Since this document contains information about prohibited content and account restriction, this disclosure receives credit on this element.

Elements 2-5: No evidence found.","Element 1: Section 16 of the Mail.Ru User Agreement states that users who believe their ""rights and interests are infringed by the actions of Mail.Ru shall be entitled to lodge a claim. Claims shall be considered by the Customer Support Service of Mail.Ru in accordance with the general procedure for consideration of requests. E-mail address of the Customer Support Service of Mail.Ru: support@corp.mail.ru.” (Source 8). Since this document contains information about the company's practices regarding user information as well as a prohibition on sharing personal information of other users, this disclosure receives credit on this element.

Elements 2-5: No evidence found."
"Sources (reference, specific page, section, etc.)",,,,5,8,8,8,8
,,,,,,,,
Points for 1,0,0,0,0,100,100,100,100
Points for 2,0,0,0,0,0,0,0,0
Points for 3,0,0,0,0,0,0,0,0
Points for 4,0,0,0,0,0,0,0,0
Points for 5,0,0,0,0,0,0,0,0
,,,,,,,,
Level score,0.00,0.00,0.00,0.00,20.00,20.00,20.00,20.00
,,,,,,,,
Indicator score based on level weighting,13.33,,,,,,,
,,,,,,,,
F1,Mail.Ru (group),VKontakte (service),mail (service),Mail.Ru Agent (service),,,,
Consolidated answer for Element 1:,no/insufficient evidence,yes: Free: The company’s terms of service (ToS) are freely available and easy to find without needing to sign up or subscribe.,no/insufficient evidence,no/insufficient evidence,,,,
Consolidated answer for Element 2:,no/insufficient evidence,yes: Language: The ToS is available in the language(s) most commonly spoken by the company’s users. ,yes: Language: The ToS is available in the language(s) most commonly spoken by the company’s users. ,yes: Language: The ToS is available in the language(s) most commonly spoken by the company’s users. ,,,,
Consolidated answer for Element 3:,no/insufficient evidence,partial,partial,partial,,,,
Comments (explain score),"Mail.ru group web site does not feature a link to a group ToS rather, it features links to the websites of its various services.","Element 1: VKontakte’s ToS are freely available. The link to the ToS is featured on the footer of VK’s homepage.  

Element 2: The ToS page features a link to a language selection pop-up page where users may select their language of choice for the rendering of the ToS. While English and Russian options appear to work, it is not clear that the ToS is available in any other language listed on the pop-up page. The ToS further states that in case of discrepancies between the Russian and the foreign language versions of the Terms, the Russian version will prevail (source 8 clause 9.5).

Element 3. The ToS features headers and numbered paragraphs and is well-spaced. However, it does not feature tips to further assist the reader with understanding the provisions. For this reason, the company receives partial credit.","Element 1: The link to the ToS is not available on the main page of the service. It is available in the help section of the website, which users can link to from the registration form page. As such the ToS is not easy to find.

Element 2: Mail.ru ToS webpage footer features links to other language options including: Russian, Ukrainian and English. There is also information in Mail.ru press releases that some of Mail.ru services are now translated in Kazakh language and available in Italian. 

Element 3. While the ToS features headers and numbered paragraphs, it is not well-spaced and does not include tips to help users understand the document. For this reason, the company receives partial credit.","Element 1: The link to the ToS is not available on the main page of the service. It is available in the help section of the website, which users can link to from the registration form page. As such the ToS is not easy to find.

Element 2: Mail.ru ToS webpage footer features links to other language options including: Russian, Ukrainian and English. There is also information in Mail.ru press releases that some of Mail.ru services are now translated in Kazakh language and available in Italian. 

Element 3. While the ToS features headers and numbered paragraphs, it is not well-spaced and does not include tips to help users understand the document. For this reason, the company receives partial credit.",,,,
"Sources (reference, specific page, section, etc.)",,4,"8, 36, 48, 49, 50","8, 36, 48, 49, 50",,,,
,,,,,,,,
Points for 1,0,100,0,0,,,,
Points for 2,0,100,100,100,,,,
Points for 3,0,50,50,50,,,,
,,,,,,,,
Level score,0.00,83.33,50.00,50.00,,,,
,,,,,,,,
Indicator score based on level weighting,61.11,,,,,,,
,,,,,,,,
F2,Mail.Ru (group),VKontakte (service),mail (service),Mail.Ru Agent (service),,,,
Consolidated answer for Element 1:,no/insufficient evidence,no/insufficient evidence,no/insufficient evidence,no/insufficient evidence,,,,
Consolidated answer for Element 2:,no/insufficient evidence,no/insufficient evidence,no/insufficient evidence,no/insufficient evidence,,,,
Consolidated answer for Element 3:,no/insufficient evidence,no/insufficient evidence,no/insufficient evidence,no/insufficient evidence,,,,
Comments (explain score),There is no group level disclosure for this indicator.,"Element 1: In its terms of service, VK states that it is at liberty to make changes to the ToS with notifying users. It directs users to track the changes on the company website (section 2.4, source 4). 

Element 2: VK does not commit to provide notice within any time frame.

Element 3: There is no evidence that VK keeps a public log of previous versions of its ToS.","Element 1: In its User Agreement, Mail.Ru specifies that it has no obligations to provide users with prior notice before making amendments to the user agreements (section 18, source 8).

Element 2: Mail.Ru does not commit to provide notice within any time frame.

Element 3: There is no evidence that Mail.Ru keeps a public log of previous versions of its ToS.","Element 1: In its User Agreement, Mail.Ru specifies that it has no obligations to provide users with prior notice before making amendments to the user agreements (section 18, source 8).

Element 2: Mail.Ru does not commit to provide notice within any time frame.

Element 3: There is no evidence that Mail.Ru keeps a public log of previous versions of its ToS.",,,,
"Sources (reference, specific page, section, etc.)",,4,8,8,,,,
,,,,,,,,
Points for 1,0,0,0,0,,,,
Points for 2,0,0,0,0,,,,
Points for 3,0,0,0,0,,,,
,,,,,,,,
Level score,0.00,0.00,0.00,0.00,,,,
,,,,,,,,
Indicator score based on level weighting,0.00,,,,,,,
,,,,,,,,
F3,Mail.Ru (group),VKontakte (service),mail (service),Mail.Ru Agent (service),,,,
Consolidated answer for Element 1:,no/insufficient evidence,yes: The company explains what types of content or activities it does not permit.,yes: The company explains what types of content or activities it does not permit.,yes: The company explains what types of content or activities it does not permit.,,,,
Consolidated answer for Element 2:,no/insufficient evidence,no/insufficient evidence,yes: The company explains its process for enforcing its rules.,yes: The company explains its process for enforcing its rules.,,,,
Consolidated answer for Element 3:,no/insufficient evidence,no/insufficient evidence,no/insufficient evidence,no/insufficient evidence,,,,
Comments (explain score),There is no group level disclosure for this indicator.,"Element 1: Vkontakte's ToS (Source 4, Section 6.3) provides a list of the types of content and activities the company does not permit.

Element 2: Vkontakte's ToS (Source 4, Section 7.2.2) states, ""The Site Administration has the right but is not obliged to check the Site for prohibited Content and can delete or remove (without giving advance notice) any Content or Users at its own discretion for any reason or without reason, including, without limitation, removal or deletion of the Content which, in the personal opinion of the Site Administration, infringes these Terms, Russian legislation and/or may infringe the rights of, cause damage to, or threaten the security of other Users or third parties."" This suggests the company can take action against any content or user for nearly any reason beyond those described in the TOS, and it does not give the user a sense of how the company enforces its rules.

Element 3. No evidence found.","Element 1: In its User Agreement, Mail.Ru discloses the kinds of content and activities it prohibits (section 5.2, source 8) and informs users of their personal liability for published content (section 5.8, source 8).

Element 2: In its User Agreement, Mail.Ru discloses that it retains the right to moderate or delete information posted by a user if it violates the ban disclosed in the User Agreement. It also states that it may suspend or terminate user accounts for engaging in the prohibited activities described in the User Agreement (section 8, source 8). All of this may be done without prior notice.

Element 3: No evidence found.","Element 1: In its User Agreement, Mail.Ru discloses the kinds of content and activities it prohibits (section 5.2, source 8) and informs users of their personal liability for published content (section 5.8, source 8).

Element 2: In its User Agreement, Mail.Ru discloses that it retains the right to moderate or delete information posted by a user if it violates the ban disclosed in the User Agreement (section 8.3, source 8). It also states that it may suspend or terminate user accounts for engaging in the prohibited activities described in the User Agreement (section 8.4, source 8). All of this may be done without prior notice.

Element 3: No evidence found.",,,,
"Sources (reference, specific page, section, etc.)",,4,8,8,,,,
,,,,,,,,
Points for 1,0,100,100,100,,,,
Points for 2,0,0,100,100,,,,
Points for 3,0,0,0,0,,,,
,,,,,,,,
Level score,0.00,33.33,66.67,66.67,,,,
,,,,,,,,
Indicator score based on level weighting,55.56,,,,,,,
,,,,,,,,
F4,Mail.Ru (group),VKontakte (service),mail (service),Mail.Ru Agent (service),,,,
Consolidated answer for Element 1:,no/insufficient evidence,yes: The company explains the reason(s) why it may restrict a user’s account.  ,yes: The company explains the reason(s) why it may restrict a user’s account.  ,yes: The company explains the reason(s) why it may restrict a user’s account.  ,,,,
Consolidated answer for Element 2:,N/A,N/A,N/A,N/A,,,,
Consolidated answer for Element 3:,no/insufficient evidence,no/insufficient evidence,no/insufficient evidence,no/insufficient evidence,,,,
Comments (explain score),"There is no group level disclosure for this indicator.

Element 2: This element is N/A for Internet companies.","Element 1: In its ToS, Vk enumerates various reasons why it may restrict a user’s account (section 6.3, 7.22 and 8.6, source 4).

Element 2: This element is N/A for Internet companies.

Element 3: No evidence found.","Element 1: In its ToS, Mail.Ru outlines its reasons for terminating user accounts- breach of terms, government request, extended period of non-use, security and technical concerns (section 8.2, source 8). The ToS also states that it may restrict access without providing users with reasons (8.3 & 8.4, source 8).

Element 2: This element is N/A for Internet companies.

Element 3: No evidence found.","Element 1: In its ToS, Mail.Ru outlines its reasons for terminating user accounts- breach of terms, government request, extended period of non-use, security and technical concerns (section 8.2, source 8). The ToS also states that it may restrict access without providing users with reasons (8.3 & 8.4, source 8).

Element 2: This element is N/A for Internet companies.

Element 3: No evidence found. ",,,,
"Sources (reference, specific page, section, etc.)",,4,8,8,,,,
,,,,,,,,
Points for 1,0,100,100,100,,,,
Points for 2,N/A,N/A,N/A,N/A,,,,
Points for 3,0,0,0,0,,,,
,,,,,,,,
Level score,0.00,50.00,50.00,50.00,,,,
,,,,,,,,
Indicator score based on level weighting,50.00,,,,,,,
,,,,,,,,
F5,Mail.Ru (group),VKontakte (service),mail (service),Mail.Ru Agent (service),,,,
Consolidated answer for Element 1:,no/insufficient evidence,no/insufficient evidence,N/A,no/insufficient evidence,,,,
Consolidated answer for Element 2:,no/insufficient evidence,no/insufficient evidence,N/A,no/insufficient evidence,,,,
Consolidated answer for Element 3:,no/insufficient evidence,no/insufficient evidence,N/A,no/insufficient evidence,,,,
Consolidated answer for Element 4:,no/insufficient evidence,no/insufficient evidence,no/insufficient evidence,no/insufficient evidence,,,,
Comments (explain score),No evidence found.,"Elements 1-4: In its terms of service, VK discloses that it may remove content “without giving advance notice"" and limit user access to content or the service ""at any time for any reason or without explaining the reason” (Source 4, section 7.2.2 and 8.6)","Elements 1-3: These elements are N/A for e-mail services.

Element 4: The ToS states, ""Mail.Ru shall retain the right at its own discretion...to suspend, to limit or to terminate access to any of Mail.Ru Services at any time for any reason or without giving any reason with or without prior notice."" (section 8.3, source 8). The ToS reiterates, ""Mail.Ru shall be entitled to delete the User’s account and (or) to suspend, to limit or to terminate access to any service of the web-site if Mail.Ru founds in the User’s actions signs of breach of provisions hereof without giving any reason."" (section 8.4, source 8).","Element 1: The ToS  states, ""Mail.Ru shall retain the right at its own discretion to change (moderate) or to delete any information posted by the User...at any time for any reason or without giving any reason with or without prior notice."" (section 8.3, source 8). The ToS reiterates, "" Mail.Ru shall retain the right to delete any Materials posted by the User in Mail.Ru Services without giving any reason and without prior notification of the User, however Mail.Ru shall make every possible effort to avoid such situations."" (section 8.4, source 8).

Element 2: No evidence found.

Element 3: Although the company states that it is entitled to delete content that contravenes ""bans and requirements stipulated in the current laws of the Russian Federation”, the company reserves the right to delete content “for any reason or without giving any reason”, showing that it may not communicate a reason for content restriction (section 8.3, source 8).

Element 4: The ToS states, ""Mail.Ru shall retain the right at its own discretion...to suspend, to limit or to terminate access to any of Mail.Ru Services at any time for any reason or without giving any reason with or without prior notice."" (section 8.3, source 8). The ToS reiterates, ""Mail.Ru shall be entitled to delete the User’s account and (or) to suspend, to limit or to terminate access to any service of the web-site if Mail.Ru founds in the User’s actions signs of breach of provisions hereof without giving any reason."" (section 8.4, source 8).",,,,
"Sources (reference, specific page, section, etc.)",,4,8,8,,,,
,,,,,,,,
Points for 1,0,0,N/A,0,,,,
Points for 2,0,0,N/A,0,,,,
Points for 3,0,0,N/A,0,,,,
Points for 4,0,0,0,0,,,,
,,,,,,,,
Level score,0.00,0.00,0.00,0.00,,,,
,,,,,,,,
Indicator score based on level weighting,0.00,,,,,,,
,,,,,,,,
F6,Mail.Ru (group),VKontakte (service),mail (service),Mail.Ru Agent (service),,,,
Consolidated answer for Element 1,no/insufficient evidence,no/insufficient evidence,N/A,no/insufficient evidence,,,,
Consolidated answer for Element 2,no/insufficient evidence,no/insufficient evidence,N/A,no/insufficient evidence,,,,
Consolidated answer for Element 3,no/insufficient evidence,no/insufficient evidence,N/A,no/insufficient evidence,,,,
Consolidated answer for Element 4,no/insufficient evidence,no/insufficient evidence,N/A,no/insufficient evidence,,,,
Consolidated answer for Element 5,no/insufficient evidence,no/insufficient evidence,N/A,no/insufficient evidence,,,,
Consolidated answer for Element 6,no/insufficient evidence,no/insufficient evidence,N/A,no/insufficient evidence,,,,
Consolidated answer for Element 7,no/insufficient evidence,no/insufficient evidence,N/A,no/insufficient evidence,,,,
Consolidated answer for Element 8,no/insufficient evidence,no/insufficient evidence,N/A,no/insufficient evidence,,,,
Comments (explain score),No evidence found.,No evidence found.,This indicator is N/A for e-mail services.,No evidence found.,,,,
"Sources (reference, specific page, section, etc.)",,,,,,,,
,,,,,,,,
Points for 1,0,0,N/A,0,,,,
Points for 2,0,0,N/A,0,,,,
Points for 3,0,0,N/A,0,,,,
Points for 4,0,0,N/A,0,,,,
Points for 5,0,0,N/A,0,,,,
Points for 6,0,0,N/A,0,,,,
Points for 7,0,0,N/A,0,,,,
Points for 8,0,0,N/A,0,,,,
,,,,,,,,
Level score,0.00,0.00,N/A,0.00,,,,
,,,,,,,,
Indicator score based on level weighting,0.00,,,,,,,
,,,,,,,,
F7,Mail.Ru (group),VKontakte (service),mail (service),Mail.Ru Agent (service),,,,
Consolidated answer for Element 1,no/insufficient evidence,no/insufficient evidence,N/A,no/insufficient evidence,,,,
Consolidated answer for Element 2,no/insufficient evidence,no/insufficient evidence,N/A,no/insufficient evidence,,,,
Consolidated answer for Element 3,no/insufficient evidence,no/insufficient evidence,N/A,no/insufficient evidence,,,,
Consolidated answer for Element 4,no/insufficient evidence,no/insufficient evidence,N/A,no/insufficient evidence,,,,
Consolidated answer for Element 5,no/insufficient evidence,no/insufficient evidence,N/A,no/insufficient evidence,,,,
Consolidated answer for Element 6,no/insufficient evidence,no/insufficient evidence,N/A,no/insufficient evidence,,,,
Consolidated answer for Element 7,no/insufficient evidence,no/insufficient evidence,N/A,no/insufficient evidence,,,,
Consolidated answer for Element 8,no/insufficient evidence,no/insufficient evidence,N/A,no/insufficient evidence,,,,
Consolidated answer for Element 9,no/insufficient evidence,no/insufficient evidence,N/A,no/insufficient evidence,,,,
Comments (explain score),No evidence found.,No evidence found.,This indicator is N/A for e-mail services.,No evidence found.,,,,
"Sources (reference, specific page, section, etc.)",,,,,,,,
,,,,,,,,
Points for 1,0,0,N/A,0,,,,
Points for 2,0,0,N/A,0,,,,
Points for 3,0,0,N/A,0,,,,
Points for 4,0,0,N/A,0,,,,
Points for 5,0,0,N/A,0,,,,
Points for 6,0,0,N/A,0,,,,
Points for 7,0,0,N/A,0,,,,
Points for 8,0,0,N/A,0,,,,
Points for 9,0,0,N/A,0,,,,
,,,,,,,,
Level score,0.00,0.00,N/A,0.00,,,,
,,,,,,,,
Indicator score based on level weighting,0.00,,,,,,,
,,,,,,,,
F8,Mail.Ru (group),VKontakte (service),mail (service),Mail.Ru Agent (service),,,,
Consolidated answer for Element 1,no/insufficient evidence,no/insufficient evidence,N/A,no/insufficient evidence,,,,
Consolidated answer for Element 2,no/insufficient evidence,no/insufficient evidence,N/A,no/insufficient evidence,,,,
Consolidated answer for Element 3,no/insufficient evidence,no/insufficient evidence,N/A,no/insufficient evidence,,,,
Consolidated answer for Element 4,no/insufficient evidence,no/insufficient evidence,N/A,no/insufficient evidence,,,,
Consolidated answer for Element 5,no/insufficient evidence,no/insufficient evidence,N/A,no/insufficient evidence,,,,
Consolidated answer for Element 6,no/insufficient evidence,no/insufficient evidence,N/A,no/insufficient evidence,,,,
Consolidated answer for Element 7,no/insufficient evidence,no/insufficient evidence,N/A,no/insufficient evidence,,,,
Consolidated answer for Element 8,no/insufficient evidence,no/insufficient evidence,N/A,no/insufficient evidence,,,,
Consolidated answer for Element 9,no/insufficient evidence,no/insufficient evidence,N/A,no/insufficient evidence,,,,
Comments (explain score),No evidence found.,No evidence found.,This indicator is N/A for e-mail services.,No evidence found.,,,,
"Sources (reference, specific page, section, etc.)",,,,,,,,
,,,,,,,,
Points for 1,0,0,N/A,0,,,,
Points for 2,0,0,N/A,0,,,,
Points for 3,0,0,N/A,0,,,,
Points for 4,0,0,N/A,0,,,,
Points for 5,0,0,N/A,0,,,,
Points for 6,0,0,N/A,0,,,,
Points for 7,0,0,N/A,0,,,,
Points for 8,0,0,N/A,0,,,,
Points for 9,0,0,N/A,0,,,,
,,,,,,,,
Level score,0.00,0.00,N/A,0.00,,,,
,,,,,,,,
Indicator score based on level weighting,0.00,,,,,,,
,,,,,,,,
F9,Mail.Ru (group),VKontakte (service),mail (service),Mail.Ru Agent (service),,,,
Consolidated answer for Element 1,no/insufficient evidence,no/insufficient evidence,no/insufficient evidence,no/insufficient evidence,,,,
Consolidated answer for Element 2,no/insufficient evidence,no/insufficient evidence,no/insufficient evidence,no/insufficient evidence,,,,
Consolidated answer for Element 3,no/insufficient evidence,no/insufficient evidence,no/insufficient evidence,no/insufficient evidence,,,,
Consolidated answer for Element 4,no/insufficient evidence,no/insufficient evidence,no/insufficient evidence,no/insufficient evidence,,,,
Consolidated answer for Element 5,no/insufficient evidence,no/insufficient evidence,no/insufficient evidence,no/insufficient evidence,,,,
Consolidated answer for Element 6,no/insufficient evidence,no/insufficient evidence,no/insufficient evidence,no/insufficient evidence,,,,
Comments (explain score),No evidence found.,No evidence found.,No evidence found.,No evidence found.,,,,
"Sources (reference, specific page, section, etc.)",,,,,,,,
,,,,,,,,
Points for 1,0,0,0,0,,,,
Points for 2,0,0,0,0,,,,
Points for 3,0,0,0,0,,,,
Points for 4,0,0,0,0,,,,
Points for 5,0,0,0,0,,,,
Points for 6,0,0,0,0,,,,
,,,,,,,,
Level score,0.00,0.00,0.00,0.00,,,,
,,,,,,,,
Indicator score based on level weighting,0.00,,,,,,,
,,,,,,,,
F10,Mail.Ru (group),VKontakte (service),mail (service),Mail.Ru Agent (service),,,,
This indicator is N/A for Internet companies,,,,,,,,
,,,,,,,,
,,,,,,,,
,,,,,,,,
Points,N/A,N/A,N/A,N/A,,,,
,,,,,,,,
Level score,N/A,N/A,N/A,N/A,,,,
,,,,,,,,
Indicator score based on level weighting,N/A,,,,,,,
,,,,,,,,
F11,Mail.Ru (group),VKontakte (service),mail (service),Mail.Ru Agent (service),,,,
Consolidated answer,no,yes,no,no,,,,
Comments (explain score),There is no group level disclosure for this indicator.,"In its privacy policy, VK discloses that it may require a user to “produce a copy of the identity document containing the user’s name, surname, photograph as well as other additional information which at the discretion of the Site Administration is necessary and sufficient to identify such user…” (source 5, section 4.1.3)","The service permits users to register their phone numbers as an additional means of authentication (sources 8,12). However, this is not compulsory. 

When registering an account with Mail.Ru, users are asked to provide a first and last name, and a city (Source 50), although no comment is made about ""real names."" Section 5.2.4 of the User Agreement (Source #) states that the user agrees to, ""not represent itself to be another person or employee of any enterprise and/or association including Support Service of Mail.Ru, employees of Mail.Ru, for moderators as well as to misinform."" However, there is no disclosure of efforts to verify whether users provide their real names during registration.","Mail.Ru is linked to users’ e-mail accounts. However, the service does not require any connection to users’ offline identity. ",,,,
"Sources (reference, specific page, section, etc.)",,5,"12,8,50","23,53,8",,,,
,,,,,,,,
Points,100,0,100,100,,,,
,,,,,,,,
Level score,100.00,0.00,100.00,100.00,,,,
,,,,,,,,
Indicator score based on level weighting,66.67,,,,,,,
,,,,,,,,
P1,Mail.Ru (group),VKontakte (service),mail (service),Mail.Ru Agent (service),,,,
Consolidated answer for Element 1:,no/insufficient evidence,yes: Free: The company’s privacy policies are freely available and easy to find without needing to sign up or subscribe.,no/insufficient evidence,no/insufficient evidence,,,,
Consolidated answer for Element 2:,no/insufficient evidence,yes: Language: The privacy policies are available in the language(s) most commonly spoken by the company’s users. ,no/insufficient evidence,no/insufficient evidence,,,,
Consolidated answer for Element 3:,no/insufficient evidence,partial,no/insufficient evidence,no/insufficient evidence,,,,
Comments (explain score),No evidence found.,"Element 1: VK’s privacy policy is located two clicks away from its homepage. The homepage features a link to the ToS, which in turn features a link to the privacy policy (source 5).

Element 2: Users may click on the “all languages” link located in the website footer and select from 80 languages. Not all the language selections work but English, Russian and Ukrainian (the most commonly spoken language among the users) versions of the policy are available.

Element 3: While the privacy policy includes headers and numbered paragraphs, the lack of adequate spacing and small text do not help readers understand the policy. For this reason, the company receives partial credit.","While the ToS and other documents contain disclosures about privacy, the service does not have a separate privacy policy.","While the ToS and other documents contain disclosures about privacy, the service does not have a separate privacy policy.",,,,
"Sources (reference, specific page, section, etc.)",,5,,,,,,
,,,,,,,,
Points for 1,0,100,0,0,,,,
Points for 2,0,100,0,0,,,,
Points for 3,0,50,0,0,,,,
,,,,,,,,
Level score,0.00,83.33,0.00,0.00,,,,
,,,,,,,,
Indicator score based on level weighting,27.78,,,,,,,
,,,,,,,,
P2,Mail.Ru (group),VKontakte (service),mail (service),Mail.Ru Agent (service),,,,
Consolidated answer for Element 1:,no/insufficient evidence,no/insufficient evidence,no/insufficient evidence,no/insufficient evidence,,,,
Consolidated answer for Element 2:,no/insufficient evidence,no/insufficient evidence,no/insufficient evidence,no/insufficient evidence,,,,
Consolidated answer for Element 3:,no/insufficient evidence,no/insufficient evidence,no/insufficient evidence,no/insufficient evidence,,,,
Comments (explain score),No evidence found.,"Element 1: VK does not commit to provide direct notification of changes to users. Rather, it considers posting the new rules on the website as a notification of change. (Source 5, Section 1.4)

Element 2: VK discloses that it would post “the new version of the Rules” on the website ""no later than 10 days before such changes become effective.” (Source 5, Section 1.4). While this purports to be a time frame, it does not earn VK credit because users are not notified of the change.

Element 3: Although VK discloses that the previous versions of the privacy policy are stored in the “site administration’s documentation archive”, there is no indication that this archive is public (Source 5, section 1.4).",No evidence found.,No evidence found.,,,,
"Sources (reference, specific page, section, etc.)",,5,,,,,,
,,,,,,,,
Points for 1,0,0,0,0,,,,
Points for 2,0,0,0,0,,,,
Points for 3,0,0,0,0,,,,
,,,,,,,,
Level score,0.00,0.00,0.00,0.00,,,,
,,,,,,,,
Indicator score based on level weighting,0.00,,,,,,,
,,,,,,,,
P3,Mail.Ru (group),VKontakte (service),mail (service),Mail.Ru Agent (service),,,,
Element A satisfied?,no/insufficient evidence,no/insufficient evidence,no/insufficient evidence,no/insufficient evidence,,,,
"If ""yes"" on Element A --> skip all B elements.
If ""no"" on Element A --> continue with B:",,,,,,,,
Element B.1 satisfied?,no/insufficient evidence,no/insufficient evidence,no/insufficient evidence,no/insufficient evidence,,,,
Element B.2 satisfied?,no/insufficient evidence,partial,no/insufficient evidence,no/insufficient evidence,,,,
Element B.3 satisfied?,no/insufficient evidence,yes: The company clearly discloses how it collects user information.,no/insufficient evidence,no/insufficient evidence,,,,
Element B.4 satisfied?,partial,partial,yes: The company clearly discloses why it collects user information.,yes: The company clearly discloses why it collects user information.,,,,
Comments (explain score),"Element A: No evidence found.

Elements B1-B3: No evidence found.

Element B4: Mail.ru's Annual Report (Source 1, p. 25), the company states it employs user information for advertising purposes. Specifically, it states, ""After fully consolidating VK in September 2014 we started replacing our self-serve ad platform Target.Mail.Ru with an integrated ad platform that would leverage extensive personal data on users across all three social networks, VK, OK.RU and My World, to provide advertisers with the best targeted solutions in Russian-speaking internet."" However, since this is does not provide information on other reasons why it collects user data, the company receives partial credit.","Element A: No evidence found.

Element B1: No evidence found.
 
Element B2: VK's privacy policy (Source 5) Section 4.1 lists ""Users’ personal data"" the company collects and Section 4.2 lists ""Other User information processed by the Site Administration."" These sections cover information that users provide directly to the company as well as information the company collects through use of the service. The company provides examples of specific types of information included in each category, except in the line about cookies. Section 4.2.2. states the company processes, ""information that is automatically received at the time of access to the Site with the use of cookies,"" but provides no examples or additional information to help users understand what specific types of information this includes. For this reason, the company receives partial credit.

Element B3: VK's privacy policy (Source 5) Section 4.1 states that the company collects user information when users provide it. Section 4.2 states that the company also collects data automatically, for example when a user's browser visits the website of the service and when users perform actions on the service. The policy also states that it collects information through cookies.

Element B4: VK's privacy policy (Source 5) Section 4.1 states that it collects user information to enable users to register for the site and ""to fulfill its obligations to the Users under the Site Service contract (e.g., in case the User requests restoration of his / her page that is not linked to a mobile phone number)."" However, Section 4.2 does not explain why the company collects the user information listed in that section. For this reason, the company receives partial credit.","Element A: No evidence found.

Element B1: The User Agreement (Source 8) Section 12.1 states that ""Mail.Ru does not either track certain Users’ actions or transfer its information thereabout,"" hinting that the company does not collect metadata. (Source 8) However, this is not clear disclosure about data minimization and the company does not receive credit for this element.

Element B2-B3: The User Agreement (Source 8) Section 4.1.1 and 4.1.2 states that the company processes user data, but it does not clearly identify what information it collects (beyond login information) or how it collects it. For this reason, the company receives no credit on these elements. 

Element B4: The User Agreement (Source 8) Section 4.1.2 states that the company processes user information to enable users to use the service and its features, ""to carry out advertising campaigns, to provide targeted advertisements and Services, to conduct statistical investigations and to analyze the statistic data obtained, to perform other actions described herein."" ","Element A: No evidence found.

Element B1: The User Agreement (Source 8) Section 12.1 states that ""Mail.Ru does not either track certain Users’ actions or transfer its information thereabout,"" hinting that the company does not collect metadata. (Source 8) However, this is not clear disclosure about data minimization and the company does not receive credit for this element.

Element B2-B3: The User Agreement (Source 8) Section 4.1.1 and 4.1.2 states that the company processes user data, but it does not clearly identify what information it collects (beyond login information) or how it collects it. For this reason, the company receives no credit on these elements. 

Element B4: The User Agreement (Source 8) Section 4.1.2 states that the company processes user information to enable users to use the service and its features, ""to carry out advertising campaigns, to provide targeted advertisements and Services, to conduct statistical investigations and to analyze the statistic data obtained, to perform other actions described herein."" ",,,,
"Sources (reference, specific page, section, etc.)",1,5,8,8,,,,
,,,,,,,,
Points for A,0,0,0,0,,,,
Points for B.1,0,0,0,0,,,,
Points for B.2,0,50,0,0,,,,
Points for B.3,0,100,0,0,,,,
Points for B.4,50,50,100,100,,,,
,,,,,,,,
Level score,10.00,40.00,20.00,20.00,,,,
,,,,,,,,
Indicator score based on level weighting,26.67,,,,,,,
,,,,,,,,
P4,Mail.Ru (group),VKontakte (service),mail (service),Mail.Ru Agent (service),,,,
Element A satisfied?,no/insufficient evidence,no/insufficient evidence,no/insufficient evidence,no/insufficient evidence,,,,
"If ""yes"" on Element A --> skip all B elements.
If ""no"" on Element A --> continue with B:",,,,,,,,
Element B.1 satisfied?,no/insufficient evidence,no/insufficient evidence,no/insufficient evidence,no/insufficient evidence,,,,
Element B.2 satisfied?,no/insufficient evidence,no/insufficient evidence,no/insufficient evidence,no/insufficient evidence,,,,
Element B.3 satisfied?,no/insufficient evidence,partial,no/insufficient evidence,no/insufficient evidence,,,,
Element B.4 satisfied?,no/insufficient evidence,no/insufficient evidence,no/insufficient evidence,no/insufficient evidence,,,,
Element B.5 satisfied?,partial,partial,partial,partial,,,,
Comments (explain score),"Element A: No evidence found.

Elements B.1-B.4: No evidence found.

Element B.5: The company's annual report (Source 1, p. 25) highlights the company's ""integrated ad platform that would leverage extensive personal data on users across all three social networks, VK, OK.RU and My World.” This suggests that the company shares user information across services, but it does not provide information about how. For this reason, the company receives partial credit.","Element A: No evidence found.

Element B1: VK's privacy policy (Source 5) Section 5.1.4 states the company may transfer personal data to third parties. However, VK does not appear include log data, cookie data, or information that users create or generate on the site in its definition of personal data. Since it is unclear whether the company also shares that type of user information, the company does not receive credit on this element.

Element B2: No evidence found in VK's privacy policy (Source 5). VK's ToS (Source 4) Section 5.8 states, ""[T]he Site Administration makes the User’s personal data available only to those employees, contractors and agents of the Site Administration which need this information to ensure the site operation and provision of Services to the User.” This disclosure is too vague to receive credit on this element.

Element B3: VK's privacy policy (Source 5) Section 5.1.4 states the company may transfer personal data to ""any third parties"", which includes ""third-party contractors"" and ""third parties (developers)"" who operate applictions on the site. It also states that it may share information with ""government agencies (local self-government bodies)."" Given the lack of detail about what constitutes a ""third-party contractor,"" the company receives partial credit on this element.

Element B4: No evidence found.

Element B.5: The company's annual report (Source 1, p. 25) highlights the company's ""integrated ad platform that would leverage extensive personal data on users across all three social networks, VK, OK.RU and My World.” This suggests that the company shares user information across services, but it does not provide information about how. For this reason, the company receives partial credit.","Element A: No evidence found.

Element B1: Mail.ru's ToS (Source 8) Section 7.5 states, ""Using functionality of Mail.Ru Services the User shall agree that the user’s information may be only transferred to Mail.Ru partners to ensure rendering of the services ordered by the User as well as to grant to the User the rights to use extra charged functional (program) capabilities of the Internet Service provided together with those partners to the extent required to properly render the said services and grant the said rights."" The document does not specify what information is shared.

Elements B.2: The company's TOS (Source 8) Section 7.5 states the company shares information ""to  ensure rendering of the services ordered by the user."" This disclosure is too vague to receive credit on this element.

Element B.3-B4: The company's TOS (Source 8) Section 7.5 states the company shares information with ""partners,"" but provides no additional information.

Element B.5: The company's annual report (Source 1, p. 25) highlights the company's ""integrated ad platform that would leverage extensive personal data on users across all three social networks, VK, OK.RU and My World.” This suggests that the company shares user information across services, but it does not provide information about how. For this reason, the company receives partial credit.","Element A: No evidence found.

Element B1: Mail.ru's ToS (Source 8) Section 7.5 states, ""Using functionality of Mail.Ru Services the User shall agree that the user’s information may be only transferred to Mail.Ru partners to ensure rendering of the services ordered by the User as well as to grant to the User the rights to use extra charged functional (program) capabilities of the Internet Service provided together with those partners to the extent required to properly render the said services and grant the said rights."" The document does not specify what information is shared.

Elements B.2: The company's TOS (Source 8) Section 7.5 states the company shares information ""to  ensure rendering of the services ordered by the user."" This disclosure is too vague to receive credit on this element.

Element B.3-B4: The company's TOS (Source 8) Section 7.5 states the company shares information with ""partners,"" but provides no additional information.

Element B.5: The company's annual report (Source 1, p. 25) highlights the company's ""integrated ad platform that would leverage extensive personal data on users across all three social networks, VK, OK.RU and My World.” This suggests that the company shares user information across services, but it does not provide information about how. For this reason, the company receives partial credit.",,,,
"Sources (reference, specific page, section, etc.)",1,"1,4,5","1,8","1,8",,,,
,,,,,,,,
Points for A,0,0,0,0,,,,
Points for B.1,0,0,0,0,,,,
Points for B.2,0,0,0,0,,,,
Points for B.3,0,50,0,0,,,,
Points for B.4,0,0,0,0,,,,
Points for B.5,50,50,50,50,,,,
,,,,,,,,
Level score,8.00,16.00,8.00,8.00,,,,
,,,,,,,,
Indicator score based on level weighting,10.67,,,,,,,
,,,,,,,,
P5,Mail.Ru (group),VKontakte (service),mail (service),Mail.Ru Agent (service),,,,
Consolidated answer for Element 1:,no/insufficient evidence,no/insufficient evidence,no/insufficient evidence,no/insufficient evidence,,,,
Consolidated answer for Element 2:,no/insufficient evidence,no/insufficient evidence,no/insufficient evidence,no/insufficient evidence,,,,
Comments (explain score),No evidence found.,"Element 1: The ToS discloses user rights to control “data processing” and not data collection."" It states, ""the User has the right to revoke his/her consent for processing his/her personal data by:(a) removing independently the information posted previously by the User on the Site; (b) removing independently the User’s personal page using the “Remove Your Page” functionality available to the User in the “My Settings” (Source 4, section 5.14). However, this indicator seeks disclosure that the company provides users with an option to control the company's collection of data about the user and the user's behavior on the service. There is no evidence that the company offers these types of controls, and for this reason, the company does not receive credit on this element.

Element 2: While users are permitted to adjust their privacy settings in order to control what information they share with other users, there is no indication that there are similar options to control how the company shares user information (Source 5, section 6.3).","Element 1: There is no evidence that Mail.Ru provides users with the option to control its collection of their information.

Element 2: Mail.Ru's User Agreement says it reserves the right to share user information and does not provide users with the option to exercise control in this regard (Source 8, section 7.2).","Element 1: There is no evidence that Mail.Ru provides users with the option to control its collection of their information.

Element 2: Mail.Ru's User Agreement says it reserves the right to share user information and does not provide users with the option to exercise control in this regard (Source 8, section 7.2).",,,,
"Sources (reference, specific page, section, etc.)",,"4,5",8,8,,,,
,,,,,,,,
Points for 1,0,0,0,0,,,,
Points for 2,0,0,0,0,,,,
,,,,,,,,
Level score,0.00,0.00,0.00,0.00,,,,
,,,,,,,,
Indicator score based on level weighting,0.00,,,,,,,
,,,,,,,,
P6,Mail.Ru (group),VKontakte (service),mail (service),Mail.Ru Agent (service),,,,
Consolidated answer for Element 1:,no/insufficient evidence,no/insufficient evidence,no/insufficient evidence,no/insufficient evidence,,,,
Consolidated answer for Element 2:,no/insufficient evidence,no/insufficient evidence,no/insufficient evidence,no/insufficient evidence,,,,
Consolidated answer for Element 3:,no/insufficient evidence,no/insufficient evidence,no/insufficient evidence,no/insufficient evidence,,,,
Consolidated answer for Element 4:,no/insufficient evidence,no/insufficient evidence,no/insufficient evidence,no/insufficient evidence,,,,
Comments (explain score),No evidence found.,"Element 1: VK’s ToS (Source 4, Section 4.2.1) states, ""Information containing the history of the User’s visits to the Site is available to the User in the My Settings / General / Your Page Security section.” It is unclear what ""history of the User's visits"" means or whether it includes user information that the company collects automatically (e.g. log data). For this reason, the company does not receive credit on this element. Apart from this disclosure, the privacy policy (Source 5) does not state whether any other user information is available.

Elements 2-4: No evidence found.",No evidence found.,No evidence found.,,,,
"Sources (reference, specific page, section, etc.)",,,,,,,,
,,,,,,,,
Points for 1,0,0,0,0,,,,
Points for 2,0,0,0,0,,,,
Points for 3,0,0,0,0,,,,
Points for 4,0,0,0,0,,,,
,,,,,,,,
Level score,0.00,0.00,0.00,0.00,,,,
,,,,,,,,
Indicator score based on level weighting,0.00,,,,,,,
,,,,,,,,
P7,Mail.Ru (group),VKontakte (service),mail (service),Mail.Ru Agent (service),,,,
Element A satisfied?,no/insufficient evidence,no/insufficient evidence,no/insufficient evidence,no/insufficient evidence,,,,
"If ""yes"" on Element A --> skip all B elements.
If ""no"" on Element A --> continue with B:",,,,,,,,
Element B.1 satisfied?,no/insufficient evidence,no/insufficient evidence,no/insufficient evidence,no/insufficient evidence,,,,
Element B.2 satisfied?,no/insufficient evidence,no/insufficient evidence,no/insufficient evidence,no/insufficient evidence,,,,
Element B.3 satisfied?,no/insufficient evidence,no/insufficient evidence,no/insufficient evidence,no/insufficient evidence,,,,
Element B.4 satisfied?,no/insufficient evidence,partial,no/insufficient evidence,no/insufficient evidence,,,,
Comments (explain score),No evidence found.,"Element A: No evidence found.

Elements B1-B3: No evidence found.

Element B4: VK's Privacy Policy (Source 5, Section 5.1.5) states that user information is deleted 210 days after removal of the users' personal page. However, VK does not appear include log data, cookie data, or information that users create or generate on the site in its conception of personal data. Since it is unclear if those types of user information are also deleted, the company receives partial credit.","Element A: No evidence found.

Element B1: Section 2.5 of the Mail.Ru User Agreement states, ""Mail.Ru may collect anonymized statistical data as regards the Users of Mail.Ru Services"" (Source 8). However, this provides no detail about what types of statistical data the company collects.

Element B2: The company does not specify the type of user information it retains.

Element B3: No evidence found.

Element B4: The company retains the right to archive copies of user material posted on its service. (Section 7.3, source 8)","Element A: No evidence found.

Element B1: Section 2.5 of the Mail.Ru User Agreement states, ""Mail.Ru may collect anonymized statistical data as regards the Users of Mail.Ru Services"" (Source 8). However, this provides no detail about what types of statistical data the company collects.

Element B2: The company does not specify the type of user information it retains.

Element B3: No evidence found.

Element B4: The company retains the right to archive copies of user material posted on its service. (Section 7.3, source 8)",,,,
"Sources (reference, specific page, section, etc.)",,5,8,8,,,,
,,,,,,,,
Points for A,0,0,0,0,,,,
Points for B.1,0,0,0,0,,,,
Points for B.2,0,0,0,0,,,,
Points for B.3,0,0,0,0,,,,
Points for B.4,0,50,0,0,,,,
,,,,,,,,
Level score,0.00,10.00,0.00,0.00,,,,
,,,,,,,,
Indicator score based on level weighting,3.33,,,,,,,
,,,,,,,,
P8,Mail.Ru (group),VKontakte (service),mail (service),Mail.Ru Agent (service),,,,
Element A satisfied?,no/insufficient evidence,no/insufficient evidence,no/insufficient evidence,no/insufficient evidence,,,,
"If ""yes"" on Element A --> skip all B elements.
If ""no"" on Element A --> continue with B:",,,,,,,,
Element B.1 satisfied?,no/insufficient evidence,no/insufficient evidence,no/insufficient evidence,no/insufficient evidence,,,,
Element B.2 satisfied?,no/insufficient evidence,no/insufficient evidence,no/insufficient evidence,no/insufficient evidence,,,,
Element B.3 satisfied?,no/insufficient evidence,no/insufficient evidence,no/insufficient evidence,no/insufficient evidence,,,,
Element B.4 satisfied?,no/insufficient evidence,no/insufficient evidence,no/insufficient evidence,no/insufficient evidence,,,,
Comments (explain score),No evidence found.,No evidence found.,No evidence found.,No evidence found.,,,,
"Sources (reference, specific page, section, etc.)",,,,,,,,
,,,,,,,,
Points for A,0,0,0,0,,,,
Points for B.1,0,0,0,0,,,,
Points for B.2,0,0,0,0,,,,
Points for B.3,0,0,0,0,,,,
Points for B.4,0,0,0,0,,,,
,,,,,,,,
Level score,0.00,0.00,0.00,0.00,,,,
,,,,,,,,
Indicator score based on level weighting,0.00,,,,,,,
,,,,,,,,
P9,Mail.Ru (group),VKontakte (service),mail (service),Mail.Ru Agent (service),,,,
Consolidated answer for Element 1,no/insufficient evidence,no/insufficient evidence,no/insufficient evidence,no/insufficient evidence,,,,
Consolidated answer for Element 2,no/insufficient evidence,no/insufficient evidence,no/insufficient evidence,no/insufficient evidence,,,,
Consolidated answer for Element 3,no/insufficient evidence,no/insufficient evidence,no/insufficient evidence,no/insufficient evidence,,,,
Consolidated answer for Element 4,no/insufficient evidence,no/insufficient evidence,no/insufficient evidence,no/insufficient evidence,,,,
Consolidated answer for Element 5,no/insufficient evidence,no/insufficient evidence,no/insufficient evidence,no/insufficient evidence,,,,
Consolidated answer for Element 6,no/insufficient evidence,no/insufficient evidence,no/insufficient evidence,no/insufficient evidence,,,,
Consolidated answer for Element 7,no/insufficient evidence,no/insufficient evidence,no/insufficient evidence,no/insufficient evidence,,,,
Consolidated answer for Element 8,no/insufficient evidence,no/insufficient evidence,no/insufficient evidence,no/insufficient evidence,,,,
Comments (explain score),No evidence found.,"Elements 1-2: VK's ToS state, ""the information provided by the User may be disclosed only in accordance with effective Russian legislation on the demand of the court, law-enforcement bodies as well as in other cases as provided by Russian legislation.” (Source 4, section 5.8). However, this does not explain the company's process to respond to such requests.

Element 3: VK's Privacy Policy states that, except in cases covered by the privacy policy, the service does not transfer information to third parties (Source 5 section 5.1.4). However, this does not explain how the company responds when a private party requests user information.

Element 4: No evidence found.

Element 5: In its privacy policy, VK discloses that it shares user information upon government request, ""in such a manner as provided by law.” (Source 5, section 5.1.4). No specific legal basis is provided for compliance with government requests.

Element 6-8: No evidence found.","Elements 1: Mail.ru's ToS state, ""Upon the first request of the competent law enforcement and other authorities but in accordance with the current laws Mail.Ru shall be entitled to provide such authority with the information as regards the User.” (Source 8, section 5.14) The ToS also states that user data may be disclosed to ""competent governmental authorities in accordance with the current laws of the RF."" (Source 8, section 12.1). However, this does not explain the company's process to respond to such requests.

Elements 2-4: No evidence found.

Element 5: Mail.ru's ToS state that the company discloses user information to authorities “in accordance with the current laws.” (Source 8, section 5.14). No specific legal basis is provided for compliance with government requests.

Elements 6-8: No evidence found.","Elements 1: Mail.ru's ToS state, ""Upon the first request of the competent law enforcement and other authorities but in accordance with the current laws Mail.Ru shall be entitled to provide such authority with the information as regards the User.” (section 5.14, source 8) The ToS also states that user data may be disclosed to ""competent governmental authorities in accordance with the current laws of the RF."" (section 12.1, source 8). However, this does not explain the company's process to respond to such requests.

Elements 2-4: No evidence found.

Element 5: Mail.ru's ToS state that the company discloses user information to authorities “in accordance with the current laws.” (section 5.14, source 8). No specific legal basis is provided for compliance with government requests.

Elements 6-8: No evidence found.",,,,
"Sources (reference, specific page, section, etc.)",,"4,5",8,8,,,,
,,,,,,,,
Points for 1,0,0,0,0,,,,
Points for 2,0,0,0,0,,,,
Points for 3,0,0,0,0,,,,
Points for 4,0,0,0,0,,,,
Points for 5,0,0,0,0,,,,
Points for 6,0,0,0,0,,,,
Points for 7,0,0,0,0,,,,
Points for 8,0,0,0,0,,,,
,,,,,,,,
Level score,0.00,0.00,0.00,0.00,,,,
,,,,,,,,
Indicator score based on level weighting,0.00,,,,,,,
,,,,,,,,
P10,Mail.Ru (group),VKontakte (service),mail (service),Mail.Ru Agent (service),,,,
Consolidated answer for Element 1:,no/insufficient evidence,no/insufficient evidence,no/insufficient evidence,no/insufficient evidence,,,,
Consolidated answer for Element 2:,no/insufficient evidence,no/insufficient evidence,no/insufficient evidence,no/insufficient evidence,,,,
Consolidated answer for Element 3:,no/insufficient evidence,no/insufficient evidence,no/insufficient evidence,no/insufficient evidence,,,,
Comments (explain score),No evidence found.,No evidence found.,No evidence found.,No evidence found.,,,,
"Sources (reference, specific page, section, etc.)",,,,,,,,
,,,,,,,,
Points for 1,0,0,0,0,,,,
Points for 2,0,0,0,0,,,,
Points for 3,0,0,0,0,,,,
,,,,,,,,
Level score,0.00,0.00,0.00,0.00,,,,
,,,,,,,,
Indicator score based on level weighting,0.00,,,,,,,
,,,,,,,,
P11,Mail.Ru (group),VKontakte (service),mail (service),Mail.Ru Agent (service),,,,
Consolidated answer for Element 1,no/insufficient evidence,no/insufficient evidence,no/insufficient evidence,no/insufficient evidence,,,,
Consolidated answer for Element 2,no/insufficient evidence,no/insufficient evidence,no/insufficient evidence,no/insufficient evidence,,,,
Consolidated answer for Element 3,no/insufficient evidence,no/insufficient evidence,no/insufficient evidence,no/insufficient evidence,,,,
Consolidated answer for Element 4,no/insufficient evidence,no/insufficient evidence,no/insufficient evidence,no/insufficient evidence,,,,
Consolidated answer for Element 5,no/insufficient evidence,no/insufficient evidence,no/insufficient evidence,no/insufficient evidence,,,,
Consolidated answer for Element 6,no/insufficient evidence,no/insufficient evidence,no/insufficient evidence,no/insufficient evidence,,,,
Consolidated answer for Element 7,no/insufficient evidence,no/insufficient evidence,no/insufficient evidence,no/insufficient evidence,,,,
Consolidated answer for Element 8,no/insufficient evidence,no/insufficient evidence,no/insufficient evidence,no/insufficient evidence,,,,
Consolidated answer for Element 9,no/insufficient evidence,no/insufficient evidence,no/insufficient evidence,no/insufficient evidence,,,,
Consolidated answer for Element 10,no/insufficient evidence,no/insufficient evidence,no/insufficient evidence,no/insufficient evidence,,,,
Comments (explain score),No evidence found.,No evidence found.,No evidence found.,No evidence found.,,,,
"Sources (reference, specific page, section, etc.)",,,,,,,,
,,,,,,,,
Points for 1,0,0,0,0,,,,
Points for 2,0,0,0,0,,,,
Points for 3,0,0,0,0,,,,
Points for 4,0,0,0,0,,,,
Points for 5,0,0,0,0,,,,
Points for 6,0,0,0,0,,,,
Points for 7,0,0,0,0,,,,
Points for 8,0,0,0,0,,,,
Points for 9,0,0,0,0,,,,
Points for 10,0,0,0,0,,,,
,,,,,,,,
Level score,0.00,0.00,0.00,0.00,,,,
,,,,,,,,
Indicator score based on level weighting,0.00,,,,,,,
,,,,,,,,
P12,Mail.Ru (group),VKontakte (service),mail (service),Mail.Ru Agent (service),,,,
Consolidated answer for Element 1,no/insufficient evidence,partial,partial,no/insufficient evidence,,,,
Consolidated answer for Element 2,no/insufficient evidence,no/insufficient evidence,yes: The company commits to address security vulnerabilities when they are discovered and publishes general information about how it does so.,no/insufficient evidence,,,,
Consolidated answer for Element 3,no/insufficient evidence,no/insufficient evidence,no/insufficient evidence,no/insufficient evidence,,,,
Consolidated answer for Element 4,no/insufficient evidence,no/insufficient evidence,no/insufficient evidence,no/insufficient evidence,,,,
Consolidated answer for Element 5,no/insufficient evidence,yes: The transmission of user communications is encrypted by default. ,yes: The transmission of user communications is encrypted by default. ,yes: The transmission of user communications is encrypted by default. ,,,,
Consolidated answer for Element 6,no/insufficient evidence,yes: The company deploys advanced authentication methods to prevent fraudulent access. ,yes: The company deploys advanced authentication methods to prevent fraudulent access. ,no/insufficient evidence,,,,
Comments (explain score),No evidence found.,"Element 1: Mail.ru's 2014 annual report section on the operating review of VKontakte (Source 1, p. 20) states, ""User privacy and security improvement was another important area of work in 2014. We launched 2-step verification process which offers three options to receive a code – SMS to mobile phone number linked to a user profile, reserve codes and code generating app – and provided a user-friendly interface to enable this feature. We also set HTTPS access as a default, released activity history with device type and IP and introduced suspicious activity notifications."" This does not constitute a commitment to continuous improvement with regards to security practices, but it does provide evidence that the company has taken steps to improved its security. For this reason, it receives partial credit.

Element 2-4: No evidence found.

Element 5: The company states that it uses HTTPS by default for the service (Source 1, p. 20). 

Element 6: The company states that it has enabled two-factor authentication for the service (Source 1, p. 20).","Element 1: Mail.ru's 2014 annual report section on the operating review of Mail.ru (Source 1, p. 16-17) states, ""As a provider of email services to millions of users, we recognise how important it is to protect privacy and security: secure services are instrumental in maintaining trust. On that front we introduced two-factor authentication (password + code via SMS) across most of Mail.Ru projects and mobile apps (including email service). We made SSL-encrypted connection mandatory for all email clients accessing Mail.Ru servers via POP3 and SMTP protocols. On the main page we added support for Content Security Policy (fraud prevention) and restricted access to HTTPS only. On all content project HTTPS access was set as a default."" This does not constitute a commitment to continuous improvement with regards to security practices, but it does provide evidence that the company has taken steps to improved its security. For this reason, it receives partial credit.

Element 2: Mail.Ru discloses that it has a bug bounty program (Source 1, p.17). The program's rules (Source 58) provide a form to submit a vulnerability but do not specify a time period within which the company will respond to reports.

Elements 3-4: No evidence found.

Element 5: The company states that an SSL-encrypted connection is mandatory for all email clients accessing Mail.Ru servers via POP3 and SMTP protocols and that it uses HTTPS as a default. (Source 1, p. 16-17)

Element 6: The company states that has introduced two-factor authentication (Source 1, p. 16-17).","Element 1-4: No evidence found.

Element 5: Mail.ru's 2014 annual report section on the operating review of IM platforms (Source 1, p. 18) states, ""In addition, we...introduced SSL encryption of messages on both ICQ [another messaging platform] and Mail.Ru Agent."" 

Element 6: No evidence found.",,,,
"Sources (reference, specific page, section, etc.)",,1,"1, 58",1,,,,
,,,,,,,,
Points for 1,0,50,50,0,,,,
Points for 2,0,0,100,0,,,,
Points for 3,0,0,0,0,,,,
Points for 4,0,0,0,0,,,,
Points for 5,0,100,100,100,,,,
Points for 6,0,100,100,0,,,,
,,,,,,,,
Level score,0.00,41.67,58.33,16.67,,,,
,,,,,,,,
Indicator score based on level weighting,38.89,,,,,,,
,,,,,,,,
P13,Mail.Ru (group),VKontakte (service),mail (service),Mail.Ru Agent (service),,,,
Consolidated answer,No disclosure. ,No disclosure. ,No disclosure. ,No disclosure. ,,,,
Comments (explain score),No evidence found.,There is no evidence that the company uses end-to-end encryption for private user content such as chat messages.,No evidence found.,No evidence found.,,,,
"Sources (reference, specific page, section, etc.)",,,,,,,,
,,,,,,,,
Points,0,0,0,0,,,,
,,,,,,,,
Level score,0.00,0.00,0.00,0.00,,,,
,,,,,,,,
Indicator score based on level weighting,0.00,,,,,,,
,,,,,,,,
P14,Mail.Ru (group),VKontakte (service),mail (service),Mail.Ru Agent (service),,,,
Consolidated answer for Element 1:,no/insufficient evidence,"yes: The company commits to inform users about unusual account activity, most recent account activity, and possible unauthorized access.",no/insufficient evidence,no/insufficient evidence,,,,
Consolidated answer for Element 2:,yes: The company publishes materials that educate users on how to protect themselves from cyber threats relevant to their services.,no/insufficient evidence,yes: The company publishes materials that educate users on how to protect themselves from cyber threats relevant to their services.,yes: The company publishes materials that educate users on how to protect themselves from cyber threats relevant to their services.,,,,
Comments (explain score),"Element 1: No evidence found.

Element 2: The company publishes educational material about cyber security on its website (source 54).","Element 1: The company's privacy policy (Source 4,5, Section 7.3) states that it will notify users if it detects an unusual login. Specifically, it states, ""To reduce the probability of third parties using the Users’ logins and passwords to send spam in their name, in case the User’s login and password are entered from a server unusual for the User (in particular, from a server located in a foreign country), the Site Administration blocks entry to the User’s personal page by a message requiring to provide certain digits of the User's mobile phone number. After three unsuccessful attempts to enter the digits, access to the personal page from that server is blocked for 4 hours."" In addition, Section 7.4 states that users can view recent login information. Specifically, it states, ""The User has the right to receive information as to at what time and from what devices the access to his / her personal page was authorized, using the My Activity History link in the My Settings / General section.""

Element 2: No evidence found.","Element 1: The company makes no commitment to inform users of unusual account activity. In its ToS, Mail.Ru states that it not liable for losses incurred as a result of “unauthorized access to the user’s communications.” (Source 8, Section 11.4)
 
Element 2: In the Mail.ru Help section, the company provides users with information about ways to protect their accounts and avoid threats like phishing and email fraud (sources 12, 14-17).","Element 1: The company makes no commitment to inform users of unusual account activity. In its ToS, Mail.Ru states that it not liable for losses incurred as a result of “unauthorized access to the user’s communications.” (Section 11.4, source 8)

Element 2: The help section provides users with information about password choices and guard security- an interface that protects external applications from changing the MailRu Agent settings (source 53).",,,,
"Sources (reference, specific page, section, etc.)",54,5,"8, 12, 14, 15, 16, 17","8, 53",,,,
,,,,,,,,
Points for 1,0,100,0,0,,,,
Points for 2,100,0,100,100,,,,
,,,,,,,,
Level score,50.00,50.00,50.00,50.00,,,,
,,,,,,,,
Indicator score based on level weighting,50.00,,,,,,,