Source #,Document title,URL,Date of document (if applicable),Date accessed
1,Yahoo TOS,https://policies.yahoo.com/us/en/yahoo/terms/utos/index.htm,,6/18/2015
2,Communications TOS,https://policies.yahoo.com/xw/en/yahoo/terms/product-atos/comms/index.htm,,6/18/2015
3,Tumblr TOS,https://www.tumblr.com/policy/en/terms-of-service,,6/18/2015
4,Flickr Community Guidelines,https://www.flickr.com/help/guidelines/,,6/18/2015
5,Tumblr Community Guidelines,https://www.tumblr.com/policy/en/community,,6/18/2015
6,Yahoo Government Requests Principles,https://transparency.yahoo.com/principles/index.html,,6/18/2015
7,Yahoo Users First,https://transparency.yahoo.com/users-first/index.htm,,6/22/2015
8,Yahoo Government Removal Requests,https://transparency.yahoo.com/government-removal-requests/index.htm,,9/24/2015
9,Yahoo Transparency FAQ,https://transparency.yahoo.com/faq/index.htm,,6/22/2015
10,Yahoo Copyright IP Policy,https://policies.yahoo.com/us/en/yahoo/ip/index.htm,,6/22/2015
11,Tumblr Transparency,https://www.tumblr.com/transparency,,9/15/2015
12,Tumblr Adult Content,https://www.tumblr.com/docs/en/nsfw,,6/22/2015
13,Yahoo LE Guidelines,https://transparency.yahoo.com/law-enforcement-guidelines/us/index.htm,,6/22/2015
14,Tumblr LE Guidelines,https://www.tumblr.com/docs/en/law_enforcement,,6/24/2015
15,Yahoo Government Data Requests,https://transparency.yahoo.com/government-data-requests/index.htm,,9/24/2015
16,Yahoo Government Data Requests US DETAIL,https://transparency.yahoo.com/government-data-requests/US-JUL-DEC-2014.html,,9/24/2015
17,Yahoo Government Data Requests RAW DATA,https://s.yimg.com/ge/tyc/Yahoo_Transparency_Report-July-Dec-2014_1_.xlsx.zip,,9/24/2015
18,Yahoo Privacy,https://policies.yahoo.com/us/en/yahoo/privacy/index.htm,,6/24/2015
19,Yahoo Acquired Companies,https://policies.yahoo.com/us/en/yahoo/privacy/topics/acquiredcompanies/index.htm,,6/24/2015
20,Tumblr Privacy,https://www.tumblr.com/policy/en/privacy,,6/25/2015
21,Yahoo Third Parties,https://policies.yahoo.com/us/en/yahoo/privacy/topics/thirdparties/index.htm,,6/25/2015
22,Yahoo Download Account Data,https://help.yahoo.com/kb/SLN15129.html,,6/25/2015
23,Yahoo Data Storage and Anonymization,https://policies.yahoo.com/us/en/yahoo/privacy/topics/datastorage/index.htm,,6/25/2015
24,Flickr Web Embeds,http://blog.flickr.net/en/2013/12/18/flickr-web-embeds/,,6/26/2015
25,Yahoo DNT,http://yahoopolicy.tumblr.com/post/84363620568/yahoos-default-a-personalized-experience,,6/26/2015
26,Yahoo Ad Interest Manager,https://info.yahoo.com/privacy/us/yahoo/opt_out/targeting/details.html?b=oi,,6/26/2015
27,Yahoo Web Beacons,https://policies.yahoo.com/us/en/yahoo/privacy/topics/webbeacons/index.htm,,6/26/2015
28,Tumblr Bug Bounty Program,https://www.tumblr.com/docs/en/bug_bounty,,6/26/2015
29,Tumblr SSL,http://staff.tumblr.com/post/75482980993/you-can-now-take-extra-precaution-against-hackers,,6/26/2015
30,Security at Yahoo,https://policies.yahoo.com/us/en/yahoo/privacy/topics/security/index.htm,,6/26/2015
31,Yahoo Bug Bounty,http://bugbounty.yahoo.com/index.html,,6/26/2015
32,Yahoo Email Encryption,http://yahoo.tumblr.com/post/113708033335/user-focused-security-end-to-end-encryption,,6/26/2015
33,Yahoo Safety Center: Security,https://safety.yahoo.com/Security/index.htm,,6/26/2015
34,Yahoo Access Attempts,https://help.yahoo.com/kb/SLN7125.html,,6/26/2015
35,Yahoo Privacy Center ,https://policies.yahoo.com/us/en/yahoo/privacy/index.htm,,7/2/2015
36,Counter Notification ,https://policies.yahoo.com/us/en/yahoo/ip/counter-notification/index.htm,,7/2/2015
37,Help Central _ - SLN6657 - Report abusive article comments,https://help.yahoo.com/kb/report-inappropriate-comment-abuse-sln6657.html?impressions=true,,7/2/2015
38,Copyright and Intellectual Property Policy,https://policies.yahoo.com/us/en/yahoo/ip/index.htm,,7/2/2015
39,Contact Us Case Creation,https://io.help.yahoo.com/contact/index?y=PROD_ACCT&token=w5FCchB1dWFBK0e02%252BwEylJn1ziDqePb2Dq22Z0PBKmuG9cZpE4MM9vS6l0r8gi9F6k%252FK8nik5MH8JQjZy5NlWIyygEGVpVViU3MHqVQ8eD98XMp4RclW%252Bpxa6fxY1YdCiDU9ZoUvcE%253D&locale=en_US&page=contactform&selectedChannel=email-icon,,7/2/2015
40,Help Central _ - SLN2624 - Reactivate a Yahoo account,https://help.yahoo.com/kb/SLN2624.html,,7/2/2015
41,Help Central _ - SLN4211 - How to appeal a violation notice,https://help.yahoo.com/kb/SLN4211.html,,7/2/2015
42,Users First - Yahoo Transparency,https://transparency.yahoo.com/users-first/index.html,,7/2/2015
43,"At Yahoo, Ron Bell stood up for users’ privacy",http://www.bizjournals.com/sanjose/print-edition/2014/03/14/at-yahoo-ron-bell-stood-up-for-users-privacy.html,,7/2/2015
44,We’re Proud To Have Your Back _ Yahoo Global Public Policy,http://yahoopolicy.tumblr.com/post/85845757453/were-proud-to-have-your-back,,7/2/2015
45,Transparency Report Update _ Yahoo Global Public Policy,http://yahoopolicy.tumblr.com/post/98394114168/yahoo-transparency-report-update,,7/2/2015
46,Reform Government Surveillance,https://www.reformgovernmentsurveillance.com/,,7/2/2015
47,Board of Directors _ Global Network Initiative,https://globalnetworkinitiative.org/board/index.php,,7/2/2015
48,Tumblr,https://www.tumblr.com/abuse/maliciousspeech,,7/2/2015
49,Tumblr Terms of Service,https://www.tumblr.com/policy/en/terms-of-service,,7/2/2015
50,Business & Human Rights Program Yahoo,http://yahoobhrp.tumblr.com/post/75544734087/yahoo-business-human-rights-program-yahoo,,7/2/2015
51,GNI_2010 Annual_Report,http://globalnetworkinitiative.org/files/GNI_Annual_Report_2010.pdf,,7/2/2015
52,EthicsPoint - Yahoo,https://secure.ethicspoint.com/domain/media/en/gui/20988/index2.html,,7/2/2015
53,CodeOfEthics_Ext_1008,http://files.shareholder.com/downloads/YHOO/0x0x239565/4f32ddd0-82e5-47c2-ac71-75403ebbb404/CodeOfEthics_Ext_1008.pdf,,7/2/2015
54,GNI_2011_Annual_Report,http://globalnetworkinitiative.org/files/GNI_2011_Annual_Report.pdf,,7/2/2015
55,GNI Assessments Public Report,https://globalnetworkinitiative.org/sites/default/files/GNI%20Assessments%20Public%20Report.pdf,,7/2/2015
56,Our initiatives-Yahoo Business & Human Rights Program,http://yahoobhrp.tumblr.com/tagged/our-initiatives,,9/14/2015
57,Yahoo Community Guidelines,https://policies.yahoo.com/us/en/yahoo/guidelines/index.htm,,7/13/2015
58,Yahoo Mail Privacy Policy,https://policies.yahoo.com/us/en/yahoo/privacy/products/mail/index.htm,,7/13/2015
59,Flickr Privacy Policy,https://policies.yahoo.com/us/en/yahoo/privacy/products/flickr/index.htm,,7/13/2015
60,Yahoo Bug Bounty Program Rules,https://hackerone.com/yahoo,,7/14/2015
61,HTTPS Now Default in Yahoo Mail,http://yahoomail.tumblr.com/post/72588816144/https-now-default-in-yahoo-mail,,7/14/2015
62,Tumblr Account Security,https://www.tumblr.com/docs/en/account_security,,7/14/2015
63,Who can download my photos in Flickr?,https://help.yahoo.com/kb/download-photos-flickr-sln15728.html,,7/15/2015
64,Cookies and Similar Technologies,https://policies.yahoo.com/us/en/yahoo/privacy/topics/cookies/index.htm,,7/15/2015
65,Status Update: Encryption at Yahoo,http://yahoo.tumblr.com/post/81529518520/status-update-encryption-at-yahoo,,8/17/2015
66,Login history locations for your Yahoo account,https://help.yahoo.com/kb/recent-login-activity-sln2073.html,,8/20/2015
67,Tumblr Help - Reporting Posts,https://www.tumblr.com/help,,8/31/2015
68,Yahoo Help - Flickr - Report Abuse,https://io.help.yahoo.com/contact/index?page=contact&locale=en_US&y=PROD_FLICKR#,,8/31/2015
69,Yahoo Help - Mail - Report Abuse,https://io.help.yahoo.com/contact/index?page=contact&locale=en_US&y=PROD_MAIL_ML#,,8/31/2015
70,Flickr Help FAQ Content filters,https://www.flickr.com/help/filters/#258,,9/3/2015
71,Yahoo April 2015 Proxy Statement,https://www.sec.gov/Archives/edgar/data/1011006/000119312515156926/d868077ddef14a.htm,,9/15/2015
72,Yahoo Universal Anti-Spam Policy,https://policies.yahoo.com/us/en/yahoo/guidelines/spam/index.htm,,9/15/2015
73,Yahoo Help Center - Yahoo's Spam and Abuse Policy,https://help.yahoo.com/kb/SLN17657.html,,9/15/2015
74,Tumblr Copyright and Trademark Transparency Report,https://d2pi0bc9ewx28h.cloudfront.net/zyubucd/0uWntp2iw/iptransparencyreport2015a_updatedfinal.pdf,,9/15/2015
75,Tumblr Marketr Preferred Data Partners Page,http://marketr.tumblr.com/datapartners,,9/16/2015
76,Tumblr Blog Management,https://www.tumblr.com/docs/en/blog_management,,9/16/2015
77,Flickr: Download Photos,https://help.yahoo.com/kb/flickr/download-photos-flickr-sln7291.html?impressions=true,,9/16/2015
78,Tumblr Backups,http://staff.tumblr.com/post/286303145/tumblr-backup-mac-beta,,9/16/2015
79,Yahoo IP Address,https://policies.yahoo.com/us/en/yahoo/privacy/topics/ipaddress/index.htm,,9/17/2015
80,Yahoo Help Page - Notice of Request for Account Information,https://help.yahoo.com/kb/received-notice-seeking-yahoo-account-information-sln15335.html,,9/17/2015
81,Yahoo's Vulnerability Disclosure Policy,http://yahoopolicy.tumblr.com/post/104777538533/users-first-our-vulnerability-disclosure-policy,,9/17/2015
82,Getting Started with Flickr ,https://help.yahoo.com/kb/flickr/started-flickr-sln24639.html?impressions=true,,9/17/2015
83,Tumblr: Using Messages,https://www.tumblr.com/docs/en/using_messages,,9/17/2015
84,Global Network Initiative Independent Assessment ,https://globalnetworkinitiative.org/content/independent-assessments,,9/13/2015
85,Yahoo Privacy Center: Location Information,https://policies.yahoo.com/us/en/yahoo/privacy/topics/location/index.htm,,9/27/2015