Source #,Document title,URL,Date of document (if applicable),Date accessed
1,Wireless Customer Agreement,https://www.att.com/legal/terms.wirelessCustomerAgreement.html,None,6/4/2015
2,GoPhone Plan Terms,https://www.att.com/legal/terms.prepaidPlanTerms.html,None,6/4/2015
3,GoPhone Terms of Service,https://www.att.com/legal/terms.prepaidServiceAgreement.html,None,6/4/2015
4,Wireless Data Services Agreement,https://www.att.com/legal/terms.sessionBasedWirelessDataServicesAgreement.list.html,None,6/4/2015
5,Acceptable Use Policy,https://www.att.com/legal/terms.aup.html,10/15/2008,6/5/2015
6,Internet Terms of Service,https://www.att.com/legal/terms.internetAttTermsOfService.html#,1/11/2015,6/5/2015
7,General Policies,https://www.att.com/legal/general-policies.html,None,6/5/2015
8,Wireless Customer Agreement - Spanish,http://www.att.com/es-us/legal/terms.wirelessCustomerAgreement.html#,None,6/5/2015
9,GoPhone Plan Terms - Spanish,http://www.att.com/es-us/legal/terms.prepaidPlanTerms.html#,None,6/5/2015
10,GoPhone Terms of Service - Spanish,http://www.att.com/es-us/legal/terms.prepaidServiceAgreement.html#,None,6/5/2015
11,Internet Terms of Service - Spanish,http://www.att.com/es-us/legal/terms.internetAttTermsOfService.html,1/11/2015,6/5/2015
12,Acceptable Use Policy - Spanish,http://www.att.com/es-us/legal/terms.aup.html,10/15/2008,6/5/2015
13,Broadband Information,http://www.att.com/gen/public-affairs?pid=20879,4/6/2015,6/8/2015
14,Open Internet Policy Statement,http://www.att.com/legal/terms.openinternetpolicy.html,None,6/8/2015
15,Human Rights in Communication Policy,http://about.att.com/content/dam/csr/FAQpdfs/Human_Rights_Communications_Policy.pdf,2010,6/8/2015
16,Telecommunications Industry Dialogue report,http://about.att.com/content/dam/csr/PDFs/ATT_Industry_Dialogue_Reporting_Matrix.pdf,None,6/8/2015
17,Copyright / Trademark Claims,https://www.att.com/legal/terms.copyright.html,None,6/8/2015
18,Transparency Report,http://about.att.com/content/csr/home/frequently-requested-info/governance/transparencyreport.html,Updated July 2015,8/26/2015
19,Protecting Freedom of Expression,http://about.att.com/content/csr/home/issue-brief-builder/technology/protecting-freedom-of-expression.html,2015,6/8/2015
20,Protecting Privacy,http://about.att.com/content/csr/home/issue-brief-builder/technology/protecting-privacy.html,2015,6/8/2015
21,Privacy Policy,http://www.att.com/gen/privacy-policy?pid=2506,9/16/2013,6/8/2015
22,Privacy Policy - Spanish,http://espanol.att.com/privacy_policy/index.html#print,9/16/2013,6/8/2015
23,Choices and Controls,http://www.att.com/gen/privacy-policy?pid=24339,None,6/8/2015
24,Wireless Support: View your talk and text usage,http://www.att.com/esupport/article.jsp?sid=KB425936&cv=820&br=BR&ct=800340&pv=2#,None,6/8/2015
25,Wireless Support: View your data usage,http://www.att.com/esupport/article.jsp?sid=52377&cv=820#,None ,6/8/2015
26,GoPhone Support: How to check your GoPhone usage,http://www.att.com/esupport/article.jsp?sid=KB105955#,None,6/8/2015
27,ATT UVerse Care Community Support: What is my data usage?,https://forums.att.com/t5/Internet-Account-Questions/What-is-my-data-usage/m-p/4152556#M9335,11/7/2014,6/8/2015
28,High Speed Internet Support: Broadband usage FAQs,http://www.att.com/esupport/article.jsp?sid=KB409045,None,6/8/2015
29,Network Security,http://about.att.com/apps/csr/services/IssueBriefBuilder.pdf?download=technology/network-security,Last updated May 2015,6/8/2015
30,AT&T's Code of Business Conduct,http://www.att.com/Common/about_us/downloads/att_code_of_business_conduct.pdf,2014,6/8/2015
31,Encrypted Mobile Services,http://www.business.att.com/content/productbrochures/encrypted-mobile-services.pdf,9/4/2014,6/9/2015
32,AT&T Information & Network Security Customer Reference Guide,http://csrc.nist.gov/cyberframework/rfi_comments/040813_att_reference_guide_part2.pdf,Last updated February 2013,6/9/2015
33,AT&T Support Menu,https://www.att.com/,None,6/9/2015
34,AT&T Wireless Security Support,https://www.att.com/esupport/security.jsp,None,6/9/2015
35,AT&T Internet Security Support,https://www.att.com/esupport/security.jsp,None,6/9/2015
36,AT&T WiFi Security Support,https://www.att.com/esupport/security.jsp,None,6/9/2015
37,Public Policy and Corporate Reputation Committee of the Board of Directors of AT&T Inc.,https://www.att.com/gen/investor-relations?pid=5613,4/27/2012,6/9/2015
38,Executive Bios,https://www.att.com/gen/investor-relations?pid=7811,None,6/9/2015
39,"Executive Bios: James W. Cicconi, Senior Executive Vice President­External and Legislative Affairs, AT&T, Inc.",https://www.att.com/gen/investor-relations?pid=7818,None,6/9/2015
40,AT&T Public Policy Homepage,http://publicpolicy.att.com/,None,6/9/2015
41,"Executive Bios: David S. Huntley, Chief Compliance Officer, AT&T Inc.",https://www.att.com/gen/investor-relations?pid=27780,None,6/9/2015
42,Materiality Assessment,http://about.att.com/content/csr/home/sustainability-reporting/materiality-assessment.html,None,6/9/2015
43,Materiality Assessment - Graphic,http://about.att.com/content/dam/csr/Special%20Graphics/Materiality-Assessment_larger.png,None,6/9/2015
44,Stakeholder Engagement Principles,http://about.att.com/content/dam/csr/FAQpdfs/Policypdfs/stakeholder_engagement.pdf,2012,6/9/2015
45,The FTC’s mobile data throttling case against AT&T: An inside look,https://www.ftc.gov/news-events/blogs/business-blog/2014/10/ftcs-mobile-data-throttling-case-against-att-inside-look,10/28/2014,6/9/2015
46,"A Conversation With Ralph de la Vega, Chief Executive of AT&T Mobility",http://bits.blogs.nytimes.com/2014/01/06/a-conversation-with-ralph-de-la-vega-chief-executive-of-att-mobility/,1/6/2014,6/9/2015
47,AT&T Smart Controls- Spam controls for wireless,http://www.att.net/smartcontrols-SpamControlsForWireless,,6/29/2015
48,AT&T Smart Controls- Location Privacy Settings,http://www.att.net/smartcontrols-LocationPrivacySettings,,6/29/2015
49,AT&T Smart Controls- Stolen Phone Safety,http://www.att.net/smartcontrols-StolenPhone,,6/29/2015
50,2014 Forum on Transparency and Human Rights in the Digital Age,"https://www.globalnetworkinitiative.org/news/2014-learning-forum-transparency-and-human-rights-digital-age-california, Forum on Transparency and Human Rights in the Digital Age",,8/11/2015
51,"The Washinton Post, December 17, 2013: 'Tech executives to Obama: NSA spying revelations are threatening business'",http://www.washingtonpost.com/business/technology/2013/12/17/6569b226-6734-11e3-a0b9-249bbb34602c_story.html,,9/13/2015
52,"The New York Times, August 15, 2015: 'AT&T Helped U.S. Spy on Internet on a Vast Scale'",http://www.nytimes.com/2015/08/16/us/politics/att-helped-nsa-spy-on-an-array-of-internet-traffic.html?hp&action=click&pgtype=Homepage&module=first-column-region&region=top-news&WT.nav=top-news&_r=1,8/15/2015,9/13/2015
53,AT&T Amicus Supporting Microsoft,https://gigaom.com/wp-content/uploads/sites/1/2014/06/att.pdf,6/12/2014,9/13/2015
54,AT&T Letter to Senator Markey,http://www.markey.senate.gov/documents/2013-10-03_ATT_re_Carrier.pdf,10/13/2013,9/28/2015
55,The Copyright Alert Program,https://copyright.att.net/home,,9/29/2015