Source #,Document title,URL,Date of document (if applicable),Date accessed
1,Vodafone Group ToS,http://www.vodafone.com/content/index/miscellaneous/legal-terms.html,None,6/10/2015
2,Vodafone UK ToS Index,http://www.vodafone.co.uk/about-this-site/terms-and-conditions/,None,6/10/2015
3,Vodafone UK Automatic Topup ToS,http://www.vodafone.co.uk/about-this-site/terms-and-conditions/automatic-topup/index.htm,None,6/10/2015
4,Vodafone UK Enterprise Price Plan Guide ToS,http://www.vodafone.co.uk/cs/groups/configfiles/documents/contentdocuments/vfcon063362.pdf,6/1/2015,6/10/2015
5,Vodafone UK Call Abroad ToS,http://www.vodafone.co.uk/about-this-site/terms-and-conditions/calling-abroad/index.htm,8/1/2010,6/10/2015
9,Vodafone UK Content Control Terms,http://www.vodafone.co.uk/about-us/code-of-practice/content-control/index.htm,None,6/10/2015
10,Vodafone UK Code of Practice,http://www.vodafone.co.uk/cs/groups/public/documents/webcontent/vf052828.pdf,1/19/2004,6/10/2015
11,"UNESCO, Fostering Freedom Online",http://unesdoc.unesco.org/images/0023/002311/231162e.pdf,2014,6/10/2015
12,"Vodafone UK, Mobile Broadband via the phone",http://www.vodafone.co.uk/about-this-site/terms-and-conditions/mobile-broadband-via-the-phone/index.htm,None,6/15/2015
13,"Vodafone, Law Enforcement Disclosure Report - legal annexe",http://www.vodafone.com/content/dam/sustainability/2014/pdf/operating-responsibly/vodafone_law_enforcement_disclosure_report.pdf,6/1/2014,6/15/2015
14,"Vodafone, Law Enforcement Disclosure Report - Updated Legal Annexe February 2015",http://www.vodafone.com/content/dam/sustainability/2014/pdf/operating-responsibly/law_enforcement_disclosure_report_2015_update.pdf,2/1/2015,6/15/2015
15,"Vodafone website, Privacy and Security",http://www.vodafone.com/content/sustainabilityreport/2014/index/operating_responsibly/privacy_and_security.html,None,6/15/2015
17,"Vodafone website, Law Enforcement Disclosure Report",http://www.vodafone.com/content/sustainabilityreport/2014/index/operating_responsibly/privacy_and_security/law_enforcement.html,2013/14,6/15/2015
18,"Vodafone, Privacy and Security, Performance in 2013/14",http://www.vodafone.com/content/sustainabilityreport/2014/index/operating_responsibly/privacy_and_security/performance_in_2013-14.html,2013/14,6/15/2015
19,Vodafone Sustainability Report FY 2014,http://www.vodafone.com/content/dam/sustainability/2014/pdf/vodafone_full_report_2014.pdf,2014,6/15/2015
20,"Vodafone, One internet-- many different customers",http://www.vodafone.com/content/dam/group/policy/downloads/vodafone_one_internet.pdf,None,6/15/2015
21,"Vodafone, Response to European Commission Questionnaire on the Open Internet and Net Neutrality in Europe",http://www.vodafone.com/content/dam/vodafone/about/public_policy/position_papers/Vodafone%20response%20to%20European%20Commission%20Questionnaire%20on%20the%20Open%20Internet%20and%20Net%20Neutrality%20in%20Europe.pdf,4/1/2010,6/15/2015
22,"Vodafone UK, Traffic Management Key Facts Indicator for Consumers",http://www.vodafone.co.uk/cs/groups/public/documents/webcontent/vftst073789.pdf,None,6/15/2015
23,"Vodafone, Privacy at the Heart of Vodafone",http://vodafone.com/content/dam/group/about/downloads/privacy/VF_privacy_2013.pdf,2013,6/15/2015
24,"Vodafone, Vodafone.com Privacy Policy",http://vodafone.com/content/index/miscellaneous/privacy-policy.html,None,6/15/2015
25,"Vodafone UK, Privacy Policy",http://www.vodafone.co.uk/about-this-site/our-privacy-policy/,None,6/15/2015
26,"Vodafone, Code of Conduct",https://www.vodafone.com/content/dam/sustainability/pdfs/vodafone_code_of_conduct_2012.pdf,2012,6/15/2015
27,"Vodafone UK, What is Vodafone Analytics?",http://www.vodafone.co.uk/about-this-site/our-privacy-policy/vodafone-analytics/index.htm,None,6/16/2015
28,"Vodafone UK, Protecting your identity",http://www.vodafone.co.uk/about-this-site/our-privacy-policy/protecting-our-customers/protecting-your-identity/index.htm,None,6/16/2015
29,"Vodafone UK, Phishing",http://www.vodafone.co.uk/about-this-site/our-privacy-policy/protecting-our-customers/phishing/index.htm,None,6/16/2015
30,"Vodafone UK, Mobile Security",http://www.vodafone.co.uk/about-this-site/our-privacy-policy/protecting-our-customers/mobile-security/index.htm,None,6/16/2015
31,"The Privacy Advisor, Privacy Innovation Awards-- Where are they now? Part One: Vodafone",https://privacyassociation.org/news/a/privacy-innovation-awards-where-are-they-now-part-one-vodafone/,5/26/2015,6/16/2015
32,"Vodafone, Terms and Conditions, Mobile Broadband via the phone",http://www.vodafone.co.uk/about-this-site/terms-and-conditions/mobile-broadband-via-the-phone/index.htm,None,6/24/2015
33,"Vodafone, Pay as you go ToS",http://www.vodafone.co.uk/cs/groups/public/documents/webcontent/vfcon063312.pdf,Updated May 2015,6/24/2015
34,"Vodafone, Terms and Conditions, Pay monthly airtime conditions",http://www.vodafone.co.uk/about-this-site/terms-and-conditions/pay-monthly-airtime-conditions/index.htm,Updated January 2014,6/24/2015
35,"Vodafone, Terms and Conditions, Vodafone Red+",http://www.vodafone.co.uk/about-this-site/terms-and-conditions/vodafone-red-plus/index.htm,4/1/2015,6/24/2015
36,"Vodafone, Freebie Data Terms and Conditions",http://www.vodafone.co.uk/about-this-site/terms-and-conditions/vodafone-freebie-data-terms-and-conditions/index.htm,5/1/2015,6/24/2015
37,"Vodafone, Freebie International Minutes",http://www.vodafone.co.uk/about-this-site/terms-and-conditions/vodafone-international-freebie/index.htm,5/1/2015,6/24/2015
38,"Vodafone, Freebie minutes terms and conditions",http://www.vodafone.co.uk/about-this-site/terms-and-conditions/vodafone-freebie-minutes-terms-and-conditions/index.htm,5/1/2015,6/24/2015
39,"Vodafone, Freebie Texts terms and conditions",http://www.vodafone.co.uk/about-this-site/terms-and-conditions/vodafone-freebie-texts-terms-and-conditions/index.htm,5/1/2015,6/24/2015
40,"Vodafone, Sustainability Report 2014/15",http://www.vodafone.com/content/dam/sustainability/2015/pdf/vodafone-full-report-2015.pdf,2014/15,7/17/2015
41,"Vodafone, Ethics – Our approach",http://www.vodafone.com/content/sustainability/operating_responsibly/ethics.html,None,7/17/2015
42,"Vodafone, Speak up",http://www.vodafone.com/content/index/about/about-us/suppliers/speak_up.html,None,7/17/2015
43,"Vodafone UK, ""Our code of practice"", customer complaints portal",http://www.vodafone.co.uk/about-us/code-of-practice/,None,7/17/2015
44,"Vodafone UK, ""Vodafone Customer Complaints Code of Practice""",http://www.vodafone.co.uk/cs/groups/public/documents/webcontent/vftst055204.pdf,None,7/17/2015
45,"Vodafone UK, ""How to get in touch with Vodafone"" website",http://www.vodafone.co.uk/contact-us/index.htm,None,7/17/2015
46,"Vodafone, Announcement of Vodafone joining the Industry Dialogue as founding member and articulation of commitments ",http://www.vodafone.com/content/index/about/about-us/privacy/GNI.html,3/12/2013,7/17/2015
47,"Vodafone, Industry Dialogue Guiding Principles published on Vodafone's website",https://www.vodafone.com/content/dam/sustainability/pdfs/telecom_industry_dialogue_principles.pdf,3/6/2013,7/17/2015
48,"Telecom Industry Dialogue, About Us, Annette Fergusson",http://www.telecomindustrydialogue.org/about/,None,7/17/2015
49,"Vodafone, Annual Report 2015",http://vodafone.com/content/annualreport/annualreport15/assets/pdf/full_annual_report_2015.pdf,2014/15,7/17/2015
50,"Vodafone, Global Policy Standard on Law Enforcement Assistance",http://www.vodafone.com/content/index/about/about-us/privacy/human_rights.html,7/17/2012,7/17/2015
51,"Vodafone UK, Protect yourself: Fight fraud and identify theft with Vodafone",http://www.vodafone.co.uk/cs/groups/configfiles/documents/contentdocuments/vftst038421.pdf,None,7/17/2015
52,"Vodafone UK, Customer security: Privacy training and auditing",http://www.vodafone.co.uk/our-responsibilities/protecting-our-customers/customer-security/index.htm,None,7/17/2015
53,"Telecom Industry Dialogue, 2015 Annual Report",https://www.telecomindustrydialogue.org/wp-content/uploads/Telco-Industry-Dialogue-Annual-Report-2015.pdf,2015,7/17/2015
54,"Vodafone Group, Law Enforcement Disclosure Report 2015",http://www.vodafone.com/content/dam/sustainability/vodafone_law_enforcement_disclosure_report_2015.pdf,7/1/2015,7/17/2015
55,"Vodafone UK, Buying Online TOS",http://www.vodafone.co.uk/about-this-site/terms-and-conditions/buying-online/,None,7/22/2015
56,"Vodafone UK, Keeping Children Safe",http://www.vodafone.co.uk/our-responsibilities/protecting-our-customers/customer-protection/index.htm,None,7/22/2015
57,"Vodafone UK, Content Control, Restricted Access",http://online.vodafone.co.uk/en_GB/assets/static/contentcontrol/branded/restricted_access.html,2007,7/22/2015
58,Vodafone Group - Child safety online – Our approach,https://www.vodafone.com/content/sustainability/operating_responsibly/child_safety_online.html,2013,7/22/2015
59,Vodafone Group - Many of the net neutrality fears are unfounded,http://vodafone.com/content/dam/group/policy/downloads/E-Commerce-Law-Policy-June-2014.pdf,Published June 2014,7/22/2015
60,Vodafone UK - Traffic Management,http://www.vodafone.co.uk/about-this-site/terms-and-conditions/traffic-management/index.htm,None,7/22/2015
61,Vodafone UK Application Form Request for Access to Personal Information,http://www.vodafone.co.uk/cs/groups/public/documents/webcontent/vftst031658.pdf,None,7/23/2015
62,Vodafone UK Guidance on Requesting Personal Information,http://www.vodafone.co.uk/cs/groups/configfiles/documents/contentdocuments/vftst042750.pdf,None,7/23/2015
63,Vodafone - Privacy in a Mobile World,http://www.vodafone.com/content/index/about/about-us/privacy/privacy_by_design.html,None,7/23/2015
64,Vodafone UK - Vodafone Protect,http://www.vodafone.co.uk/explore/apps/vodafone-protect-app/index.htm,None,7/23/2015
65,"Access Blog ""Access pushes Vodafone to lead on digital security""",https://www.accessnow.org/blog/2015/07/28/access-pushes-vodafone-to-lead-on-digital-security,7/28/2015,8/11/2015
66,"The Guardian, ""Vodafone chairman promises to protect customers' right to privacy""",http://www.theguardian.com/business/2014/jul/29/vodafone-chairman-promises-to-protect-customers-right-to-privacy,7/29/2015,8/11/2015