Source #,Document title,URL,Date of document (if applicable),Date accessed
1,기술적 보호노력,http://privacy.daumkakao.com/protection/tech,N/A,6/17/2015
1.1,Technical Measures,http://privacy.daumkakao.com/en/protection/tech,N/A,6/17/2015
2,개인정보 라이프사이클,http://privacy.daumkakao.com/transparence/lifeCycle,N/A,6/17/2015
2.1,Personal Information Cycle,http://privacy.daumkakao.com/en/transparence/lifeCycle,N/A,6/17/2015
3,Daum 개인정보취급방침,http://www.daum.net/doc/info_protection.html#sectionOffer,N/A,6/17/2015
4,카카오톡 개인정보취급방침,http://www.kakao.com/ko/privacy/20130311.html,3/14/2013,6/17/2015
4.1,KakaoTalk Privacy Policy,http://www.kakao.com/ko/privacy/20130311.html,6/15/2015,7/21/2015
5,카카오 서비스 약관,http://www.kakao.com/policy/terms,6/2/2015,7/23/2015
5.1,Kakao Terms of Service,http://www.kakao.com/policy/terms,6/2/2015,6/17/2015
6,Daum 서비스 약관,http://www.daum.net/doc/info.html,6/15/2015,7/20/2015
7,개인정보 처리방침,http://www.daumkakao.com/etc/privacypolicy,N/A,6/17/2015
8,카카오 운영정책,http://www.kakao.com/company/ko/operation_policy,N/A,6/17/2015
8.1,Operation Policy,http://www.kakao.com/policy/oppolicy,N/A,7/23/2015
9,투명성 보고서 정부의 개인정보 요청현황,http://privacy.daumkakao.com/transparence/report/request,N/A,8/26/2015
9.1,Transparency Report- Government requests for User Information,http://privacy.daumkakao.com/en/transparence/report/request,N/A,8/26/2015
9.2,Screen shot of chart,http://privacy.daumkakao.com/en/transparence/report/request,N/A,3/7/2015
10,투명성 보고서  이용자 권리보호 현황,http://privacy.daumkakao.com/transparence/report/present,N/A,6/18/2015
10.1,Transparency Report- Protection of Users' Rights,http://privacy.daumkakao.com/en/transparence/report/present,N/A,6/18/2015
10.2,Screen shot of Chart,http://privacy.daumkakao.com/en/transparence/report/present,N/A,3/7/2015
10.3,Screen shot of Flow Chart,http://privacy.daumkakao.com/en/transparence/report/present,N/A,3/7/2015
11,"Daum Kakao, Privacy Policy Frequently Asked Questions",http://privacy.daumkakao.com/en/faq/protect/page1,N/A,6/19/2015
12,Daum Kakao 프라이버시 철학,http://privacy.kakaocorp.com/philosophy/kakao,N/A,6/19/2015
12.1,Daum Kakao Privacy Philosophy,http://privacy.kakaocorp.com/en/philosophy/kakao,N/A,6/19/2015
13,Kakao 카카오 개인정보 취급방침,http://www.kakao.com/policy/privacy,6/15/2015,7/23/2015
13.1,Kakao Privacy Policy,http://www.kakao.com/policy/privacy,6/15/2015,7/23/2015
14,Daum Kakao FAQ Transparency Report,http://privacy.daumkakao.com/en/faq/report/page1,N/A,6/26/2015
15,기업윤리규정,http://www.daumkakao.com/ir/ethics,N/A,6/29/2015
15.1,Ethics Code,http://www.daumkakao.com/ir/ethics,N/A,6/29/2015
16,기술적 보호노력 다음카카오 프라이버시 정책,http://privacy.daumkakao.com/protection/tech,N/A,6/29/2015
16.1,Technical Measures,http://privacy.daumkakao.com/en/protection/tech,N/A,7/23/2015
16.2,Screen shot in Korean A,http://privacy.daumkakao.com/en/protection/tech,N/A,7/23/2015
16.3,Screenshot in Korean B,http://privacy.daumkakao.com/en/protection/tech,N/A,7/23/2015
16.4,Screenshot in English A,http://privacy.daumkakao.com/en/protection/tech,N/A,7/23/2015
16.5,Screenshot in English B,http://privacy.daumkakao.com/en/protection/tech,N/A,7/23/2015
17,기술적 보호노력 다음카카오 프라이버시 정책,http://privacy.daumkakao.com/protection/tech,N/A,6/29/2015
17.1,Technical Measures,http://privacy.daumkakao.com/protection/tech,N/A,6/29/2015
18,프라이버시 정책 자문위원회,http://privacy.daumkakao.com/protection/commonssion,N/A,6/29/2015
18.1,Privacy Policy Advisory Committee,http://privacy.daumkakao.com/en/protection/commonssion,N/A,6/29/2015
19,카카오 서비스 약관,http://www.kakao.com/ko/terms,6/2/2015,7/3/2015
19.1,Kakao Terms of Service,http://www.kakao.com/policy/terms,3/12/2013,7/23/2015
20,Daum Search Content Restriction Policy,https://cs.daum.net/redbell/harm/policyArticle.html,N/A,7/20/2015
21,Process for Removing Defamatory Content,https://cs.daum.net/redbell/right/libelProcess.html,N/A,7/20/2015
22,Process for Removing Content that infringes on Copyright,https://cs.daum.net/redbell/right/copyrightProcess.html,N/A,7/20/2015
23,Content Restriction Policy,https://cs.daum.net/redbell/harm/policyArticleRestore.html,N/A,7/20/2015
24,Article Restoration Policy,https://cs.daum.net/redbell/harm/policyArticleRestore.html,N/A,7/20/2015
25,ID Restoration Policy,https://cs.daum.net/redbell/harm/policyId.html,N/A,7/20/2015
26,"Kakao Talk, Report rights infringement",http://www.kakao.com/policy/right,N/A,7/20/2015
27,Information Security Certifications,http://privacy.daumkakao.com/en/protection/certification,N/A,7/20/2015
28,Protect My Information FAQ,http://cs.daum.net/faq/59/15645.html,N/A,7/20/2015
29,Chief Privacy Officer,http://privacy.daumkakao.com/en/philosophy/responsible,N/A,7/20/2015
30,Press Release: Transparency Report announcement,http://www.daumkakao.com/pr/pressRelease_view?page=14&group=2&idx=8140,1/23/2015,7/20/2015
31,List of Related Government Agencies and Laws,https://cs.daum.net/redbell/right/relationOrgLaw.html#law,N/A,7/23/2015
32,"Kakao, Reports Rights Infringement",http://www.kakao.com/policy/right,N/A,7/23/2015
33,Daum Mobile ToS,http://www.daum.net/doc/mobile_info.html,5/31/2012,7/23/2015
34,Press Release: Daum Kakao appoints a Policy Advisory Commitee,http://www.daumkakao.com/pr/pressRelease_view?page=17&group=2&idx=8112,12/17/2014,7/23/2015
35,Press Release: Introducing Privacy Mode to KakaoTalk Group Messaging,http://www.daumkakao.com/pr/pressRelease_view?page=23&group=3&idx=8012,10/8/2014,7/23/2015
36,Blog: Update on Privacy,http://blog.daumkakao.co.kr/240,11/17/2014,7/23/2015
37,Blog: Update on the inagural  meeting of Daum Kakao's Privacy Advisory Committee,http://blog.daumkakao.co.kr/269,12/26/2014,7/23/2015
38,Blog: Update on the 2nd meeting of Daum Kakao's Privacy Advisory Committee,http://blog.daumkakao.co.kr/287,1/19/2015,7/23/2015
39,KakaoTalk: Introducing Secret Chatting feature. Taking measures to protect users' privacy in Group Messages,http://blog.daumkakao.co.kr/311,3/16/2015,7/23/2015
40,Cyber Ethics,http://www.daumkakao.com/about/cyberethics,N/A,7/23/2015
41,KISO web page 1,http://www.kiso.or.kr/%EC%A0%95%EC%B1%85%EC%9C%84%EC%9B%90%ED%9A%8C/%EC%A0%95%EC%B1%85%EA%B7%9C%EC%A0%95/,,9/12/2015
42,KISO web page 2,http://www.kiso.or.kr/%EA%B8%B0%EA%B5%AC%EC%86%8C%EA%B0%9C/%EC%9D%B4%EC%82%AC%ED%9A%8C%EC%9D%98%EC%9E%A5-%EC%9D%B8%EC%82%AC%EB%A7%90/,,9/12/2015
43,Current Status of Members (K-internet website),http://www.kinternet.org/kinternet/lang/en/#p4,,9/21/2015
44,KISO membership page,http://www.kiso.or.kr/%EA%B8%B0%EA%B5%AC%EC%86%8C%EA%B0%9C/%ED%9A%8C%EC%9B%90%EC%82%AC-%EC%86%8C%EA%B0%9C/,,9/21/2015
45,Daum Sign-in FAQ,http://cs.daum.net/faq/59/8035.html#10027,,9/23/2015
46,Kakao account FAQ,http://www.kakao.com/helps?category=25&device=9&locale=ko&service=8,,9/23/2015
47,Daum Spam Policy,http://www.daum.net/doc/nospam.html,,10/3/2015