Source #,Document title,URL,Date of document (if applicable),Date accessed
1,Terms of Service,https://www.google.com/intl/en/policies/terms/?fg=1,,6/5/2015
2,Terms of Service - Archive,https://www.google.com/intl/en/policies/terms/archive/,,6/5/2015
3,YouTube TOS,https://www.youtube.com/t/terms,,6/8/2015
4,YouTube Community Guidelines,http://www.youtube.com/yt/policyandsafety/communityguidelines.html,,6/8/2015
5,YouTube Help Protecting Privacy,https://support.google.com/youtube/answer/2801895?hl=en,,6/8/2015
6,YouTube Help Harassment,https://support.google.com/youtube/answer/2802268?hl=en,,6/8/2015
7,YouTube Help Hate Speech,https://support.google.com/youtube/answer/2801939?hl=en,,6/8/2015
8,YouTube Help Impersonation,https://support.google.com/youtube/answer/2801947?hl=en,,6/8/2015
9,YouTube Help Threats,https://support.google.com/youtube/answer/2801927?hl=en,,6/8/2015
10,YouTube Help Child Endangerment,https://support.google.com/youtube/answer/2801999?hl=en,,6/8/2015
11,YouTube Help Nudity Sex,https://support.google.com/youtube/answer/2802002?hl=en,,6/8/2015
12,YouTube Help Violent Graphic,https://support.google.com/youtube/answer/2802008?hl=en,,6/8/2015
13,YouTube Help Harmful,https://support.google.com/youtube/answer/2801964?hl=en,,6/8/2015
14,YouTube Help Spam,https://support.google.com/youtube/answer/2801973?hl=en,,6/8/2015
15,YouTube Legal Trademark,https://support.google.com/youtube/answer/6154218?hl=en&ref_topic=6154211,,6/8/2015
16,YouTube Legal Counterfeit,https://support.google.com/youtube/answer/6154227?hl=en,,6/8/2015
17,YouTube Legal Defamation,https://support.google.com/youtube/answer/6154230?hl=en,,6/8/2015
18,YouTube Help Additional Policies,https://support.google.com/youtube/answer/2801981?hl=en,,6/8/2015
19,Gmail Account Locked,https://support.google.com/mail/answer/43692?hl=en&ref_topic=3406150,,6/8/2015
20,Transparency Removals Government,https://www.google.com/transparencyreport/removals/government/,,6/8/2015
21,Transparency Removals Copyright,https://www.google.com/transparencyreport/removals/copyright/,,6/8/2015
22,Transparency Removals Copyright FAQ,https://www.google.com/transparencyreport/removals/copyright/faq/,,6/8/2015
23,YouTube Appealing Strikes,https://support.google.com/youtube/answer/185111?hl=en&ref_topic=2803138,,6/8/2015
24,Transparency Removals Government FAQ,https://www.google.com/transparencyreport/removals/government/faq/?hl=en,,6/9/2015
25,Transparency EU Removal,https://www.google.com/transparencyreport/removals/europeprivacy/?hl=en,,6/9/2015
26,Transparency EU Removal FAQ,https://www.google.com/transparencyreport/removals/europeprivacy/faq/?hl=en,,6/9/2015
27,Transparency Removal Examples,https://www.google.com/transparencyreport/removals/government/notes/?hl=en,,6/9/2015
28,Transparency Removal Requests by Country,https://www.google.com/transparencyreport/removals/government/countries/?hl=en,,6/9/2015
29,Transparency Data Government Detailed,https://www.google.com/transparencyreport/removals/government/data/?hl=en,,6/9/2015
30,Transparency Data Government,https://www.google.com/transparencyreport/removals/government/data/?hl=en,,6/9/2015
31,Transparency Data Copyright,https://www.google.com/transparencyreport/removals/copyright/data/,,6/9/2015
32,Transparency Reporting Organization,https://www.google.com/transparencyreport/removals/copyright/reporters/?r=all-time,,6/9/2015
33,YouTube Copyright Form,https://www.youtube.com/copyright_complaint_form,,6/9/2015
34,YouTube Copyright Notification Requirements,https://support.google.com/youtube/answer/6005900,,6/9/2015
35,Legal Removal Requests,https://support.google.com/legal/answer/3110420?rd=1,,6/9/2015
36,Transparency User Data,https://www.google.com/transparencyreport/userdatarequests/,,6/9/2015
37,Transparency User Data Legal Process,https://www.google.com/transparencyreport/userdatarequests/legalprocess/,,6/9/2015
38,Transparency User Data Country Report,https://www.google.com/transparencyreport/userdatarequests/countries/?p=2014-12,,6/9/2015
39,Transparency User Data US Detail,https://www.google.com/transparencyreport/userdatarequests/US/,,6/10/2015
40,Transparency User Data Raw Data,https://www.google.com/transparencyreport/userdatarequests/data/,,6/10/2015
41,Privacy Policy,https://www.google.com/intl/en/policies/privacy/,,6/10/2015
42,Privacy Policy Archive,https://www.google.com/intl/en/policies/privacy/archive/,,6/10/2015
43,Privacy Policy Improve Experience,https://www.google.com/intl/en/policies/privacy/example/improve-your-user-experience.html,,6/10/2015
44,Download Your Data,https://www.google.com/settings/takeout,,6/10/2015
45,Dashboard Data Retention,https://support.google.com/accounts/answer/162743?hl=en,,6/10/2015
46,Deleting Account,https://support.google.com/accounts/answer/32046?hl=en,,6/10/2015
47,Deleting YouTube,https://support.google.com/youtube/answer/55759?hl=en,,6/10/2015
48,Linked Information,https://www.google.com/intl/en/policies/privacy/example/linked-with-information-about-visits-to-multiple-sites.html,,6/10/2015
49,GA Safeguarding Data,https://support.google.com/analytics/answer/6004245?hl=en,,6/10/2015
50,YouTube Embed Videos,https://support.google.com/youtube/answer/171780?hl=en,,6/10/2015
51,How does Google keep my information safe?,https://privacy.google.com/google-security.html,,6/11/2015
52,Bug Bounty,http://www.google.com/about/appsecurity/reward-program/,,6/11/2015
53,Two Step Verification,https://www.google.com/landing/2step/#tab=why-you-need-it,,6/11/2015
54,Email Encryption,https://www.google.com/transparencyreport/saferemail/,,6/11/2015
55,How Encryption Works,https://www.google.com/transparencyreport/saferemail/tls/?hl=en,,6/11/2015
56,Email Encryption FAQ,https://www.google.com/transparencyreport/saferemail/faq/?hl=en,,6/11/2015
57,End to End Encryption,http://googleonlinesecurity.blogspot.com/2014/06/making-end-to-end-encryption-easier-to.html,,6/11/2015
58,Safety Center,https://www.google.com/safetycenter/everyone/cybercrime/,,6/11/2015
59,Removal request,https://support.google.com/legal/contact/lr_eudpa?product=websearch&hl=en-GB ,,6/11/2015
60,Removal Policies,https://support.google.com/websearch/answer/2744324?hl=en ,,6/11/2015
61,Remove information from Google,https://support.google.com/websearch/troubleshooter/3111061 ,,6/11/2015
62,FAQ Removal,http://www.google.com/transparencyreport/removals/europeprivacy/faq/?hl=en ,,6/11/2015
63,Remove information - Contact a site's webmaster,https://support.google.com/websearch/answer/9109?hl=en-GB ,,6/11/2015
64,Transparency Report ,http://www.google.com/transparencyreport/ ,,6/12/2015
65,European Privacy in Search – Transparency Report ,http://www.google.com/transparencyreport/removals/europeprivacy/?hl=en ,,6/12/2015
66,Appealing video strikes on your channel - YouTube,https://support.google.com/youtube/answer/185111?hl=en ,,6/12/2015
67, Youtube Privacy Guideline,https://www.youtube.com/static?gl=GB&template=privacy_guidelines ,,6/12/2015
68, Privacy Complaint Process - YouTube,https://support.google.com/youtube/answer/142443?hl=en ,,6/12/2015
69,Accounts Help,https://support.google.com/accounts/contact/disabled2?p ,,6/15/2015
70,Account has been disabled,https://support.google.com/accounts/answer/40695?hl=en,,6/15/2015
71,Report abuse and illegal activity,https://www.google.com/intl/ga/goodtoknow/online-safety/reporting-abuse/ ,,6/15/2015
72,Report gmail user,https://support.google.com/mail/contact/abuse ,,6/15/2015
73,Google Contact us,http://www.google.com/contact/ ,,6/15/2015
75,Code of Conduct ,https://investor.google.com/corporate/code-of-conduct.html ,,6/15/2015
76,Gerhard Eschelbeck LinkedIn,https://www.linkedin.com/in/gerhardeschelbeck ,,6/15/2015
77,New Google security chief looks for balance with privacy,http://phys.org/news/2015-04-google-chief-privacy.html,,6/15/2015
78,GNI Assessments Public Report,https://globalnetworkinitiative.org/sites/default/files/GNI%20Assessments%20Public%20Report.pdf,,6/15/2015
79,GNI 2013 Annual Report,http://globalnetworkinitiative.org/sites/default/files/2013%20Annual%20Report.pdf,,6/15/2015
80,Message from our Executive Chairman,https://investor.google.com/corporate/message.html,,6/16/2015
81,"Europe Blog_ Privacy, security, surveillance_ getting it right is important",http://googlepolicyeurope.blogspot.sg/2015/02/privacy-security-surveillance-getting.html,,6/17/2015
82,Australia Blog_ Privacy Impact Assessment for Street View in Australia,http://google-au.blogspot.sg/2011/05/privacy-impact-assessment-for-street.html,,6/17/2015
83,Public Policy Blog_ Checking in with the Global Network Initiative,http://googlepublicpolicy.blogspot.sg/2012/04/checking-in-with-global-network.html,,6/17/2015
84,Advisory Council – Google Advisory Council,https://www.google.com/advisorycouncil/,,6/17/2015
85,"Larry Page talks about innovations, interoperation, technology in Google I/O keynote",http://www.digitaltrends.com/mobile/larry-page-google-io-2013-keynote-quotes/,5/15/2013,7/6/2015
86,Our challenge: Keeping the Internet open,http://www.washingtonpost.com/wp-dyn/content/article/2010/04/20/AR2010042002866.html,4/21/2010,7/6/2015
87,How we use data,https://privacy.google.com/how-we-use-data.html,,7/7/2015
88,FAQ_Google Transparency Report,http://www.google.com/transparencyreport/removals/copyright/faq/,,7/7/2015
89,Site removed from the Google index - Search Console Help,https://support.google.com/webmasters/answer/40052?hl=en,,7/7/2015
90,Revenge Porn and Search,http://googlepublicpolicy.blogspot.com/2015/06/revenge-porn-and-search.html,6/19/2015,7/7/2015
91,New steps to protect free expression around the world,http://googleblog.blogspot.com/2008/10/new-steps-to-protect-free-expression.html,10/28/2008,7/7/2015
92,GNI Implementation Guidelines,https://globalnetworkinitiative.org/implementationguidelines/index.php,,7/7/2015
93,GNI 2011 Annual Report,https://globalnetworkinitiative.org/files/GNI_2011_Annual_Report.pdf,,7/7/2015
94,What the...?,http://googleblog.blogspot.com/2013/06/what.html,6/7/2013,7/7/2015
95,The Potential (and Pitfalls) of Free Expression Technology,http://www.wan-ifra.org/the-potential-and-pitfalls-of-free-expression-technology,,7/7/2015
96,"Web freedom faces greatest threat ever, warns Google's Sergey Brin",http://www.theguardian.com/technology/2012/apr/15/web-freedom-threat-google-brin,4/15/2012,7/7/2015
97,Management team,http://www.google.com/about/company/facts/management/,,7/7/2015
98,Google's approach to government request for user data,http://googleblog.blogspot.com/2013/01/googles-approach-to-government-requests.html,1/27/2013,7/7/2015
99,Don't censor the web,http://googleblog.blogspot.com/2012/01/dont-censor-web.html,1/17/2012,7/7/2015
100,Congress must reform our surveillance laws,http://googlepublicpolicy.blogspot.com/2015/03/congress-must-reform-our-surveillance.html,3/25/2015,7/7/2015
101,A new approach to China,http://googleblog.blogspot.com/2010/01/new-approach-to-china.html,1/12/2010,7/7/2015
102,Ross LaJeunesse,https://www.linkedin.com/pub/ross-lajeunesse/7/653/9b2,,7/7/2015
103,Global Network Initiative sets important precedent for transparency,http://googlepublicpolicy.blogspot.com/2014/01/global-network-initiative-sets.html,,7/7/2015
104,Global Network Initiative Principles,https://globalnetworkinitiative.org/principles/index.php,,7/8/2015
105,Transparency Report -Traffic Section,https://www.google.com/transparencyreport/traffic/#expand=CN,,7/8/2015
106,My Account Dashboard,https://myaccount.google.com/intro,,7/8/2015
107,Transparency Report- How does Google Respond,https://www.google.com/transparencyreport/userdatarequests/legalprocess/#how_does_google_respond,,7/8/2015
108,YouTube Safety Center,https://www.youtube.com/yt/policyandsafety/safety.html,,8/13/2015
109,Protecting data for the long term with forward secrecy,http://googleonlinesecurity.blogspot.com/2011/11/protecting-data-for-long-term-with.html?utm_source=wmx_blog&utm_medium=referral&utm_campaign=tls_en_post,,8/17/2015
110,Gmail - Last account activity,https://support.google.com/mail/answer/45938?hl=en,,8/20/2015
111,Transparency Report User Data Requests FAQ,https://www.google.com/transparencyreport/userdatarequests/faq/,,8/26/2015
112,Transparency removal requests due to copyright,https://www.google.com/transparencyreport/removals/copyright/requests/,,8/27/2015
113,Youtube Copyright and Rights Management,https://support.google.com/youtube/topic/2676339?hl=en&ref_topic=6151248&vid=1-635763063550127585-1473592297,,8/27/2015
114,YouTube Copyright FAQ,https://support.google.com/youtube/answer/2797449?hl=en&ref_topic=2778546&vid=1-635763063550127585-1473592297,,8/27/2015
115,Gmail Program Policies,https://www.gmail.com/intl/en/mail/help/program_policies.html,,8/31/2015
116,Gmail Account Help,https://support.google.com/mail/topic/3406147?hl=en&ref_topic=3394215&vid=1-635766419898606458-3839196153,,8/31/2015
117,Gmail Report alleged copyright infringement,https://support.google.com/legal/contact/lr_dmca?dmca=images&product=gmail&vid=null,,8/31/2015
118,Google Product Policy (Gmail),https://www.gmail.com/intl/en/mail/help/program_policies.html,,9/13/2015
119,"Google, Download your data - Accounts Help",https://support.google.com/accounts/answer/3024190?hl=en,,9/4/2015
120,"Google, Download your past searches - Search Help",https://support.google.com/websearch/answer/6068625?hl=en,,9/4/2015
121,Revenge porn and search,http://googlepublicpolicy.blogspot.com/2015/06/revenge-porn-and-search.html,,9/13/2015
122,Keeping your personal information private and safe—and putting you in control,http://googleblog.blogspot.com/2015/06/privacy-security-tools-improvements.html,,9/13/2015
123,Global Network Initiative Independent Assessment ,https://globalnetworkinitiative.org/content/independent-assessments,,9/13/2015
124,FTC Consent Order,https://www.ftc.gov/sites/default/files/documents/cases/2011/10/111024googlebuzzdo.pdf,,9/13/2015
125,How Search Works: Policies,http://www.google.com/insidesearch/howsearchworks/policies.html,,9/13/2015
126,"Transparency Report- Safer Email, ""other forms of encryption""",http://www.google.com/transparencyreport/saferemail/faq/#other_forms_of_encryption,,9/13/2015
127,Does Google sell my personal information? ,https://privacy.google.com/about-ads.html,,9/13/2015
128,Privacy check-up tool,https://myaccount.google.com/intro/privacycheckup/1,,9/13/2015
129,Google My Account controls,https://myaccount.google.com/,,9/28/2015
130,Google Blog: Creating stronger privacy controls inside Google,https://googleblog.blogspot.com/2010/10/creating-stronger-privacy-controls.html,,10/2/2015
131,Google Europe Blog: Ongoing privacy work,http://googlepolicyeurope.blogspot.com/2011/08/ongoing-privacy-work.html,,10/2/2015
132,View your data and account activity in the Google Dashboard,https://support.google.com/accounts/answer/162744?hl=en&ref_topic=25471,,10/2/2015
133,Advertising,https://www.google.com/policies/technologies/ads/,,10/2/2015
134,Personal info & privacy,https://myaccount.google.com/intro/privacy,,10/10/2015
135,YouTube Send and receive private messages,https://support.google.com/youtube/answer/57955?hl=en,,10/12/2015