,,,,,,,,
C1,Etisalat (group) - Freedom of Expression,Etisalat (group) - Privacy,Etisalat UAE (operating company) - Freedom of Expression,Etisalat UAE (operating company) - Privacy,,,,
Consolidated answer A,no,no,no,no,,,,
Consolidated answer B,no/insufficient evidence: company representatives have not made related statements in a prominent venue.,no/insufficient evidence: company representatives have not made related statements in a prominent venue.,no/insufficient evidence: company representatives have not made related statements in a prominent venue.,no/insufficient evidence: company representatives have not made related statements in a prominent venue.,,,,
Comments (explain score),"Answer A: In its 2012 CSR report (Source 13, p. 11), Etisalat states that 'Human Rights are widely applied throughout its operations' and commits to 'ensure that it is not complicit in human rights abuses within its value chain.' However, the group does not make any reference to free expression & privacy rights.

Answer B: No evidence found.","Answer A: In its 2012 CSR report (Source 13, p. 11), Etisalat states that 'Human Rights are widely applied throughout its operations' and commits to 'ensure that it is not complicit in human rights abuses within its value chain.' However, the group does not make any reference to free expression & privacy rights.

Answer B: No evidence found.","Answer A: In its 2012 CSR report (Source 13, p. 11), Etisalat states that 'Human Rights are widely applied throughout its operations' and commits to 'ensure that it is not complicit in human rights abuses within its value chain.' However, the group does not make any reference to free expression & privacy rights.

Answer B: No evidence found.","Answer A: In its 2012 CSR report (Source 13, p. 11), Etisalat states that 'Human Rights are widely applied throughout its operations' and commits to 'ensure that it is not complicit in human rights abuses within its value chain.' However, the group does not make any reference to free expression & privacy rights.

Answer B: No evidence found.",,,,
"Sources (reference, specific page, section, etc.)",13,13,13,13,,,,
,,,,,,,,
Points for A,0,0,0,0,,,,
Points for B,0,0,0,0,,,,
,,,,,,,,
Level score,0.00,0.00,0.00,0.00,,,,
,,,,,,,,
Indicator score based on level weighting,0.00,,,,,,,
,,,,,,,,
C2,Etisalat (group) - Freedom of Expression,Etisalat (group) - Privacy,Etisalat UAE (operating company) - Freedom of Expression,Etisalat UAE (operating company) - Privacy,mobile (service) - Freedom of Expression,mobile (service) - Privacy,fixed broadband (service) - Freedom of Expression,fixed broadband (service) - Privacy
Consolidated answer for Element 1:,no/insufficient evidence,no/insufficient evidence,no/insufficient evidence,no/insufficient evidence,no/insufficient evidence,no/insufficient evidence,no/insufficient evidence,no/insufficient evidence
Consolidated answer for Element 2:,no/insufficient evidence,no/insufficient evidence,no/insufficient evidence,no/insufficient evidence,no/insufficient evidence,no/insufficient evidence,no/insufficient evidence,no/insufficient evidence
Consolidated answer for Element 3:,no/insufficient evidence,no/insufficient evidence,no/insufficient evidence,no/insufficient evidence,no/insufficient evidence,no/insufficient evidence,no/insufficient evidence,no/insufficient evidence
Comments (explain score),"Element 1. Etisalat has a CSR committee. In its 2012 CSR report (Source 13, p. 75), the company mentions human rights but does not make any reference to freedom of expression and privacy

Elements 2-3. No evidence found.
","Element 1. Etisalat has a CSR committee. In its 2012 CSR report (Source 13, p. 75), the company mentions human rights but does not make any reference to freedom of expression and privacy

Elements 2-3. No evidence found.
","Element 1. Etisalat has a CSR committee. In its 2012 CSR report (Source 13, p. 75), the company mentions human rights but does not make any reference to freedom of expression and privacy

Elements 2-3. No evidence found.
","Element 1. Etisalat has a CSR committee. In its 2012 CSR report (Source 13, p. 75), the company mentions human rights but does not make any reference to freedom of expression and privacy

Elements 2-3. No evidence found.
","Element 1. Etisalat has a CSR committee. In its 2012 CSR report (Source 13, p. 75), the company mentions human rights but does not make any reference to freedom of expression and privacy

Elements 2-3. No evidence found.
","Element 1. Etisalat has a CSR committee. In its 2012 CSR report (Source 13, p. 75), the company mentions human rights but does not make any reference to freedom of expression and privacy

Elements 2-3. No evidence found.
","Element 1. Etisalat has a CSR committee. In its 2012 CSR report (Source 13, p. 75), the company mentions human rights but does not make any reference to freedom of expression and privacy

Elements 2-3. No evidence found.
","Element 1. Etisalat has a CSR committee. In its 2012 CSR report (Source 13, p. 75), the company mentions human rights but does not make any reference to freedom of expression and privacy

Elements 2-3. No evidence found.
"
"Sources (reference, specific page, section, etc.)",13,13,13,13,13,13,13,13
,,,,,,,,
Points for 1,0,0,0,0,0,0,0,0
Points for 2,0,0,0,0,0,0,0,0
Points for 3,0,0,0,0,0,0,0,0
,,,,,,,,
Level score,0.00,0.00,0.00,0.00,0.00,0.00,0.00,0.00
,,,,,,,,
Indicator score based on level weighting,0.00,,,,,,,
,,,,,,,,
C3,Etisalat (group) - Freedom of Expression,Etisalat (group) - Privacy,Etisalat UAE (operating company) - Freedom of Expression,Etisalat UAE (operating company) - Privacy,mobile (service) - Freedom of Expression,mobile (service) - Privacy,fixed broadband (service) - Freedom of Expression,fixed broadband (service) - Privacy
Consolidated answer for Element 1:,no/insufficient evidence,no/insufficient evidence,no/insufficient evidence,no/insufficient evidence,no/insufficient evidence,no/insufficient evidence,no/insufficient evidence,no/insufficient evidence
Consolidated answer for Element 2:,no/insufficient evidence,no/insufficient evidence,no/insufficient evidence,no/insufficient evidence,no/insufficient evidence,no/insufficient evidence,no/insufficient evidence,no/insufficient evidence
Comments (explain score),No evidence found.,No evidence found.,No evidence found.,No evidence found.,No evidence found.,No evidence found.,No evidence found.,No evidence found.
"Sources (reference, specific page, section, etc.)",,,,,,,,
,,,,,,,,
Points for 1,0,0,0,0,0,0,0,0
Points for 2,0,0,0,0,0,0,0,0
,,,,,,,,
Level score,0.00,0.00,0.00,0.00,0.00,0.00,0.00,0.00
,,,,,,,,
Indicator score based on level weighting,0.00,,,,,,,
,,,,,,,,
C4,Etisalat (group) - Freedom of Expression,Etisalat (group) - Privacy,Etisalat UAE (operating company) - Freedom of Expression,Etisalat UAE (operating company) - Privacy,mobile (service) - Freedom of Expression,mobile (service) - Privacy,fixed broadband (service) - Freedom of Expression,fixed broadband (service) - Privacy
Consolidated answer for Element 1,no/insufficient evidence,no/insufficient evidence,no/insufficient evidence,no/insufficient evidence,no/insufficient evidence,no/insufficient evidence,no/insufficient evidence,no/insufficient evidence
Consolidated answer for Element 2,no/insufficient evidence,no/insufficient evidence,no/insufficient evidence,no/insufficient evidence,no/insufficient evidence,no/insufficient evidence,no/insufficient evidence,no/insufficient evidence
Consolidated answer for Element 3,no/insufficient evidence,no/insufficient evidence,no/insufficient evidence,no/insufficient evidence,no/insufficient evidence,no/insufficient evidence,no/insufficient evidence,no/insufficient evidence
Consolidated answer for Element 4,no/insufficient evidence,no/insufficient evidence,no/insufficient evidence,no/insufficient evidence,no/insufficient evidence,no/insufficient evidence,no/insufficient evidence,no/insufficient evidence
Consolidated answer for Element 5,no/insufficient evidence,no/insufficient evidence,no/insufficient evidence,no/insufficient evidence,no/insufficient evidence,no/insufficient evidence,no/insufficient evidence,no/insufficient evidence
Consolidated answer for Element 6,no/insufficient evidence,no/insufficient evidence,no/insufficient evidence,no/insufficient evidence,no/insufficient evidence,no/insufficient evidence,no/insufficient evidence,no/insufficient evidence
Consolidated answer for Element 7,no/insufficient evidence,no/insufficient evidence,no/insufficient evidence,no/insufficient evidence,no/insufficient evidence,no/insufficient evidence,no/insufficient evidence,no/insufficient evidence
Consolidated answer for Element 8,no/insufficient evidence,no/insufficient evidence,no/insufficient evidence,no/insufficient evidence,no/insufficient evidence,no/insufficient evidence,no/insufficient evidence,no/insufficient evidence
Consolidated answer for Element 9,no/insufficient evidence,no/insufficient evidence,no/insufficient evidence,no/insufficient evidence,no/insufficient evidence,no/insufficient evidence,no/insufficient evidence,no/insufficient evidence
Comments (explain score),No evidence found. ,No evidence found. ,No evidence found. ,No evidence found. ,No evidence found. ,No evidence found. ,No evidence found. ,No evidence found. 
"Sources (reference, specific page, section, etc.)",,,,,,,,
,,,,,,,,
Points for 1,0,0,0,0,0,0,0,0
Points for 2,0,0,0,0,0,0,0,0
Points for 3,0,0,0,0,0,0,0,0
Points for 4,0,0,0,0,0,0,0,0
Points for 5,0,0,0,0,0,0,0,0
Points for 6,0,0,0,0,0,0,0,0
Points for 7,0,0,0,0,0,0,0,0
Points for 8,0,0,0,0,0,0,0,0
Points for 9,0,0,0,0,0,0,0,0
,,,,,,,,
Level score,0.00,0.00,0.00,0.00,0.00,0.00,0.00,0.00
,,,,,,,,
Indicator score based on level weighting,0.00,,,,,,,
,,,,,,,,
C5,Etisalat (group) - Freedom of Expression,Etisalat (group) - Privacy,Etisalat UAE (operating company) - Freedom of Expression,Etisalat UAE (operating company) - Privacy,,,,
Element A satisfied?,no/insufficient evidence,no/insufficient evidence,no/insufficient evidence,no/insufficient evidence,,,,
"If ""yes"" on Element A --> skip all B elements.
If ""no"" on Element A --> continue with B:",,,,,,,,
Element B.1 satisfied?,no/insufficient evidence,no/insufficient evidence,no/insufficient evidence,no/insufficient evidence,,,,
Element B.2 satisfied?,no/insufficient evidence,no/insufficient evidence,no/insufficient evidence,no/insufficient evidence,,,,
Comments (explain score),"The 2012 CSR report (Source 13, p. 13-17) lists customers, media, and pressure groups as significant stakeholders. With regards to engagement with customers, the group level conducts an annual customer experience survey, while in-country operations engage in ""personal meetings, discussion forums, surveys, field visits, conference calls, progress reviews, information dissemination through printed reports, telephone, SMS and corporate websites, workshops, business development activities, road shows and trade fairs."" With regards to engagement with society, media, and pressure groups, ""Both Group and Local teams correspond to the relevant stakeholders via frequent correspondence, website, press releases, media briefings, discussions, participation at NGO forums, media coverage, certification and accreditation."" However this disclosure does not specify stakeholder engagement on freedom of expression and privacy, so the company does not receive credit on this indicator.","The 2012 CSR report (Source 13, p. 13-17) lists customers, media, and pressure groups as significant stakeholders. With regards to engagement with customers, the group level conducts an annual customer experience survey, while in-country operations engage in ""personal meetings, discussion forums, surveys, field visits, conference calls, progress reviews, information dissemination through printed reports, telephone, SMS and corporate websites, workshops, business development activities, road shows and trade fairs."" With regards to engagement with society, media, and pressure groups, ""Both Group and Local teams correspond to the relevant stakeholders via frequent correspondence, website, press releases, media briefings, discussions, participation at NGO forums, media coverage, certification and accreditation."" However this disclosure does not specify stakeholder engagement on freedom of expression and privacy, so the company does not receive credit on this indicator.","The 2012 CSR report (Source 13, p. 13-17) lists customers, media, and pressure groups as significant stakeholders. With regards to engagement with customers, the group level conducts an annual customer experience survey, while in-country operations engage in ""personal meetings, discussion forums, surveys, field visits, conference calls, progress reviews, information dissemination through printed reports, telephone, SMS and corporate websites, workshops, business development activities, road shows and trade fairs."" With regards to engagement with society, media, and pressure groups, ""Both Group and Local teams correspond to the relevant stakeholders via frequent correspondence, website, press releases, media briefings, discussions, participation at NGO forums, media coverage, certification and accreditation."" However this disclosure does not specify stakeholder engagement on freedom of expression and privacy, so the company does not receive credit on this indicator.","The 2012 CSR report (Source 13, p. 13-17) lists customers, media, and pressure groups as significant stakeholders. With regards to engagement with customers, the group level conducts an annual customer experience survey, while in-country operations engage in ""personal meetings, discussion forums, surveys, field visits, conference calls, progress reviews, information dissemination through printed reports, telephone, SMS and corporate websites, workshops, business development activities, road shows and trade fairs."" With regards to engagement with society, media, and pressure groups, ""Both Group and Local teams correspond to the relevant stakeholders via frequent correspondence, website, press releases, media briefings, discussions, participation at NGO forums, media coverage, certification and accreditation."" However this disclosure does not specify stakeholder engagement on freedom of expression and privacy, so the company does not receive credit on this indicator.",,,,
"Sources (reference, specific page, section, etc.)",13,13,13,13,,,,
,,,,,,,,
Points for A,0,0,0,0,,,,
Points for B.1,0,0,0,0,,,,
Points for B.2,0,0,0,0,,,,
,,,,,,,,
Level score,0.00,0.00,0.00,0.00,,,,
,,,,,,,,
Indicator score based on level weighting,0.00,,,,,,,
,,,,,,,,
C6,Etisalat (group) - Freedom of Expression,Etisalat (group) - Privacy,Etisalat UAE (operating company) - Freedom of Expression,Etisalat UAE (operating company) - Privacy,mobile (service) - Freedom of Expression,mobile (service) - Privacy,fixed broadband (service) - Freedom of Expression,fixed broadband (service) - Privacy
Consolidated answer for Element 1:,no/insufficient evidence,no/insufficient evidence,yes: The company discloses its processes for receiving complaints or grievances.,yes: The company discloses its processes for receiving complaints or grievances.,yes: The company discloses its processes for receiving complaints or grievances.,yes: The company discloses its processes for receiving complaints or grievances.,yes: The company discloses its processes for receiving complaints or grievances.,yes: The company discloses its processes for receiving complaints or grievances.
Consolidated answer for Element 2:,no/insufficient evidence,no/insufficient evidence,no/insufficient evidence,no/insufficient evidence,no/insufficient evidence,no/insufficient evidence,no/insufficient evidence,no/insufficient evidence
Consolidated answer for Element 3:,no/insufficient evidence,no/insufficient evidence,no/insufficient evidence,no/insufficient evidence,no/insufficient evidence,no/insufficient evidence,no/insufficient evidence,no/insufficient evidence
Consolidated answer for Element 4:,no/insufficient evidence,no/insufficient evidence,no/insufficient evidence,no/insufficient evidence,no/insufficient evidence,no/insufficient evidence,no/insufficient evidence,no/insufficient evidence
Consolidated answer for Element 5:,no/insufficient evidence,no/insufficient evidence,no/insufficient evidence,no/insufficient evidence,no/insufficient evidence,no/insufficient evidence,no/insufficient evidence,no/insufficient evidence
Comments (explain score),No evidence found.,No evidence found.,"Element 1: Etisalat UAE's General Consumer Terms & Conditions (Source 18, Clause 30b) states, ""Any complaints should be directed to Etisalat’s Customer Care Department, who can be reached by email at care@etisalat.ae or through one of the other communications channels referred to in Clause 30(a)."" Since this document contains information about prohibited content and account restriction, this disclosure receives credit on this element.

Elements 2-5: No evidence found.","Element 1: Etisalat's privacy policy section on ""Contacting us"" says, ""If you have any questions or concerns about our use of your personal information you should write to the address below:"" and includes a postal mail and email address (Source 8 and 9).

Elements 2-5: No evidence found.","Element 1: Etisalat's prepaid TOS (Arabic-Source 4; English-Source 7) section 19 on ""Etisalat Contact Centre"", states, ""The Customer may contact Etisalat by attending any Etisalat Service Centre located throughout the UAE or calling the Etisalat Contact Centre on 101 for information about prices, conditions and options available to it under any service, for clarification regarding a bill or to make a complaint."" The postpaid TOS (Arabic-Source 3; English-Source 6) section 12 on ""Quality of Service and the Etisalat Customer Contact Centre"" states, ""Customers may make a complaint regarding the .Service by contacting Etisalat on 101...Etisalat will endeavour to resolve the complaint in a reasonable and timely manner and will keep the Customer updated as to the status of the investigation into the complaint."" Since both documents contain information about prohibited activities and account restriction, this disclosure receives credit on this element.

Elements 2-5: No evidence found.","Element 1: Etisalat's privacy policy section on ""Contacting us"" says, ""If you have any questions or concerns about our use of your personal information you should write to the address below:"" and includes a postal mail and email address (Source 8 and 9).

Elements 2-5: No evidence found.","Element 1: The eLife TOS (Arabic-Source 2; English-Source 17) section 19a and 19b on ""Subscriber queries, complaints and information"" states, ""The Subscriber may contact Etisalat by attending any Subscriber service centre located throughout the UAE or calling the Etisalat Customer Contact Centre on 101 for information about prices, conditions and options available to it under any service, for clarification regarding a bill or to make a complaint. b) Etisalat will use reasonable endeavours to resolve any complaint and keep the Subscriber updated as to the status of the investigation into the complaint."" Since this document contains information about prohibited activities and account restriction, this disclosure receives credit on this element.

Elements 2-5: No evidence found.","Element 1: Etisalat's privacy policy section on ""Contacting us"" says, ""If you have any questions or concerns about our use of your personal information you should write to the address below:"" and includes a postal mail and email address (Source 8 and 9).

Elements 2-5: No evidence found."
"Sources (reference, specific page, section, etc.)",,,18,"8,9","3, 4, 6, 7","8,9","2,17","8,9"
,,,,,,,,
Points for 1,0,0,100,100,100,100,100,100
Points for 2,0,0,0,0,0,0,0,0
Points for 3,0,0,0,0,0,0,0,0
Points for 4,0,0,0,0,0,0,0,0
Points for 5,0,0,0,0,0,0,0,0
,,,,,,,,
Level score,0.00,0.00,20.00,20.00,20.00,20.00,20.00,20.00
,,,,,,,,
Indicator score based on level weighting,20.00,,,,,,,
,,,,,,,,
F1,Etisalat (group),Etisalat UAE (operating company),mobile (service),fixed broadband (service),,,,
Consolidated answer for Element 1:,no/insufficient evidence,partial,partial,partial,,,,
Consolidated answer for Element 2:,no/insufficient evidence,yes: Language: The ToS is available in the language(s) most commonly spoken by the company’s users. ,yes: Language: The ToS is available in the language(s) most commonly spoken by the company’s users. ,yes: Language: The ToS is available in the language(s) most commonly spoken by the company’s users. ,,,,
Consolidated answer for Element 3:,no/insufficient evidence,yes: Easy to understand: The ToS are presented in an understandable manner.,partial,partial,,,,
Comments (explain score),No evidence found.,"Etisalat UAE's General Consumer Terms & Conditions (Source 18) covers the company's services: ""These Terms and Conditions shall govern Etisalat Website (www.etisalat.ae) and the Services provided under this website by Emirates Telecommunications Corporation, ""ETISALAT"" referred to as 'Etisalat Online Services'.""

Element 1: Etisalat UAE's TOS are freely available, however, they do not meet the conditions for easy to find. The bottom of Etisalat UAE's webpage has a link to ""Terms & Conditions"" which goes to webpage that contains a ""Terms and Conditions"" policy. The right side of the webpage contains a link to a PDF document, ""Etisalat–General Terms & Conditions (Consumer),"" which is the document that this research reviews. However, this document differs from the web version. For this reason, the company receives partial credit.

Element 2: Etisalat UAE's TOS are available in Arabic and English.

Element 3: The PDF version of Etisalat UAE's TOS contain section headers and a fairly readable font size. It also contains columns with the English and Arabic versions side-by-side, and the paragraphs are fairly short.","This indicator includes a review of the prepaid TOS (Arabic-Source 4; English-Source 7), the postpaid TOS (Arabic-Source 3; English-Source 6) and the smartphone plan TOS (Arabic-Source 5; English-Source 19)

Element 1: The TOS are freely available. However, they are not located on the home page or one click away from the home page. A user has to click, from the top of the home page, ""Personal"" then click, ""Postpaid plans"" or ""Prepaid plans,"" then click on one of the plans, scroll to the bottom, and click on the button for application form. While it makes sense for users to see the TOS when they're considering buying a particular plan, this element seeks for all the company's TOS to be accessible from the home page. For this reason, the company receives partial credit. 

Element 2: The TOS are available in Arabic and English.

Element 3: The TOS contain section headers, numbered paragraphs and bulleted sections for easy reference, but they are written in columns of tiny text, which makes them hard to understand. For this reason, the company receives partial credit. ","This indicator includes a review of the eLife TOS (Arabic-Source 2; English-Source 17).

Element 1: The TOS are freely available. However, they are not located on the home page or one click away from the home page. A user has to click, from the top of the home page, ""Personal"" then click, ""eLife Bundles,"" then click, ""Select"" on one of the plans, then scroll to the bottom and click, ""Click eLife Migration Application Form."" While it makes sense for users to see the TOS when they're considering buying a particular plan, this element seeks for all the company's TOS to be accessible from the home page. For this reason the company receives partial credit. 

Element 2: The TOS are available in Arabic and English.

Element 3: The TOS contain section headers, numbered paragraphs and bulleted sections for easy reference, but they are written in columns of tiny text, which makes them hard to understand. For this reason, the company receives partial credit. ",,,,
"Sources (reference, specific page, section, etc.)",,18,"3, 4, 5, 6, 7, 19",2 and 17,,,,
,,,,,,,,
Points for 1,0,50,50,50,,,,
Points for 2,0,100,100,100,,,,
Points for 3,0,100,50,50,,,,
,,,,,,,,
Level score,0.00,83.33,66.67,66.67,,,,
,,,,,,,,
Indicator score based on level weighting,66.67,,,,,,,
,,,,,,,,
F2,Etisalat (group),Etisalat UAE (operating company),mobile (service),fixed broadband (service),,,,
Consolidated answer for Element 1:,no/insufficient evidence,no/insufficient evidence,no/insufficient evidence,no/insufficient evidence,,,,
Consolidated answer for Element 2:,no/insufficient evidence,partial,no/insufficient evidence,partial,,,,
Consolidated answer for Element 3:,no/insufficient evidence,no/insufficient evidence,no/insufficient evidence,no/insufficient evidence,,,,
Comments (explain score),No evidence found.,"Element 1: Etisalat UAE's TOS (Source 18, Section 25, ""CHANGES BY ETISALAT""), section (c) says, ""Any changes to any part of the Agreement, excluding price changes, shall be published on the Digital Channels and will be binding on the parties from the date on which the change  is published."" Publishing changes online does not constitute direct notification to users, and for this reason, the company receives no credit on this element.

Element 2: Etisalat UAE's TOS section (25a) says, ""Etisalat may make changes to the Service (including withdrawal of the Service) or to any component part of the Agreement at any time during the Term."" Section (25e) says, ""Etisalat will give the Customer 28 days’ notice of increases to its prices; during this period the Customer has an opportunity to cancel the affected Service(s), without penalty before any applicable price increase takes effect."" Since the company provides a timeframe for notice of price changes, but not other types of changes, the company receives partial credit.

Element 3: No evidence found.","The prepaid TOS (Arabic-Source 4; English-Source 7, section 18, ""Amendments""), section (a) states, ""Etisalat reserves the right to change, amend or reproduce these Terms and Conditions as it may deem fit.  Any such change, amendment or reproduction shall immediately be binding on the Customer from the date on which it is published by Etisalat.""

The pospaid TOS (Arabic-Source 3; English-Source 6, section 13), section (a) states, ""Any changes to these terms and conditions, excluding price changes, shall be published on the Website and will be binding on the parties from the date on which the change is issued.""

No evidence found in the smartphone plan TOS (Arabic-Source 5; English-Source 19)

Elements 1-3: The company does not commit to directly notify users about changes, nor does it provide any timeframe for changes. No evidence of an archive or change log found.","Element 1: The eLife TOS (Arabic-Source 2; English-Source 17) section 18 on ""Amendments"" states, ""Etisalat reserves the right to change, amend or reproduce these Terms and Conditions from time to time. Any such change, amendment or reproduction shall immediately be binding on the Subscriber from the date on which they are issued by Etisalat on its website (www.etisalat.ae)."" This does not contain a commitment to notify users about changes, and publishing changes on the website does not constitute direct notification of users.

Element 2: The eLife TOS (Arabic-Source 2; English-Source 17) section 18 on ""Amendments"" states, ""Etisalat reserves the right to amend its charges from time to time, provided that any increase in charges is notified to the Subscriber with a minimum of 28 days’ notice prior to such revision."" Since the company provides a timeframe for notice of price changes, but not other types of changes, the company receives partial credit.

Element 3: No evidence found.",,,,
"Sources (reference, specific page, section, etc.)",,18,"3, 4, 5, 6, 7, 19","2,17",,,,
,,,,,,,,
Points for 1,0,0,0,0,,,,
Points for 2,0,50,0,50,,,,
Points for 3,0,0,0,0,,,,
,,,,,,,,
Level score,0.00,16.67,0.00,16.67,,,,
,,,,,,,,
Indicator score based on level weighting,8.33,,,,,,,
,,,,,,,,
F3,Etisalat (group),Etisalat UAE (operating company),mobile (service),fixed broadband (service),,,,
Consolidated answer for Element 1:,no/insufficient evidence,yes: The company explains what types of content or activities it does not permit.,yes: The company explains what types of content or activities it does not permit.,yes: The company explains what types of content or activities it does not permit.,,,,
Consolidated answer for Element 2:,no/insufficient evidence,yes: The company explains its process for enforcing its rules.,yes: The company explains its process for enforcing its rules.,yes: The company explains its process for enforcing its rules.,,,,
Consolidated answer for Element 3:,no/insufficient evidence,no/insufficient evidence,no/insufficient evidence,no/insufficient evidence,,,,
Comments (explain score),,"Element 1: Etisalat UAE's TOS (Source 18, Section 8, ""CUSTOMER OBLIGATIONS & RESTRICTIONS) explains the types of activities and content Etisalat UAE does not allow including: circulation of content deemed ""abusive, offensive, indecent, defamatory, obscene or menacing"" (paragraph ii) or the use of (‘VoIP’) services provided by unlicensed providers (paragraph e). 

Element 2: Etisalat UAE's TOS section 8(f) states that engaging in prohibited activities listed from 8(a) to 8(e) ""may lead to the Service being suspended / disconnected or terminated in accordance with Clause 19"". In Clause 19 the company explains its process for suspending, disconnecting or terminating a service. 

Element 3: The company does not give examples to help its customers understand what the rules are. For instance Etisalat UAE's TOS section 8(ii), the company bans content ""liable to incite racial or religious disharmony or hatred"" but does not give examples to explain what may constitute ""racial or religious disharmony""","Element 1: Under its ToS for prepaid mobile services (Sources 4 and 7, Section 8, ""Suspension, Disconnection and Termination of the Service by Etisalat""), Etisalat prohibits the following activities: 1) reselling or trading in telecommunications services without the appropriate license or the approval of Etisalat; 2) using profane language or fraudulently or maliciously using the telecommunications system in a manner prohibited by law; 3) committing any breach of these Terms and Conditions, in the opinion of Etisalat; or 4) breaching any law or the regulatory framework in the UAE. 

The ToS for postpaid mobile services (Sources 3 and 6, Section 6, ""Legitimate Use of the Service"") have a list of prohibited activities such as: 1) violating the laws of the UAE, to further a criminal purpose, or infringe the rights including intellectual property rights of Etisalat or any third party and 2) circulation of material deemed contrary to, public morality, abusive, offensive, indecent, defamatory, obscene or menacing, or in breach, of any intellectual property rights, confidence privacy or any other rights or which is liable to incite racial disharmony or hatred, or which comprises a virus or other code liable to cause loss or damage.

Element 2: In its ToS for prepaid mobile services (Sources 4 and 7, section 8), Etisalat 'reserves the right to suspend, disconnect or terminate one or more services provided to the Customer'. The company commits to notify the Customer prior to suspending, disconnecting or terminating the Service. In its TOS for postpaid mobile services (Sources 3 and 6, Section 6), Etisalat says that engaging in prohibited activities will also prompt the company to suspend or terminate the service, and/or 'take any further action in accordance with the law'. Given the lack of explanation about what such further actions may be, the company receives partial credit.

Element 3: The company does not provide examples.","Element 1: The eLife TOS (Arabic-Source 2; English-Source 17) section 14a on ""Disconnection,  Termination and claiming compensation by Etisalat,"" states users may not, ""use Etisalat’s telecommunications system in a manner which is contrary to public morals, the religious values, social or moral welfare of the UAE, or is prohibited by law.  For example Subscribers must not use Etisalat’s telecommunications network to bully, intimidate or harass others, use profane language, carry out malicious or fraudulent activities or infringe third party rights or privacy; (v)unreasonably monopolise local line facilities; or (vi) in the opinion of Etisalat, commit any breach of these Terms and Conditions."" 

Element 2: The eLife TOS section 14a state that if users engage in any of the behaviors listed in Element 1, ""Etisalat reserves the right to claim compensation and/or suspend or terminate at any time one or more  services rendered to the Subscriber, whether rendered under one or more contracts...""

Element 3: No evidence found.",,,,
"Sources (reference, specific page, section, etc.)",,18,"3, 4, 6, 7",2 and 17,,,,
,,,,,,,,
Points for 1,0,100,100,100,,,,
Points for 2,0,100,100,100,,,,
Points for 3,0,0,0,0,,,,
,,,,,,,,
Level score,0.00,66.67,66.67,66.67,,,,
,,,,,,,,
Indicator score based on level weighting,66.67,,,,,,,
,,,,,,,,
F4,Etisalat (group),Etisalat UAE (operating company),mobile (service),fixed broadband (service),,,,
Consolidated answer for Element 1:,no/insufficient evidence,yes: The company explains the reason(s) why it may restrict a user’s account.  ,yes: The company explains the reason(s) why it may restrict a user’s account.  ,yes: The company explains the reason(s) why it may restrict a user’s account.  ,,,,
Consolidated answer for Element 2:,no/insufficient evidence,no/insufficient evidence,no/insufficient evidence,yes: The company explains why it may shut down or restrict service to a particular area or group of users (where applicable). ,,,,
Consolidated answer for Element 3:,no/insufficient evidence,no/insufficient evidence,no/insufficient evidence,no/insufficient evidence,,,,
Comments (explain score),No evidence found.,"Element 1: Etisalat UAE's TOS (Source 18, Section 8, Section 19) explain why the company may terminate a user's contract or suspend and disconnect a service (non-payment, breaching the agreement, engaging in banned activities listed in clause 8, suspected fraudulent activity...). 

Element 2: Etisalat UAE's TOS, Section 14 on ""planned and unplanned outages"" states, ""Etisalat may carry out maintenance or testing of its network from time to time"" (paragraph b). Paragraph (c) speaks about unplanned outages ""which may cause disruption to the Service"", but does not specify what these unplanned outages could be. Section 22 speaks about force majeure factors under which the company is ""not liable for any failure or delay in fulfilling its obligations in relation to the Service"". These factors  include ""riots, war or military operations, acts of Government or state, civil disturbance"", which may suggest that the service could be restricted or shut down during protests. The company does not clarify what are ""acts of government and state,"" suggesting that the company will comply with any government decision to shut down the network. This statement is too vague to receive credit.

Element 3: No evidence found.","Element 1: Etisalat's ToS for prepaid mobile services (Sources 4 and 7, Section 8) and TOS for postpaid mobile services (Sources 3 and 6, Section 6) state that Etisalat reserves the right to suspend, disconnect or terminate one or more services provided to a specific customer for a number of reasons including:  
1) use profane language or fraudulent or malicious use of the telecommunications system in a manner prohibited by law; 
2) violation of the Terms and Conditions 
3) violation of the laws of the UAE, to further a criminal purpose, or infringe the rights including intellectual property rights of Etisalat
or any third party and 
4) circulation of material deemed contrary to, public morality, abusive, offensive, indecent, defamatory, obscene or menacing, or in breach, of any intellectual property rights, confidence privacy or any other rights or which is liable to incite racial disharmony or hatred, or which comprises a virus or other code liable to cause loss or damage. 

Element 2: No evidence found.

Element 3: No evidence found.","Element 1: The eLife TOS (Arabic-Source 2; English-Source 17) section 14a on ""Disconnection,  Termination and claiming compensation by Etisalat,"" provides a list of reasons why it may restrict a user's account.

Element 2: The eLife TOS section 14c states, ""Notwithstanding the above, Etisalat may suspend, disconnect or terminate the use of one or more services, with or without notice and without exposing itself to any liability, at any time, in the event that Etisalat is required to do so under any applicable laws or regulations, or under any other regulatory requirements, or upon request by Government or regulatory or security or other competent authorities.""

Element 3: No evidence found.",,,,
"Sources (reference, specific page, section, etc.)",,18,"3, 4, 6, 7",2 and 17,,,,
,,,,,,,,
Points for 1,0,100,100,100,,,,
Points for 2,0,0,0,100,,,,
Points for 3,0,0,0,0,,,,
,,,,,,,,
Level score,0.00,33.33,33.33,66.67,,,,
,,,,,,,,
Indicator score based on level weighting,50.00,,,,,,,
,,,,,,,,
F5,Etisalat (group),Etisalat UAE (operating company),mobile (service),fixed broadband (service),,,,
Consolidated answer for Element 1:,N/A,N/A,N/A,N/A,,,,
Consolidated answer for Element 2:,no/insufficient evidence,no/insufficient evidence,no/insufficient evidence,no/insufficient evidence,,,,
Consolidated answer for Element 3:,no/insufficient evidence,no/insufficient evidence,no/insufficient evidence,no/insufficient evidence,,,,
Consolidated answer for Element 4:,no/insufficient evidence,partial,partial,partial,,,,
Comments (explain score),"Element 1: This element is N/A for telecommunications companies.

Element 2-4: No evidence found.","Element 1: This element is N/A for telecommunications companies.

Elements 2-3: No evidence found.

Element 4: Etisalat UAE's TOS (Source 18, Section 19) provides contradictory information. On one hand, paragraph (a) states, ""Subject to applicable laws and regulations Etisalat may suspend / disconnect or terminate immediately the use of part or all of the Service and/or the Agreement, with or without notice"". On the other hand, paragraph (d) states, ""Etisalat may, when it deems it necessary and appropriate to do so and where there is no fault by the Customer, terminate all or part of the Service and/or the Agreement. In this event, Etisalat will give the Customer reasonable notice prior to such termination and no early termination Charges will be applied. Additionally, paragraph (e) states, ""Etisalat will notify the Customer and (if applicable) give them the opportunity to rectify the situation prior to any suspension /disconnection or termination of the Service."" Given that the company only commits to notify users about service termination in certain situations, the company receives partial credit.","Element 1: This element is N/A for telecommunications companies.

Elements 2-3: No evidence found.

Element 4: Etisalat's ToS for prepaid mobile services (Sources 4 and 7, Section 8) states, ""Etisalat will notify the Customer prior to suspending, disconnecting or terminating the Service. The details of the suspension, disconnection and termination process are available on Etisalat’s website."" However, the ToS for postpaid mobile services (Sources 3 and 6, Section 7) states, ""Etisalat may also suspend or terminate the agreement if it is required to do so under any applicable laws or regulations; or upon request by Government or regulatory or security or other competent authorities; or is required by necessity of an emergency situation; or due to the Customer taking any steps to enter any form of insolvency; or due to unusual usage or fraudulent activity occurring on the Customer account; or for any other reason upon providing the Customer 30 days’ notice in writing."" While the prepaid ToS does commit to notify users, the postpaid ToS specifies situations in which the company may not notify users. For this reason, the company receives partial credit.","Element 1: This element is N/A for telecommunications companies.

Elements 2-3: No evidence found.

Element 4: The eLife TOS (Arabic-Source 2; English-Source 17) section 14 on ""Disconnection,  Termination and claiming compensation by Etisalat,"" does not commit to notify users when it restricts account access due to any of the reasons listed in 14a. Section 14b states that the company will provide 30 days notice if it ""terminate[s] one or more services for any other reason."" Given that the ToS specifies situations in which the company may not notify users, the company receives partial credit.",,,,
"Sources (reference, specific page, section, etc.)",,18,"3, 4, 6, 7","2,17",,,,
,,,,,,,,
Points for 1,N/A,N/A,N/A,N/A,,,,
Points for 2,0,0,0,0,,,,
Points for 3,0,0,0,0,,,,
Points for 4,0,50,50,50,,,,
,,,,,,,,
Level score,0.00,16.67,16.67,16.67,,,,
,,,,,,,,
Indicator score based on level weighting,16.67,,,,,,,
,,,,,,,,
F6,Etisalat (group),Etisalat UAE (operating company),mobile (service),fixed broadband (service),,,,
Consolidated answer for Element 1,no/insufficient evidence,no/insufficient evidence,no/insufficient evidence,no/insufficient evidence,,,,
Consolidated answer for Element 2,no/insufficient evidence,no/insufficient evidence,no/insufficient evidence,no/insufficient evidence,,,,
Consolidated answer for Element 3,no/insufficient evidence,no/insufficient evidence,no/insufficient evidence,no/insufficient evidence,,,,
Consolidated answer for Element 4,no/insufficient evidence,no/insufficient evidence,no/insufficient evidence,no/insufficient evidence,,,,
Consolidated answer for Element 5,no/insufficient evidence,no/insufficient evidence,no/insufficient evidence,no/insufficient evidence,,,,
Consolidated answer for Element 6,no/insufficient evidence,no/insufficient evidence,no/insufficient evidence,no/insufficient evidence,,,,
Consolidated answer for Element 7,no/insufficient evidence,no/insufficient evidence,no/insufficient evidence,no/insufficient evidence,,,,
Consolidated answer for Element 8,no/insufficient evidence,no/insufficient evidence,no/insufficient evidence,no/insufficient evidence,,,,
Comments (explain score),No evidence found.,No evidence found.,No evidence found.,"Elements 1-2: No evidence found.

Element 3: Etisalat users can request the filtering of content by filling out a form (Source 14). According to Etisalat's webpage on ""Blocking and Unblocking Internet Content"" (Source 15) states, a "" Customer Service representative will look at your requests and will take necessary action as per the UAE's Internet Access Management Policy or take it up with concerned authorities for their review and decision if there is a need."" The company does not explain what types of content could be blocked and how such requests are reviewed. For this reason, the company receives no credit on this element.

Elements 4-8: No evidence found.",,,,
"Sources (reference, specific page, section, etc.)",,,,"14, 15",,,,
,,,,,,,,
Points for 1,0,0,0,0,,,,
Points for 2,0,0,0,0,,,,
Points for 3,0,0,0,0,,,,
Points for 4,0,0,0,0,,,,
Points for 5,0,0,0,0,,,,
Points for 6,0,0,0,0,,,,
Points for 7,0,0,0,0,,,,
Points for 8,0,0,0,0,,,,
,,,,,,,,
Level score,0.00,0.00,0.00,0.00,,,,
,,,,,,,,
Indicator score based on level weighting,0.00,,,,,,,
,,,,,,,,
F7,Etisalat (group),Etisalat UAE (operating company),mobile (service),fixed broadband (service),,,,
Consolidated answer for Element 1,no/insufficient evidence,no/insufficient evidence,no/insufficient evidence,no/insufficient evidence,,,,
Consolidated answer for Element 2,no/insufficient evidence,no/insufficient evidence,no/insufficient evidence,no/insufficient evidence,,,,
Consolidated answer for Element 3,no/insufficient evidence,no/insufficient evidence,no/insufficient evidence,no/insufficient evidence,,,,
Consolidated answer for Element 4,no/insufficient evidence,no/insufficient evidence,no/insufficient evidence,no/insufficient evidence,,,,
Consolidated answer for Element 5,no/insufficient evidence,no/insufficient evidence,no/insufficient evidence,no/insufficient evidence,,,,
Consolidated answer for Element 6,no/insufficient evidence,no/insufficient evidence,no/insufficient evidence,no/insufficient evidence,,,,
Consolidated answer for Element 7,no/insufficient evidence,no/insufficient evidence,no/insufficient evidence,no/insufficient evidence,,,,
Consolidated answer for Element 8,no/insufficient evidence,no/insufficient evidence,no/insufficient evidence,no/insufficient evidence,,,,
Consolidated answer for Element 9,no/insufficient evidence,no/insufficient evidence,no/insufficient evidence,no/insufficient evidence,,,,
Comments (explain score),No evidence found.,No evidence found.,No evidence found.,No evidence found.,,,,
"Sources (reference, specific page, section, etc.)",,,,,,,,
,,,,,,,,
Points for 1,0,0,0,0,,,,
Points for 2,0,0,0,0,,,,
Points for 3,0,0,0,0,,,,
Points for 4,0,0,0,0,,,,
Points for 5,0,0,0,0,,,,
Points for 6,0,0,0,0,,,,
Points for 7,0,0,0,0,,,,
Points for 8,0,0,0,0,,,,
Points for 9,0,0,0,0,,,,
,,,,,,,,
Level score,0.00,0.00,0.00,0.00,,,,
,,,,,,,,
Indicator score based on level weighting,0.00,,,,,,,
,,,,,,,,
F8,Etisalat (group),Etisalat UAE (operating company),mobile (service),fixed broadband (service),,,,
Consolidated answer for Element 1,no/insufficient evidence,no/insufficient evidence,no/insufficient evidence,no/insufficient evidence,,,,
Consolidated answer for Element 2,no/insufficient evidence,no/insufficient evidence,no/insufficient evidence,no/insufficient evidence,,,,
Consolidated answer for Element 3,no/insufficient evidence,no/insufficient evidence,no/insufficient evidence,no/insufficient evidence,,,,
Consolidated answer for Element 4,no/insufficient evidence,no/insufficient evidence,no/insufficient evidence,no/insufficient evidence,,,,
Consolidated answer for Element 5,no/insufficient evidence,no/insufficient evidence,no/insufficient evidence,no/insufficient evidence,,,,
Consolidated answer for Element 6,no/insufficient evidence,no/insufficient evidence,no/insufficient evidence,no/insufficient evidence,,,,
Consolidated answer for Element 7,no/insufficient evidence,no/insufficient evidence,no/insufficient evidence,no/insufficient evidence,,,,
Consolidated answer for Element 8,no/insufficient evidence,no/insufficient evidence,no/insufficient evidence,no/insufficient evidence,,,,
Consolidated answer for Element 9,no/insufficient evidence,no/insufficient evidence,no/insufficient evidence,no/insufficient evidence,,,,
Comments (explain score),No evidence found.,No evidence found.,No evidence found.,No evidence found.,,,,
"Sources (reference, specific page, section, etc.)",,,,,,,,
,,,,,,,,
Points for 1,0,0,0,0,,,,
Points for 2,0,0,0,0,,,,
Points for 3,0,0,0,0,,,,
Points for 4,0,0,0,0,,,,
Points for 5,0,0,0,0,,,,
Points for 6,0,0,0,0,,,,
Points for 7,0,0,0,0,,,,
Points for 8,0,0,0,0,,,,
Points for 9,0,0,0,0,,,,
,,,,,,,,
Level score,0.00,0.00,0.00,0.00,,,,
,,,,,,,,
Indicator score based on level weighting,0.00,,,,,,,
,,,,,,,,
F9,Etisalat (group),Etisalat UAE (operating company),mobile (service),fixed broadband (service),,,,
Consolidated answer for Element 1,no/insufficient evidence,no/insufficient evidence,no/insufficient evidence,no/insufficient evidence,,,,
Consolidated answer for Element 2,no/insufficient evidence,no/insufficient evidence,no/insufficient evidence,no/insufficient evidence,,,,
Consolidated answer for Element 3,no/insufficient evidence,no/insufficient evidence,no/insufficient evidence,no/insufficient evidence,,,,
Consolidated answer for Element 4,no/insufficient evidence,no/insufficient evidence,no/insufficient evidence,no/insufficient evidence,,,,
Consolidated answer for Element 5,no/insufficient evidence,no/insufficient evidence,no/insufficient evidence,no/insufficient evidence,,,,
Consolidated answer for Element 6,no/insufficient evidence,no/insufficient evidence,no/insufficient evidence,no/insufficient evidence,,,,
Comments (explain score),No evidence found.,No evidence found.,No evidence found.,No evidence found.,,,,
"Sources (reference, specific page, section, etc.)",,,,,,,,
,,,,,,,,
Points for 1,0,0,0,0,,,,
Points for 2,0,0,0,0,,,,
Points for 3,0,0,0,0,,,,
Points for 4,0,0,0,0,,,,
Points for 5,0,0,0,0,,,,
Points for 6,0,0,0,0,,,,
,,,,,,,,
Level score,0.00,0.00,0.00,0.00,,,,
,,,,,,,,
Indicator score based on level weighting,0.00,,,,,,,
,,,,,,,,
F10,Etisalat (group),Etisalat UAE (operating company),mobile (service),fixed broadband (service),,,,
Consolidated answer,The company does not disclose information about prioritizing or degrading the delivery of content.,The company does not disclose information about prioritizing or degrading the delivery of content.,The company does not disclose information about prioritizing or degrading the delivery of content.,The company does not disclose information about prioritizing or degrading the delivery of content.,,,,
Comments (explain score),No evidence found.,No evidence found.,No evidence found.,No evidence found.,,,,
"Sources (reference, specific page, section, etc.)",,,,,,,,
,,,,,,,,
Points,0,0,0,0,,,,
,,,,,,,,
Level score,0.00,0.00,0.00,0.00,,,,
,,,,,,,,
Indicator score based on level weighting,0.00,,,,,,,
,,,,,,,,
F11,Etisalat (group),Etisalat UAE (operating company),mobile (service),fixed broadband (service),,,,
This indicator is N/A for telecommunications companies,,,,,,,,
,,,,,,,,
,,,,,,,,
,,,,,,,,
Points,N/A,N/A,N/A,N/A,,,,
,,,,,,,,
Level score,N/A,N/A,N/A,N/A,,,,
,,,,,,,,
Indicator score based on level weighting,N/A,,,,,,,
,,,,,,,,
P1,Etisalat (group),Etisalat UAE (operating company),mobile (service),fixed broadband (service),,,,
Consolidated answer for Element 1:,no/insufficient evidence,yes: Free: The company’s privacy policies are freely available and easy to find without needing to sign up or subscribe.,partial,yes: Free: The company’s privacy policies are freely available and easy to find without needing to sign up or subscribe.,,,,
Consolidated answer for Element 2:,no/insufficient evidence,yes: Language: The privacy policies are available in the language(s) most commonly spoken by the company’s users. ,yes: Language: The privacy policies are available in the language(s) most commonly spoken by the company’s users. ,yes: Language: The privacy policies are available in the language(s) most commonly spoken by the company’s users. ,,,,
Consolidated answer for Element 3:,no/insufficient evidence,yes: Easy-to-understand: The policies are presented in an understandable manner.,partial,yes: Easy-to-understand: The policies are presented in an understandable manner.,,,,
Comments (explain score),"Etisalat's group website has a privacy policy that pertains only to use of the Etisalat website. Since it does not pertain to Etisalat's services, it is not included in this research.","Etisalat's Privacy Policy (Arabic-Source 8; English-Source 9, paragraph 3) states, ""By subscribing to any of our services or by accessing any of our sites, you acknowledge and agree that this Privacy Policy applies to all services offered by us and to all of our sites, but excludes services and sites that have separate privacy policies that do not incorporate this Privacy Policy.""

Element 1: The policy is freely available and easy to find. The Etisalat UAE website footer has a link labeled ""Privacy Policy.""

Element 2: The policy is available in Arabic and English.

Element 3: The privacy policy features headers, bulleted lists, and short paragraphs, and is spaced for easy reading.","The prepaid TOS (Arabic-Source 4; English-Source 7, section 16d) says, ""Etisalat’s Privacy Policy applies in relation to the collection, storage and use of Customer information. The Privacy Policy is available on Etisalat’s website."" However, the postpaid TOS (Arabic-Source 3; English-Source 6) does not mention Etisalat's privacy policy, and it is unclear whether the privacy policy applies to postpaid users. 

Element 1: The policy is freely available and easy to find. The Etisalat UAE website footer has a link labeled ""Privacy Policy."" However due to lack of clarity about whether the policy applies to postpaid users, the company receives partial credit.

Element 2: The policy is available in Arabic and English.

Element 3: The privacy policy (Sources 8, 9) features headers, bulleted lists, and short paragraphs, and is spaced for easy reading. However, the postpaid TOS (Sources 3, 6) contain columns of tiny text that make the document difficult to read. For this reason, the company receives partial credit.","The eLife TOS (Arabic-Source 2, section 20 ج; English-Source 17, section 20c) says, ""Etisalat’s Privacy Policy applies to these Terms and Conditions. Where there is any discrepancy between these Terms and Conditions and the Privacy Policy, the Privacy Policy shall prevail. A copy of the Privacy Policy is available on Etisalat’s website.""

Element 1: The Etisalat privacy policy (Arabic-Source 8; English-Source 9) is freely available and easy to find. The Etisalat UAE website footer has a link labeled ""Privacy Policy.""

Element 2: The policy is available in Arabic and English.

Element 3: The privacy policy features headers, bulleted lists, and short paragraphs, and is spaced for easy reading.",,,,
"Sources (reference, specific page, section, etc.)",16,"8,9","3, 4, 6, 7, 8, 9","2, 17, 8, 9",,,,
,,,,,,,,
Points for 1,0,100,50,100,,,,
Points for 2,0,100,100,100,,,,
Points for 3,0,100,50,100,,,,
,,,,,,,,
Level score,0.00,100.00,66.67,100.00,,,,
,,,,,,,,
Indicator score based on level weighting,83.33,,,,,,,
,,,,,,,,
P2,Etisalat (group),Etisalat UAE (operating company),mobile (service),fixed broadband (service),,,,
Consolidated answer for Element 1:,no/insufficient evidence,no/insufficient evidence,no/insufficient evidence,no/insufficient evidence,,,,
Consolidated answer for Element 2:,no/insufficient evidence,no/insufficient evidence,no/insufficient evidence,no/insufficient evidence,,,,
Consolidated answer for Element 3:,no/insufficient evidence,no/insufficient evidence,no/insufficient evidence,no/insufficient evidence,,,,
Comments (explain score),"Etisalat's group website has a privacy policy that pertains only to use of the Etisalat website. Since it does not pertain to Etisalat's services, it is not included in this research.","Etisalat's Privacy Policy (Arabic-Source 8; English-Source 9) section on ""Changes to our Privacy Policy"" says, ""Any changes we make to our Privacy Policy in the future will be posted on our websites (including our main website, www.etisalat.ae) and shall be effective from that date. Please check our websites regularly to see  any changes to our Privacy Policy. By continuing to use our services you acknowledge and agree to those changes."" 

Element 1: Posting changes on the website does not constitute directly notifying users, so the company receives no credit here.

Element 2: The company does not commit to provide direct, and any changes it posts on the policy are effective immediately. Consequently, the company receives no credit here. 

Element 3: The privacy policy does include the date it was last updated, but there is no evidence of an archive or change log.","This includes a review of Etisalat's Privacy Policy and the postpaid TOS, since it is unclear whether the privacy policy applies to the postpaid service. 

Etisalat's Privacy Policy (Arabic-Source 8; English-Source 9) section on ""Changes to our Privacy Policy"" says, ""Any changes we make to our Privacy Policy in the future will be posted on our websites (including our main website, www.etisalat.ae) and shall be effective from that date. Please check our websites regularly to see  any changes to our Privacy Policy. By continuing to use our services you acknowledge and agree to those changes.""  

The postpaid TOS (Arabic-Source 3; English-Source 6, section 13a) on ""Changes"" says, ""Any changes to these terms and conditions, excluding price changes, shall be published on the Website and will be binding on the parties from the date on which the change is issued."" 

Element 1: Posting changes on the website does not constitute directly notifying users, so the company receives no credit here.

Element 2: The company does not commit to provide direct, and any changes it posts are effective immediately. Consequently, the company receives no credit here. 

Element 3: The privacy policy does include the date it was last updated, but there is no evidence of an archive or change log for either the privacy policy or the postpaid TOS.","This includes a review of Etisalat's Privacy Policy, since the eLife TOS specifies that the policy covers this service. 

Etisalat's Privacy Policy (Arabic-Source 8; English-Source 9) section on ""Changes to our Privacy Policy"" says, ""Any changes we make to our Privacy Policy in the future will be posted on our websites (including our main website, www.etisalat.ae) and shall be effective from that date. Please check our websites regularly to see  any changes to our Privacy Policy. By continuing to use our services you acknowledge and agree to those changes."" 

Element 1: Posting changes on the website does not constitute directly notifying users, so the company receives no credit here.

Element 2: The company does not commit to provide direct, and any changes it posts on the policy are effective immediately. Consequently, the company receives no credit here. 

Element 3: The privacy policy does include the date it was last updated, but there is no evidence of an archive or change log.",,,,
"Sources (reference, specific page, section, etc.)",16,"8,9","3, 6, 8, 9","8,9",,,,
,,,,,,,,
Points for 1,0,0,0,0,,,,
Points for 2,0,0,0,0,,,,
Points for 3,0,0,0,0,,,,
,,,,,,,,
Level score,0.00,0.00,0.00,0.00,,,,
,,,,,,,,
Indicator score based on level weighting,0.00,,,,,,,
,,,,,,,,
P3,Etisalat (group),Etisalat UAE (operating company),mobile (service),fixed broadband (service),,,,
Element A satisfied?,no/insufficient evidence,no/insufficient evidence,no/insufficient evidence,no/insufficient evidence,,,,
"If ""yes"" on Element A --> skip all B elements.
If ""no"" on Element A --> continue with B:",,,,,,,,
Element B.1 satisfied?,no/insufficient evidence,no/insufficient evidence,no/insufficient evidence,no/insufficient evidence,,,,
Element B.2 satisfied?,no/insufficient evidence,partial,partial,partial,,,,
Element B.3 satisfied?,no/insufficient evidence,partial,partial,partial,,,,
Element B.4 satisfied?,no/insufficient evidence,yes: The company clearly discloses why it collects user information.,partial,yes: The company clearly discloses why it collects user information.,,,,
Comments (explain score),No evidence found.,"Element A: No evidence found.

Element B1: No evidence found.

Element B2: Etisalat's privacy policy provides a description of the personal information the company collects from subscribers. The description includes information the user might voluntarily provide (such as name, address, or banking information) as well as metadata (such as usage details, location data, roaming info, IP address, websites visited) that would be collected automatically via the customers use of the service. The company's policy also states it will collect ""any other information we need to provide a particular service"", which is overly vague and suggests the company may collect other types of data that are not specified in the policy. For this reason, the company receives partial credit. 

Element B3: Etisalat's privacy policy's (Arabic-Source 8; English-Source 9) does explain how it collects some user information through cookies, but it does not specify how it obtains other types of user information. For this reason, the company receives partial credit.

Element B4: The privacy policy's English version (Source 9) section on ""How we use your personal information"" provides a bulleted list of the reasons why it collects user information.","This includes a review of Etisalat's Privacy Policy and the postpaid TOS, since it is unclear whether the privacy policy applies to the postpaid service. 

Element A: No evidence found.

Element B1: No evidence found.

Element B2: Etisalat's privacy policy provides a description of the personal information the company collects from subscribers. The description includes information the user might voluntarily provide (such as name, address, or banking information) as well as metadata (such as usage details, location data, roaming info, IP address, websites visited) that would be collected automatically via the customers use of the service. The company's policy also states it will collect ""any other information we need to provide a particular service"", which is overly vague and suggests the company may collect other types of data that are not specified in the policy. In addition, the postpaid TOS does not explain what user information the company collects (Sources 3, 6). For these reasons, the company receives partial credit. 

Element B3: Etisalat's privacy policy's (Arabic-Source 8; English-Source 9) does explain how it collects some user information through cookies, but it does not specify how it obtains other types of user information. The postpaid TOS (Arabic-Source 3; English-Source 6, section 11a) states, ""The Customer will provide all such information and assistance as Etisalat may require in order to perform its obligations under these terms and conditions."" However, since the postpaid TOS does not reference the privacy policy, it is unclear whether this statement applies to the user information listed in the privacy policy. For this reason, the company receives partial credit. 

Element B4: The privacy policy's section on ""How we use your personal information"" provides a bulleted list of the reasons why it collects user information. However, no evidence found in the postpaid TOS. For this reason, the company receives partial credit.","This includes a review of Etisalat's Privacy Policy, since the eLife TOS specify that the policy covers this service. 

Element A: No evidence found.

Element B1: No evidence found.

Element B2: Etisalat's privacy policy provides a description of the personal information the company collects from subscribers. The description includes information the user might voluntarily provide (such as name, address, or banking information) as well as metadata (such as usage details, location data, roaming info, IP address, websites visited) that would be collected automatically via the customers use of the service. The company's policy also states it will collect ""any other information we need to provide a particular service"", which is overly vague and suggests the company may collect other types of data that are not specified in the policy. For this reason, the company receives partial credit. 

Element B3: Etisalat's privacy policy's (Arabic-Source 8; English-Source 9) does explain how it collects some user information through cookies, but it does not specify how it obtains other types of user information. For this reason, the company receives partial credit.

Element B4: The privacy policy's English version (Source 9) section on ""How we use your personal information"" provides a bulleted list of the reasons why it collects user information.",,,,
"Sources (reference, specific page, section, etc.)",,"8,9","3, 6, 8, 9","8,9",,,,
,,,,,,,,
Points for A,0,0,0,0,,,,
Points for B.1,0,0,0,0,,,,
Points for B.2,0,50,50,50,,,,
Points for B.3,0,50,50,50,,,,
Points for B.4,0,100,50,100,,,,
,,,,,,,,
Level score,0.00,40.00,30.00,40.00,,,,
,,,,,,,,
Indicator score based on level weighting,35.00,,,,,,,
,,,,,,,,
P4,Etisalat (group),Etisalat UAE (operating company),mobile (service),fixed broadband (service),,,,
Element A satisfied?,no/insufficient evidence,no/insufficient evidence,no/insufficient evidence,no/insufficient evidence,,,,
"If ""yes"" on Element A --> skip all B elements.
If ""no"" on Element A --> continue with B:",,,,,,,,
Element B.1 satisfied?,no/insufficient evidence,no/insufficient evidence,no/insufficient evidence,no/insufficient evidence,,,,
Element B.2 satisfied?,no/insufficient evidence,yes: The company clearly discloses why it shares user information.,yes: The company clearly discloses why it shares user information.,yes: The company clearly discloses why it shares user information.,,,,
Element B.3 satisfied?,no/insufficient evidence,partial,partial,partial,,,,
Element B.4 satisfied?,no/insufficient evidence,no/insufficient evidence,no/insufficient evidence,no/insufficient evidence,,,,
Element B.5 satisfied?,no/insufficient evidence,partial,partial,partial,,,,
Comments (explain score),No evidence found.,"Element A: No evidence found.

Element B1: Etisalat's privacy policy (Arabic-Source 8; English-Source 9) section on ""Sharing and disclosing your personal information"" says that it shares ""your personal information."" The policy appears to characterize all the information it collects as personal information, suggesting that it may share any of the information it collects. However, it does not clearly state what user information it shares. In addition, the company states it may share ""aggregated and/or anonymized (non-personally identifiable) information, derived from your personal information,"" but it does not explain how it anonymizes personal information or provide examples of what type of information this includes.

Element B2: Etisalat's privacy policy section on ""Sharing and disclosing your personal information"" says it may share personal information to provide services, ""to comply with any legal obligation or to protect the rights, property, or safety of Etisalat, our customers or others,"" for ""fraud protection and credit risk reduction,"" ""for emergency services,"" ""to comply with the laws of the UAE or the express instructions of a competent authority (such as the Telecommunications Regulatory Authority) or where it is deemed necessary in the interests of public or national security.""

Element B3: Etisalat's privacy policy section on Sharing and disclosing your personal information"" says it may share personal information with ""subsidiaries and affiliated companies and trusted third parties (including agents, subcontractors and suppliers who are integral to providing some of our services."" It also says that it may share personal information with ""reputable credit reporting agencies,"" and ""partners such as publishers, advertisers, website owners etc."" It also acknowledges that it may share information with government authorities. Given the lack of detail in defining agents, subcontractors, suppliers, and website owners, the company receives partial credit.

Element B4: No evidence found.

Element B5: Etisalat's privacy policy section on Sharing and disclosing your personal information"" says it may share personal information with subsidiaries, however it does not explain how. For this reason, the company receives partial credit.","This includes a review of Etisalat's Privacy Policy and the postpaid TOS, since it is unclear whether the privacy policy applies to the postpaid service. 

Element A: No evidence found.

Element B1: Etisalat's privacy policy (Arabic-Source 8; English-Source 9) section on ""Sharing and disclosing your personal information"" says that it shares ""your personal information."" The policy appears to characterize all the information it collects as personal information, suggesting that it may share any of the information it collects. However, it does not clearly state what user information it shares. In addition, the company states it may share ""aggregated and/or anonymized (non-personally identifiable) information, derived from your personal information,"" but it does not explain how it anonymizes personal information or provide examples of what type of information this includes. In addition, the postpaid TOS (Sources 3, 6) does not specify what user information the company shares with third parties.

Element B2: Etisalat's privacy policy (Sources 8, 9) section on ""Sharing and disclosing your personal information"" says it may share personal information to provide services, ""to comply with any legal obligation or to protect the rights, property, or safety of Etisalat, our customers or others,"" for ""fraud protection and credit risk reduction,"" ""for emergency services,"" ""to comply with the laws of the UAE or the express instructions of a competent authority (such as the Telecommunications Regulatory Authority) or where it is deemed necessary in the interests of public or national security."" The postpaid TOS (Arabic-Source 3; English-Source 6, section 11.d and 11.e) mentions that the company shares user information with third parties ""for the purpose of credit checking, security, fraud prevention or identity verification purposes,"" and that it may ""be required to disclose their personal information or legally intercept the Services to comply with the laws of the UAE, the express instructions of a competent authority or in the interests of public or national security."" 

Element B3: Etisalat's privacy policy (Sources 8, 9) section on Sharing and disclosing your personal information"" says it may share personal information with ""subsidiaries and affiliated companies and trusted third parties (including agents, subcontractors and suppliers who are integral to providing some of our services."" It also says that it may share personal information with ""reputable credit reporting agencies,"" and ""partners such as publishers, advertisers, website owners etc."" It also acknowledges that it may share information with government authorities. In addition, the postpaid TOS (Sources 3,6) do not provide information on what third parties the company shares user information with. Given the lack of detail in defining agents, subcontractors, suppliers, and website owners and lack of information in the postpaid TOS, the company receives partial credit. 

Element B4: No evidence found.

Element B5: Etisalat's privacy policy section on Sharing and disclosing your personal information"" says it may share personal information with subsidiaries, however it does not explain how. For this reason, the company receives partial credit.","Element A: No evidence found.

Element B1: Etisalat's privacy policy (Arabic-Source 8; English-Source 9) section on ""Sharing and disclosing your personal information"" says that it shares ""your personal information."" The policy appears to characterize all the information it collects as personal information, suggesting that it may share any of the information it collects. However, it does not clearly state what user information it shares. In addition, the company states it may share ""aggregated and/or anonymized (non-personally identifiable) information, derived from your personal information,"" but it does not explain how it anonymizes personal information or provide examples of what type of information this includes.

Element B2: Etisalat's privacy policy section on ""Sharing and disclosing your personal information"" says it may share personal information to provide services, ""to comply with any legal obligation or to protect the rights, property, or safety of Etisalat, our customers or others,"" for ""fraud protection and credit risk reduction,"" ""for emergency services,"" ""to comply with the laws of the UAE or the express instructions of a competent authority (such as the Telecommunications Regulatory Authority) or where it is deemed necessary in the interests of public or national security.""

Element B3: Etisalat's privacy policy section on Sharing and disclosing your personal information"" says it may share personal information with ""subsidiaries and affiliated companies and trusted third parties (including agents, subcontractors and suppliers who are integral to providing some of our services."" It also says that it may share personal information with ""reputable credit reporting agencies,"" and ""partners such as publishers, advertisers, website owners etc."" It also acknowledges that it may share information with government authorities. Given the lack of detail in defining agents, subcontractors, suppliers, and website owners, the company receives partial credit.

Element B4: No evidence found.

Element B5: Etisalat's privacy policy section on Sharing and disclosing your personal information"" says it may share personal information with subsidiaries, however it does not explain how. For this reason, the company receives partial credit.",,,,
"Sources (reference, specific page, section, etc.)",,"8,9","3, 6, 8, 9","8,9",,,,
,,,,,,,,
Points for A,0,0,0,0,,,,
Points for B.1,0,0,0,0,,,,
Points for B.2,0,100,100,100,,,,
Points for B.3,0,50,50,50,,,,
Points for B.4,0,0,0,0,,,,
Points for B.5,0,50,50,50,,,,
,,,,,,,,
Level score,0.00,32.00,32.00,32.00,,,,
,,,,,,,,
Indicator score based on level weighting,32.00,,,,,,,
,,,,,,,,
P5,Etisalat (group),Etisalat UAE (operating company),mobile (service),fixed broadband (service),,,,
Consolidated answer for Element 1:,no/insufficient evidence,no/insufficient evidence,no/insufficient evidence,no/insufficient evidence,,,,
Consolidated answer for Element 2:,no/insufficient evidence,no/insufficient evidence,no/insufficient evidence,no/insufficient evidence,,,,
Comments (explain score),No evidence found.,"Etisalat's privacy policy (Arabic-Source 8; English-Source 9) section on ""Direct Marketing"" says users may unsubscribe from marketing offers, but this is not an option to control Etisalat's collection or sharing of user information.","This includes a review of Etisalat's Privacy Policy and the postpaid TOS, since it is unclear whether the privacy policy applies to the postpaid service. 

Etisalat's privacy policy (Arabic-Source 8; English-Source 9) section on ""Direct Marketing"" says users may unsubscribe from marketing offers, but this is not an option to control Etisalat's collection or sharing of user information. 

The postpaid TOS (Arabic-Source 3; English-Source 6, section 11.d) says, ""Etisalat will not share personal information of the Customer with any of its associated entities or other third parties not involved in the provision of the Services without the consent of the Customer. The Customer gives Etisalat the right to disclose the personal information of the Customer to third parties for the purpose of credit checking, security, fraud prevention or identity verification purposes."" However it is unclear how the user can provide or rescind consent. For this reason, the company receives no credit for both elements.","This includes a review of Etisalat's Privacy Policy, since the eLife TOS specify that the policy covers this service. 

Etisalat's privacy policy (Arabic-Source 8; English-Source 9) section on ""Direct Marketing"" says users may unsubscribe from marketing offers, but this is not an option to control Etisalat's collection or sharing of user information. ",,,,
"Sources (reference, specific page, section, etc.)",,"8,9","3, 6, 8, 9","8,9",,,,
,,,,,,,,
Points for 1,0,0,0,0,,,,
Points for 2,0,0,0,0,,,,
,,,,,,,,
Level score,0.00,0.00,0.00,0.00,,,,
,,,,,,,,
Indicator score based on level weighting,0.00,,,,,,,
,,,,,,,,
P6,Etisalat (group),Etisalat UAE (operating company),mobile (service),fixed broadband (service),,,,
Consolidated answer for Element 1:,no/insufficient evidence,yes: The company allows users to view their data.,partial,yes: The company allows users to view their data.,,,,
Consolidated answer for Element 2:,no/insufficient evidence,no/insufficient evidence,no/insufficient evidence,no/insufficient evidence,,,,
Consolidated answer for Element 3:,no/insufficient evidence,no/insufficient evidence,no/insufficient evidence,no/insufficient evidence,,,,
Consolidated answer for Element 4:,no/insufficient evidence,no/insufficient evidence,no/insufficient evidence,no/insufficient evidence,,,,
Comments (explain score),No evidence found.,"Element 1: Etisalat's privacy policy (Arabic-Source 8; English-Source 9) section on ""How long we retain your personal information for"" states, ""If you want to access any of your personal information you may contact us by mail or email. Upon verifying your details, we will, free of charge, disclose the relevant personal information we hold."" The privacy policy provides a relatively broad description of personal information that covers, for instance, name, billing info, service use, and location data. This disclosure suggests that a user could request access to all of this information.

Element 2-4: No evidence found.","This includes a review of Etisalat's Privacy Policy and the postpaid TOS, since it is unclear whether the privacy policy applies to the postpaid service. 

Element 1: Etisalat's privacy policy (Arabic-Source 8; English-Source 9) section on ""How long we retain your personal information for"" states, ""If you want to access any of your personal information you may contact us by mail or email. Upon verifying your details, we will, free of charge, disclose the relevant personal information we hold."" The privacy policy provides a relatively broad description of personal information that covers, for instance, name, billing info, service use, and location data. This disclosure suggests that a user could request access to all of this information. However, the postpaid TOS (Sources 3, 6) does not contain a similar disclosure. For this reason, the company receives partial credit.

Element 2-4: No evidence found.","This includes a review of Etisalat's Privacy Policy, since the eLife TOS specify that the policy covers this service. 

Element 1: Etisalat's privacy policy (Arabic-Source 8; English-Source 9) section on ""How long we retain your personal information for"" states, ""If you want to access any of your personal information you may contact us by mail or email. Upon verifying your details, we will, free of charge, disclose the relevant personal information we hold."" The privacy policy provides a relatively broad description of personal information that covers, for instance, name, billing info, service use, and location data. This disclosure suggests that a user could request access to all of this information. 

Element 2-4: No evidence found.",,,,
"Sources (reference, specific page, section, etc.)",,"8,9","3, 6, 8, 9","8,9",,,,
,,,,,,,,
Points for 1,0,100,50,100,,,,
Points for 2,0,0,0,0,,,,
Points for 3,0,0,0,0,,,,
Points for 4,0,0,0,0,,,,
,,,,,,,,
Level score,0.00,25.00,12.50,25.00,,,,
,,,,,,,,
Indicator score based on level weighting,18.75,,,,,,,
,,,,,,,,
P7,Etisalat (group),Etisalat UAE (operating company),mobile (service),fixed broadband (service),,,,
Element A satisfied?,no/insufficient evidence,no/insufficient evidence,no/insufficient evidence,no/insufficient evidence,,,,
"If ""yes"" on Element A --> skip all B elements.
If ""no"" on Element A --> continue with B:",,,,,,,,
Element B.1 satisfied?,no/insufficient evidence,no/insufficient evidence,no/insufficient evidence,no/insufficient evidence,,,,
Element B.2 satisfied?,no/insufficient evidence,no/insufficient evidence,no/insufficient evidence,no/insufficient evidence,,,,
Element B.3 satisfied?,no/insufficient evidence,no/insufficient evidence,no/insufficient evidence,no/insufficient evidence,,,,
Element B.4 satisfied?,no/insufficient evidence,no/insufficient evidence,no/insufficient evidence,no/insufficient evidence,,,,
Comments (explain score),No evidence found.,"Etisalat's privacy policy (Arabic-Source 8; English-Source 9) section on ""How long we retain your personal information for"" states, ""Some of the personal information which you give to Etisalat when subscribing for a service or product will be retained for a reasonable period after termination of the subscription. The periods for which we keep your information depend on the purpose for which your information was collected and the use to which it is put. We will not keep your personal information for longer than is necessary for our business purposes or for legal requirements."" This provides no further details on the retention period, what information is retained, etc. ","This includes a review of Etisalat's Privacy Policy and the postpaid TOS, since it is unclear whether the privacy policy applies to the postpaid service. 

Etisalat's privacy policy (Arabic-Source 8; English-Source 9) section on ""How long we retain your personal information for"" states, ""Some of the personal information which you give to Etisalat when subscribing for a service or product will be retained for a reasonable period after termination of the subscription. The periods for which we keep your information depend on the purpose for which your information was collected and the use to which it is put. We will not keep your personal information for longer than is necessary for our business purposes or for legal requirements."" This provides no further details on the retention period, what information is retained, etc. No evidence found in the postpaid TOS (Arabic-Source 3; English-Source).","This includes a review of Etisalat's Privacy Policy, since the eLife TOS specify that the policy covers this service. 

Etisalat's privacy policy (Arabic-Source 8; English-Source 9) section on ""How long we retain your personal information for"" states, ""Some of the personal information which you give to Etisalat when subscribing for a service or product will be retained for a reasonable period after termination of the subscription. The periods for which we keep your information depend on the purpose for which your information was collected and the use to which it is put. We will not keep your personal information for longer than is necessary for our business purposes or for legal requirements."" This provides no further details on the retention period, what information is retained, etc. ",,,,
"Sources (reference, specific page, section, etc.)",,"8,9","3, 6, 8, 9","8,9",,,,
,,,,,,,,
Points for A,0,0,0,0,,,,
Points for B.1,0,0,0,0,,,,
Points for B.2,0,0,0,0,,,,
Points for B.3,0,0,0,0,,,,
Points for B.4,0,0,0,0,,,,
,,,,,,,,
Level score,0.00,0.00,0.00,0.00,,,,
,,,,,,,,
Indicator score based on level weighting,0.00,,,,,,,
,,,,,,,,
P8,Etisalat (group),Etisalat UAE (operating company),mobile (service),fixed broadband (service),,,,
This indicator is N/A for telecommunications companies,,,,,,,,
,,,,,,,,
,,,,,,,,
,,,,,,,,
,,,,,,,,
,,,,,,,,
,,,,,,,,
,,,,,,,,
,,,,,,,,
Points for A,N/A,N/A,N/A,N/A,,,,
Points for B.1,N/A,N/A,N/A,N/A,,,,
Points for B.2,N/A,N/A,N/A,N/A,,,,
Points for B.3,N/A,N/A,N/A,N/A,,,,
Points for B.4,N/A,N/A,N/A,N/A,,,,
,,,,,,,,
Level score,N/A,N/A,N/A,N/A,,,,
,,,,,,,,
Indicator score based on level weighting,N/A,,,,,,,
,,,,,,,,
P9,Etisalat (group),Etisalat UAE (operating company),mobile (service),fixed broadband (service),,,,
Consolidated answer for Element 1,no/insufficient evidence,no/insufficient evidence,no/insufficient evidence,no/insufficient evidence,,,,
Consolidated answer for Element 2,no/insufficient evidence,no/insufficient evidence,no/insufficient evidence,no/insufficient evidence,,,,
Consolidated answer for Element 3,no/insufficient evidence,no/insufficient evidence,no/insufficient evidence,no/insufficient evidence,,,,
Consolidated answer for Element 4,no/insufficient evidence,no/insufficient evidence,no/insufficient evidence,no/insufficient evidence,,,,
Consolidated answer for Element 5,no/insufficient evidence,no/insufficient evidence,no/insufficient evidence,no/insufficient evidence,,,,
Consolidated answer for Element 6,no/insufficient evidence,no/insufficient evidence,no/insufficient evidence,no/insufficient evidence,,,,
Consolidated answer for Element 7,no/insufficient evidence,no/insufficient evidence,no/insufficient evidence,no/insufficient evidence,,,,
Consolidated answer for Element 8,no/insufficient evidence,no/insufficient evidence,no/insufficient evidence,no/insufficient evidence,,,,
Comments (explain score),No evidence found.,No evidence found.,No evidence found.,No evidence found.,,,,
"Sources (reference, specific page, section, etc.)",,,,,,,,
,,,,,,,,
Points for 1,0,0,0,0,,,,
Points for 2,0,0,0,0,,,,
Points for 3,0,0,0,0,,,,
Points for 4,0,0,0,0,,,,
Points for 5,0,0,0,0,,,,
Points for 6,0,0,0,0,,,,
Points for 7,0,0,0,0,,,,
Points for 8,0,0,0,0,,,,
,,,,,,,,
Level score,0.00,0.00,0.00,0.00,,,,
,,,,,,,,
Indicator score based on level weighting,0.00,,,,,,,
,,,,,,,,
P10,Etisalat (group),Etisalat UAE (operating company),mobile (service),fixed broadband (service),,,,
Consolidated answer for Element 1:,no/insufficient evidence,no/insufficient evidence,no/insufficient evidence,no/insufficient evidence,,,,
Consolidated answer for Element 2:,no/insufficient evidence,no/insufficient evidence,no/insufficient evidence,no/insufficient evidence,,,,
Consolidated answer for Element 3:,no/insufficient evidence,no/insufficient evidence,no/insufficient evidence,no/insufficient evidence,,,,
Comments (explain score),No evidence found.,No evidence found.,No evidence found.,No evidence found.,,,,
"Sources (reference, specific page, section, etc.)",,,,,,,,
,,,,,,,,
Points for 1,0,0,0,0,,,,
Points for 2,0,0,0,0,,,,
Points for 3,0,0,0,0,,,,
,,,,,,,,
Level score,0.00,0.00,0.00,0.00,,,,
,,,,,,,,
Indicator score based on level weighting,0.00,,,,,,,
,,,,,,,,
P11,Etisalat (group),Etisalat UAE (operating company),mobile (service),fixed broadband (service),,,,
Consolidated answer for Element 1,no/insufficient evidence,no/insufficient evidence,no/insufficient evidence,no/insufficient evidence,,,,
Consolidated answer for Element 2,no/insufficient evidence,no/insufficient evidence,no/insufficient evidence,no/insufficient evidence,,,,
Consolidated answer for Element 3,no/insufficient evidence,no/insufficient evidence,no/insufficient evidence,no/insufficient evidence,,,,
Consolidated answer for Element 4,no/insufficient evidence,no/insufficient evidence,no/insufficient evidence,no/insufficient evidence,,,,
Consolidated answer for Element 5,no/insufficient evidence,no/insufficient evidence,no/insufficient evidence,no/insufficient evidence,,,,
Consolidated answer for Element 6,no/insufficient evidence,no/insufficient evidence,no/insufficient evidence,no/insufficient evidence,,,,
Consolidated answer for Element 7,no/insufficient evidence,no/insufficient evidence,no/insufficient evidence,no/insufficient evidence,,,,
Consolidated answer for Element 8,no/insufficient evidence,no/insufficient evidence,no/insufficient evidence,no/insufficient evidence,,,,
Consolidated answer for Element 9,no/insufficient evidence,no/insufficient evidence,no/insufficient evidence,no/insufficient evidence,,,,
Consolidated answer for Element 10,no/insufficient evidence,no/insufficient evidence,no/insufficient evidence,no/insufficient evidence,,,,
Comments (explain score),No evidence found.,No evidence found.,No evidence found.,No evidence found.,,,,
"Sources (reference, specific page, section, etc.)",,,,,,,,
,,,,,,,,
Points for 1,0,0,0,0,,,,
Points for 2,0,0,0,0,,,,
Points for 3,0,0,0,0,,,,
Points for 4,0,0,0,0,,,,
Points for 5,0,0,0,0,,,,
Points for 6,0,0,0,0,,,,
Points for 7,0,0,0,0,,,,
Points for 8,0,0,0,0,,,,
Points for 9,0,0,0,0,,,,
Points for 10,0,0,0,0,,,,
,,,,,,,,
Level score,0.00,0.00,0.00,0.00,,,,
,,,,,,,,
Indicator score based on level weighting,0.00,,,,,,,
,,,,,,,,
P12,Etisalat (group),Etisalat UAE (operating company),mobile (service),fixed broadband (service),,,,
Consolidated answer for Element 1,no/insufficient evidence,no/insufficient evidence,no/insufficient evidence,no/insufficient evidence,,,,
Consolidated answer for Element 2,no/insufficient evidence,no/insufficient evidence,no/insufficient evidence,no/insufficient evidence,,,,
Consolidated answer for Element 3,no/insufficient evidence,no/insufficient evidence,no/insufficient evidence,no/insufficient evidence,,,,
Consolidated answer for Element 4,no/insufficient evidence,no/insufficient evidence,no/insufficient evidence,no/insufficient evidence,,,,
Consolidated answer for Element 5,N/A,N/A,N/A,N/A,,,,
Consolidated answer for Element 6,N/A,N/A,N/A,N/A,,,,
Comments (explain score),"Elements 1-4: No evidence found.

Elements 5-6: These elements are N/A for telecommunications companies.","Elements 1: Etisalat's privacy policy (Sources 8 and 9) states, ""We will always take reasonable and appropriate measures to prevent the unauthorized use or disclosure of your personal information."" The policy's section on ""Security and protection of your personal information"" states, ""We do our best to protect your personal details and other information about your account and use security measures to prevent any compromise of your personal information, including storing your account details and personal information on secure servers."" However, this disclosure is insufficient to receive credit for a commitment to continuous improvement with regards to security practices.

Elements 2-4: No evidence found.

Elements 5-6: These elements are N/A for telecommunications companies. ","Elements 1: Etisalat's privacy policy (Sources 8 and 9) states, ""We will always take reasonable and appropriate measures to prevent the unauthorized use or disclosure of your personal information."" The policy's section on ""Security and protection of your personal information"" states, ""We do our best to protect your personal details and other information about your account and use security measures to prevent any compromise of your personal information, including storing your account details and personal information on secure servers."" However, this disclosure is insufficient to receive credit for a commitment to continuous improvement with regards to security practices.

Elements 2-4: No evidence found.

Elements 5-6: These elements are N/A for telecommunications companies. ","Elements 1: Etisalat's privacy policy (Sources 8 and 9) states, ""We will always take reasonable and appropriate measures to prevent the unauthorized use or disclosure of your personal information."" The policy's section on ""Security and protection of your personal information"" states, ""We do our best to protect your personal details and other information about your account and use security measures to prevent any compromise of your personal information, including storing your account details and personal information on secure servers."" However, this disclosure is insufficient to receive credit for a commitment to continuous improvement with regards to security practices.

Elements 2-4: No evidence found.

Elements 5-6: These elements are N/A for telecommunications companies. ",,,,
"Sources (reference, specific page, section, etc.)",,"8,9","8,9","8,9",,,,
,,,,,,,,
Points for 1,0,0,0,0,,,,
Points for 2,0,0,0,0,,,,
Points for 3,0,0,0,0,,,,
Points for 4,0,0,0,0,,,,
Points for 5,N/A,N/A,N/A,N/A,,,,
Points for 6,N/A,N/A,N/A,N/A,,,,
,,,,,,,,
Level score,0.00,0.00,0.00,0.00,,,,
,,,,,,,,
Indicator score based on level weighting,0.00,,,,,,,
,,,,,,,,
P13,Etisalat (group),Etisalat UAE (operating company),mobile (service),fixed broadband (service),,,,
This indicator is N/A for telecommunications companies,,,,,,,,
,,,,,,,,
,,,,,,,,
,,,,,,,,
Points,N/A,N/A,N/A,N/A,,,,
,,,,,,,,
Level score,N/A,N/A,N/A,N/A,,,,
,,,,,,,,
Indicator score based on level weighting,N/A,,,,,,,
,,,,,,,,
P14,Etisalat (group),Etisalat UAE (operating company),mobile (service),fixed broadband (service),,,,
Consolidated answer for Element 1:,N/A,N/A,N/A,N/A,,,,
Consolidated answer for Element 2:,no/insufficient evidence,no/insufficient evidence,no/insufficient evidence,no/insufficient evidence,,,,
Comments (explain score),"Element 1: This element is N/A for telecommunications companies.

Element 2: No evidence found.","Element 1: This element is N/A for telecommunications companies.

Element 2: The company has a page on privacy and security, but this does not provide any tips or materials that could educate users on how to protect themselves. In addition, links provided on the page are not clickable.","Element 1: This element is N/A for telecommunications companies.

Element 2: The company has a page on privacy and security, but this does not provide any tips or materials that could educate users on how to protect themselves. In addition, links provided on the page are not clickable.","Element 1: This element is N/A for telecommunications companies.

Element 2: The company has a page on privacy and security, but this does not provide any tips or materials that could educate users on how to protect themselves. In addition, links provided on the page are not clickable.",,,,
"Sources (reference, specific page, section, etc.)",,12,12,12,,,,
,,,,,,,,
Points for 1,N/A,N/A,N/A,N/A,,,,
Points for 2,0,0,0,0,,,,
,,,,,,,,
Level score,0.00,0.00,0.00,0.00,,,,
,,,,,,,,
Indicator score based on level weighting,0.00,,,,,,,