Source #,Document title,URL,Date of document (if applicable),Date accessed
1,AXIATA Annual Report 2014,http://axiata.listedcompany.com/misc/ar2014.pdf,4/28/2015,6/18/2015
2,AXIATA Sustainability Report 2014,http://axiata.listedcompany.com/misc/sustainability2014.pdf,4/20/2015,6/18/2015
3,AXIATA Annual Report 2013,http://axiata.listedcompany.com/misc/ar2013.pdf,5/6/2014,6/21/2015
4,AXIATA Sustainability Report 2013,http://axiata.listedcompany.com/misc/sustainability2013.pdf,4/17/2014,6/21/2015
5,AXIATA MoM 22nd Annual General Meeting,http://www.axiata.com/media/upload/corporate/Minutes%20of%2022nd%20Annual%20General%20Meeting_5428b50fa8e15.pdf,5/28/2014,6/18/2015
6,AXIATA  whistle blowing policy,http://axiata.com/media/upload/corporate/Whistle_Blowing_Policy.pdf,undated,6/21/2015
7,CELCOM Privacy Notice,https://www.celcom.com.my/personal/policy,undated,6/18/2015
8,CELCOM web usage terms and condition,https://www.celcom.com.my/personal/term-and-conditions-web-usage?pid=1361267448773,undated,6/18/2015
9,celcom - first mobile - celcom rights,https://www.celcom.com.my/personal/plans/first/terms-and-conditions?pid=1361267448773,undated,6/18/2015
10,celcom - first mobile - content,https://www.celcom.com.my/personal/plans/first/terms-and-conditions?pid=1361267448773,undated,6/18/2015
11,celcom - first mobile - governing law,https://www.celcom.com.my/personal/plans/first/terms-and-conditions?pid=1361267448773,undated,6/18/2015
12,celcom - first mobile - personal information,https://www.celcom.com.my/personal/plans/first/terms-and-conditions?pid=1361267448773,undated,6/18/2015
13,celcom - first mobile - suspension termination,https://www.celcom.com.my/personal/plans/first/terms-and-conditions?pid=1361267448773,undated,6/18/2015
14,celcom - first mobile - your responsibility,https://www.celcom.com.my/personal/plans/first/terms-and-conditions?pid=1361267448773,undated,6/18/2015
15,celcom - first mobile - ToC,https://www.celcom.com.my/personal/plans/first/terms-and-conditions?pid=1361267448773,undated,6/21/2015
16,celcom - first mobile - additional obligation,https://www.celcom.com.my/personal/plans/first/terms-and-conditions?pid=1361267448773,undated,6/21/2015
17,celcom - first mobile - notice,https://www.celcom.com.my/personal/plans/first/terms-and-conditions?pid=1361267448773,undated,6/21/2015
18,celcom - alert - fraud call,https://www.celcom.com.my/corporate/important_announcements-3?pid=1360826483347,undated,6/28/2015
19,celcom - alert - netsafe,https://www.celcom.com.my/Web_Center_Sites/PBO/Miscellaneous/NET_SAFE_ENG_FAQs.pdf,undated,6/28/2015
20,celcom - alert - sms scam,https://www.celcom.com.my/corporate/important_announcements_bewareofscams,undated,6/28/2015
21,celcom - first data - fair usage policy,https://www.celcom.com.my/personal/plans/data/fair-usage-policy,undated,6/28/2015
22,Celcom - Important Announcement,https://www.celcom.com.my/corporate/important_announcements,undated,8/20/2015
23,"Axiata, Code of Conduct",http://www.axiata.com/media/upload/corporate/Employees_Code_of_Conduct.pdf,4/30/2011,9/4/2015