Source #,Document title,URL,Date of document (if applicable),Date accessed
1,Mail.ru Group Annual Report 2014 ,https://corp.imgsmail.ru/media/files/mail.rugrouparfy2014.pdf,4/1/2015,6/12/2015
2,Mail.ru Group Corporte Ethics ,https://corp.imgsmail.ru/media/files/kodeks-delovoj-etiki-mail.ru-group-limited.pdf,,6/12/2015
3,Mail.ru Group Security Press Release,https://corp.mail.ru/ru/press/releases/9064 ,,6/12/2015
4,Mail.ru VK Terms of Service_en,http://vk.com/terms,,6/13/2015
5,Mail.ru VK Privacy Policy_en,http://vk.com/privacy,,6/13/2015
6,Mail.ru VK Tech Support page,http://vk.com/dont_panic_42 ,N/A,6/13/2015
7,Mail.ru VK About Company page,http://vk.com/about  ,N/A,6/13/2015
8,Mail.ru Mail&Agent Terms of Service ,https://help.mail.ru/mail-help/UA,,6/15/2015
9,Mail.ru Mail Register Page,https://e.mail.ru/,N/A,6/15/2015
10,Mail.ru Mail Help page,https://help.mail.ru/mail-help,N/A,6/15/2015
11,Mail.ru Mail Tech Support,https://help.mail.ru/mail-support,N/A,6/15/2015
12,Mail ru Mail Settings Security Tips,https://e.mail.ru/settings/security,N/A,6/15/2015
13,Mail.ru Mail How to Restore,https://help.mail.ru/mail-help/faq/restore,N/A,6/15/2015
14,Mail.ru Mail Security Deception,https://help.mail.ru/mail-help/security/deception,N/A,6/15/2015
15,Mail.ru Mail Security, https://e.mail.ru/settings/security,N/A,6/15/2015
16,Mail.ru Mail Security fraud tips,https://help.mail.ru/mail-help/security/fraud,N/A,6/15/2015
17,Mail.ru Mail Security tips,https://help.mail.ru/mail-help/security/internet,N/A,6/15/2015
18,Mail.ru Mail Security Privacy note,https://help.mail.ru/mail-help/security/privacy,N/A,6/15/2015
19,Mai.ru Agent About,https://agent.mail.ru/?partnerid=navi,N/A,6/16/2015
20,Mail.ru Agent Help,https://help.mail.ru/agent-help,N/A,6/16/2015
21,Mail ru Tech Support General,https://help.mail.ru/main-support,N/A,6/16/2015
22,Mail.ru Agent Tech Support,https://help.mail.ru/agent_support/,N/A,6/16/2015
23,Mail.ru Agent Settings Page,https://help.mail.ru/mail-help/settings/agent,N/A,6/16/2015
24,Mail.ru Agent Tech Support page,https://help.mail.ru/agent_support/communication/other/,N/A,6/16/2015
25,Mail.ru Mail How to Delete,https://help.mail.ru/mail-help/registration/delete,N/A,6/15/2015
26,Mail.ru VK To Internet Providers and Operators ,http://vk.com/help.php?page=peering,N/A,6/17/2015
27,Mail.ru VK To Copyright Owners,http://vk.com/dmca,N/A,6/17/2015
28,Mail.ru VK to Developers,http://vk.com/dev,N/A,6/17/2015
29,Mail.ru VK Regulations for Investigating Applications,http://vk.com/help?act=cc_terms,N/A,6/17/2015
30,Mail.ru VK License Agreement,http://vk.com/licence,N/A,6/17/2015
31,Mail.ru VK Advertising Rules,http://vk.com/ads?act=office_help&terms,N/A,6/17/2015
32,Mail.ru VK Team ,http://vk.com/team,N/A,6/17/2015
33,Mail.ru Mail Security question Press release ,https://corp.mail.ru/ru/press/releases/9267/,,6/17/2015
34,Mail.ru Mail Archive messages Press release,https://corp.mail.ru/ru/press/releases/9225/,,6/17/2015
35,Mail.ru Mail Security Press release,https://corp.mail.ru/ru/press/releases/9223/,,6/17/2015
36,Mail.ru Mail.ru for Italian users Press release,https://corp.mail.ru/ru/press/releases/9136/,,6/17/2015
37,Mail.ru Mail & Cloud Press Release,https://corp.mail.ru/ru/press/releases/9067/,,6/17/2015
38,Mail.ru Mail MyCom new service Press Release,https://corp.mail.ru/ru/press/releases/9071/,,6/17/2015
39,Mail.ru Mail Corporate Mail Press Release,https://corp.mail.ru/ru/press/releases/8999/,,6/17/2015
40,Mail.ru Mail Strenthening Mail Security Press Release ,https://corp.mail.ru/ru/press/releases/8983/,,6/17/2015
41,Mail.ru Agent for Android Press Release ,https://corp.mail.ru/ru/press/releases/9245/,,6/17/2015
42,Mail.ru Agent for iOS Press Release ,https://corp.mail.ru/ru/press/releases/9233/,,6/17/2015
43,Mail.ru Corp Business Units_Portal& Mail,https://corp.mail.ru/en/company/portal/,N/A,6/18/2015
44,Mail.ru Corp Business Units Social Networks,https://corp.mail.ru/en/company/social/,N/A,6/18/2015
45,Mail.ru Corp Strategy ,https://corp.mail.ru/en/company/social/,N/A,6/18/2015
46,Mail.ru Corp Social Responsibility ,https://corp.mail.ru/en/company/activity/,N/A,6/18/2015
47,Mail.ru Corp Instant Messenging,https://corp.mail.ru/en/company/messagers/,N/A,6/18/2015
48,Mail.ru Mail Agent Language Press Release,https://help.mail.ru/enmail-help/settings/language,N/A,6/18/2015
49,Mail.ru Mail on Kazakh language Press Release,https://corp.mail.ru/en/press/releases/8673/,,6/18/2015
50,Mail.ru Mail Register New Account,https://e.mail.ru/signup?from=main_mailpromo_reg,,6/18/2015
51,Mail.ru Agent Start Registration ,https://help.mail.ru/agent-help/start/registration,,6/18/2015
52,Mail.ru VK FAQ Support ,http://vk.com/support?act=new,N/A,6/18/2015
53,Mail.ru Agent Start Autorization ,https://help.mail.ru/agent-help/start/authorization,,6/18/2015
54,Mail.ru Corp report on Cybersecurity in the Internet,https://corp.imgsmail.ru/media/files/besopasnostvinternete.pdf,,6/18/2015
55,Mail.ru Mail Encryption Setings ,https://help.mail.ru/mail-help/search?search=st&q=%D0%BD%D0%B0%D1%81%D1%82%D1%80%D0%BE%D0%B9%D0%BA%D0%B8+%D1%88%D0%B8%D1%84%D1%80%D0%BE%D0%B2%D0%B0%D0%BD%D0%B8%D1%8F+&search=,N/A,6/18/2015
56,RAEC Members,http://raec.ru/about/members/#member143,,7/28/2015
57,RAEC on Right to be Forgotten,http://raec.ru/times/detail/4284/,,7/28/2015
58,Mail.ru Bug Bounty Program - HackerOne,https://hackerone.com/mailru,,8/18/2015