Source #,Document title,URL,Date of document (if applicable),Date accessed
1,Tencent Security Report Center,http://kf.qq.com/report/,,6/24/2015
2,Tencent Terms of Service (English),http://www.tencent.com/en-us/zc/termsofservice.shtml,8/1/2014,6/24/2015
3,Tencent Terms of Service (Chinese Traditional),http://www.tencent.com/zh-cn/zc/termsofserviceTraditional.shtml,8/1/2014,6/24/2015
4,Tencent User Service Agreement (Chinese),http://www.qq.com/contract.shtml,,6/24/2015
5,QQ Number Rules(Chinese),http://zc.qq.com/phone/agreement_chs.html,,6/24/2015
6,Privacy Policy (Chinese),http://www.qq.com/privacy.htm,,6/24/2015
7,Privacy Policy (English),http://www.tencent.com/en-us/zc/privacypolicy.shtml,8/1/2014,6/24/2015
8,QQ Software License and Service Agreements (Chinese),http://kiss.3g.qq.com/activeQQ/agreement/index.html,,6/24/2015
9,QQ Security Center,http://aq.qq.com/,,6/24/2015
10,Qzone Term of Service (Chinese),http://qzone.qq.com/web/tk.html,,6/24/2015
11,Qzone User Rules (Chinese),http://qzone.qq.com/web/rule.html,,6/24/2015
12,Acceptable Use Policy (Chinese Traditional),http://www.tencent.com/zh-cn/zc/acceptableusepolicyTraditional.shtml,8/1/2014,6/24/2015
13,Tencent Acceptable Use Policy (English),http://www.tencent.com/en-us/zc/acceptableusepolicy.shtml,8/1/2014,6/24/2015
14,Cookies Policy (Chinese Traditional),http://www.tencent.com/zh-cn/zc/cookiespolicyTraditional.shtml,8/1/2014,6/24/2015
15,Cookies Policy (English),http://www.tencent.com/en-us/zc/cookiespolicy.shtml,8/1/2014,6/24/2015
16,General End User Licence Agreement (Chinese Traditional),http://www.tencent.com/zh-cn/zc/generaleulaTraditional.shtml,8/1/2014,6/24/2015
17,General End User Licence Agreement (English),http://www.tencent.com/en-us/zc/generaleula.shtml,8/1/2014,6/24/2015
18,WeChat Acceptable Use Policy (Traditional Chinese),http://www.wechat.com/zh_TW/acceptable_use_policy.html,1/6/2014,6/24/2015
19,WeChat Acceptable Use Policy (English),http://www.wechat.com/en/acceptable_use_policy.html,1/6/2014,6/24/2015
20,WeChat Cookies Policy (Traditional Chinese),http://www.wechat.com/zh_TW/cookies_policy.html,2/20/2014,6/24/2015
21,WeChat Cookies Policy (English),http://www.wechat.com/en/cookies_policy.html,2/20/2014,6/24/2015
22,WeChat Privacy Policy (Traditional Chinese),http://www.wechat.com/zh_TW/privacy_policy.html,2/20/2014,6/24/2015
23,WeChat Privacy Policy (English),http://www.wechat.com/en/privacy_policy.html,2/20/2014,6/24/2015
24,WeChat Software License And Service Agreement (Simplified Chinese),http://weixin.qq.com/cgi-bin/readtemplate?uin=&stype=&promote=&fr=www.baidu.com&lang=zh_CN&ADTAG=&check=false&nav=faq&t=weixin_agreement&s=default,,6/24/2015
25,WeChat Terms of Service (Traditional Chinese),http://www.wechat.com/zh_TW/service_terms.html,9/4/2014,6/24/2015
26,WeChat Terms Of Service (English),http://www.wechat.com/en/service_terms.html,9/4/2014,6/24/2015
27,Weibo of WeChat Security Center,http://weibo.com/weixinanquan,,6/24/2015
28,WeChat Public Account Infringement Complaint Filing Guide,https://mp.weixin.qq.com/acct/infringement?action=getmanual&t=infringement/manual&type=1&lang=zh_CN&token=891299769,,6/24/2015
29,WeChat Moments Norms,http://view.inews.qq.com/a/TEC2015031501245301,3/15/2015,6/24/2015
30,WeChat Public Account Infringement Complaint Report,https://mp.weixin.qq.com/acct/infringementlogin?action=getkey&lang=zh_CN,,6/24/2015
31,WeChat Public Account Infringement Complaint Mobile Phone Report,https://mp.weixin.qq.com/cgi-bin/announce?action=getannouncement&key=1423487372&version=3&lang=zh_CN,,6/24/2015
32,Pony Ma Statement,http://tech.163.com/12/0911/12/8B4CVHT700094N1G.html ,,7/30/2015
33,Weixin Security Center,http://mp.weixin.qq.com/s?__biz=MzA5MzEzNDg3MQ==&mid=208247548&idx=1&sn=ed8df62b9f02612c530127d1aaf5f0b5#rd,,7/31/2015