,type,Total,Commitment,Freedom of Expression,Privacy
Google,internet company,64.82,77.87,67.74,57.13
Yahoo,internet company,57.62,79.54,52.53,51.86
Microsoft,internet company,56.40,82.04,46.15,52.74
Twitter,internet company,50.14,35.00,57.67,51.25
Kakao,internet company,47.14,39.44,58.75,42.14
Facebook,internet company,41.07,61.85,35.28,36.31
Tencent,internet company,15.92,7.92,18.89,17.24
Mail.Ru,internet company,13.47,2.22,23.33,11.24
Vodafone,telco,53.53,74.63,46.67,48.71
AT&T,telco,49.72,56.90,42.43,52.19
Orange,telco,36.51,73.33,29.17,24.21
America Movil,telco,22.46,10.83,26.67,24.78
MTN,telco,17.77,22.22,20.00,13.69
Bharti Airtel,telco,17.18,12.50,15.83,20.63
Axiata,telco,15.59,0.00,23.33,16.93
Etisalat,telco,14.19,3.33,20.83,14.09