Source #,Document title,URL,Date of document (if applicable),Date accessed
1,Group terms of use,https://www.mtn.com/mtngroup/pages/termsconditions.aspx,,6/15/2015
2,Short subscriber agreement ,https://www.mtn.co.za/support/Documents/ShortSubscriberAgreement_04022015_ExecutionCopy.pdf,4/2/2015,6/15/2015
3,Standard subscriber agreement,https://www.mtn.co.za/support/Documents/MTNSubscriberTermsplainlanguae%20_29%20012015_ExecutionVersion.pdf,6/10/2014,6/15/2015
4,Postpaid terms 1_Contract and Top up Packages,https://www.mtn.co.za/Pages/Website_legal.aspx?termsID=4,,6/16/2015
5,Postpaid terms 2_MTN Anytime 500,https://www.mtn.co.za/Pages/Website_legal.aspx?termsID=4,,6/16/2015
6,Prepaid terms 1_MTN Voice Rush Hour Bundle,https://www.mtn.co.za/Pages/Website_legal.aspx?termsID=4,,6/16/2015
7,Prepaid terms 2_MTN Zone,https://www.mtn.co.za/Pages/Website_legal.aspx?termsID=4,,6/16/2015
8,Product terms 1_MTN Eazi Recharge,https://www.mtn.co.za/Pages/Website_legal.aspx?termsID=4,,6/16/2015
9,Product terms 2_My MTNChoice MTN to MTN Minute Add-on Bundle ,https://www.mtn.co.za/Pages/Website_legal.aspx?termsID=4,,6/16/2015
10,Product terms 3_Smartphone Services Terms and Conditions,https://www.mtn.co.za/Pages/Website_legal.aspx?termsID=4,,6/16/2015
11,Privacy policy,https://www.mtn.co.za/pages/website_legal.aspx?termsID=26,,6/16/2015
12,Fraud education,https://www.mtn.co.za/support/Support_questions_answered/Pages/Overview.aspx?PageName=Report%20fraud,,6/17/2015
13,Protection of Access to Information Act,http://www.dfa.gov.za/department/accessinfo_act.pdf,,6/17/2015
14,Human rights policy,https://www.mtn.com/Sustainability/Documents/Human_Rights_and_ITC_2013.pdf,,6/17/2015
15,Social and ethics report 2012,http://www.mtn-investor.com/mtn_ar2012/gov-social.php,,6/17/2015
16,Social and ethics statement 2013,http://www.mtn-investor.com/mtn_ar2013/ana-social.php,,6/18/2015
17,Corporate governance highlights 2013,http://www.mtn-investor.com/mtn_ar2013/our-corp.php#committees,,6/18/2015
18,Group integrated report 2014,https://www.mtn.com/Investors/FinancialReporting/Documents/INTEGRATEDREPORTS/2014/MtnGroupIntegrated_Report2014.pdf,,6/18/2015
19,The languages of south africa, http://www.southafrica.info/about/people/language.htm#.VYfx9etdLKA,,6/22/2015
20,ICT Human Rights,https://www.mtn.com/Sustainability/SustainableSociety/Pages/Human_Rights_ICT.aspx,,7/14/2015
21,MTN Group Privacy Policy,https://www.mtn.com/MTNGroup/pages/privacy-statement.aspx,,7/17/2015
22,"BDlive, ""MTN faced with human rights dilemma""",http://www.bdlive.co.za/opinion/2013/08/18/mtn-faced-with-human-rights-dilemma,,8/11/2015