Source #,Document title,URL,Date of document (if applicable),Date accessed
1,Terms of Service,https://twitter.com/tos?lang=en,,6/1/2015
2,Twitter Rules,https://support.twitter.com/articles/18311-the-twitter-rules,,6/1/2015
3,Impersonation,https://support.twitter.com/articles/18366,,6/1/2015
4,Parody,https://support.twitter.com/articles/106373,,6/1/2015
5,Trademark,https://support.twitter.com/articles/18367,,6/1/2015
6,Reporting Impersonation,https://support.twitter.com/articles/20170142,,6/1/2015
7,Private Information,https://support.twitter.com/articles/20169991,,6/1/2015
8,Private Information Reporting FAQ,https://support.twitter.com/articles/20169993,,6/1/2015
9,Protecting Private Information,https://support.twitter.com/articles/18368,,6/1/2015
10,Abusive Behavior,https://support.twitter.com/articles/20169997,,6/1/2015
11,Abusive Behavior Reporting,https://support.twitter.com/articles/20169998,,6/1/2015
12,Law Enforcement Guidelines,https://support.twitter.com/articles/41949,,6/1/2015
13,Deactivating Your Account,https://support.twitter.com/articles/15358,,6/1/2015
14,How to Report Violations,https://support.twitter.com/articles/15789,,6/1/2015
15,Copyright and DMCA,https://support.twitter.com/articles/15795,,6/1/2015
16,Fair Use,https://support.twitter.com/articles/20171959-fair-use,,6/1/2015
17,Username Squatting,https://support.twitter.com/articles/18370,,6/1/2015
18,Following Rules,https://support.twitter.com/articles/68916,,6/1/2015
19,Privacy Policy,https://twitter.com/privacy?lang=en,,6/1/2015
20,Other Services,https://support.twitter.com/articles/20172501,,6/1/2015
21,Login Verification,https://support.twitter.com/articles/20170388,,6/1/2015
22,Find Friends,https://support.twitter.com/articles/101002-find-friends-by-uploading-your-contacts,,6/1/2015
23,Direct Messages,https://support.twitter.com/articles/14606-about-direct-messages,,6/1/2015
24,Location FAQ,https://support.twitter.com/articles/78525,,6/1/2015
25,Cookies etc.,https://support.twitter.com/articles/20170514,,6/1/2015
26,Location Withheld Content,https://support.twitter.com/articles/20169222,,6/1/2015
27,The Tweets Must Flow,https://blog.twitter.com/2011/tweets-must-flow,,6/1/2015
28,Changing Your Country Settings,https://support.twitter.com/articles/20169220,,6/1/2015
29,Deleting a Tweet,https://support.twitter.com/articles/20169220,,6/1/2015
30,Website Widget Privacy (Dev Document),https://dev.twitter.com/web/overview/privacy,,6/1/2015
31,Tailored Suggestions,https://support.twitter.com/articles/20169421-about-tailored-suggestions,,6/1/2015
32,DNT,https://support.twitter.com/articles/20169453,,6/1/2015
33,Tailored Ads FAQ,https://support.twitter.com/articles/20170407,,6/1/2015
34,How Tailored Ads Work,https://support.twitter.com/articles/20170451,,6/1/2015
35,Downloading Your Archive,https://support.twitter.com/articles/20170160-downloading-your-twitter-archive,,6/1/2015
36,Why Twitter in Google Search,https://support.twitter.com/articles/15349-why-is-my-twitter-profile-in-google-search,,6/1/2015
37,Families,https://support.twitter.com/articles/470968,,6/1/2015
38,Previous Policies (Index),https://twitter.com/privacy/previous?lang=en,,6/1/2015
39,Transparency Home,https://transparency.twitter.com/,,6/2/2015
40,Transparency Information Requests,https://transparency.twitter.com/information-requests/2015/jan-jun,,8/26/2015
41,Transparency Information Requests - US Detail,https://transparency.twitter.com/country/us,,8/26/2015
42,Transparency Removal Requests,https://transparency.twitter.com/removal-requests/2015/jan-jun,,8/26/2015
43,Transparency Removal Requests - Turkey Detail,https://transparency.twitter.com/country/tr,,8/26/2015
44,Transparency Copyright DMCA,https://transparency.twitter.com/copyright-notices/2015/jan-jun,,8/26/2015
45,Using location services on mobile devices,https://support.twitter.com/articles/118492,,6/2/2015
46,Safety Security Home,https://support.twitter.com/groups/57-safety-security,,6/3/2015
47,Safe Tweeting Basics,https://support.twitter.com/groups/57-safety-security/topics/276-understand-your-settings/articles/76036-safe-tweeting-the-basics,,6/3/2015
48,Control Twitter Experience,https://support.twitter.com/groups/57-safety-security/topics/276-understand-your-settings/articles/20170134-learn-how-to-control-your-twitter-experience,,6/3/2015
49,Email Account Tips,https://support.twitter.com/groups/57-safety-security/topics/276-understand-your-settings/articles/20169996-email-account-tips,,6/3/2015
50,Connecting and Revoking 3P Applications,https://support.twitter.com/groups/57-safety-security/topics/276-understand-your-settings/articles/76052-connecting-or-revoking-third-party-applications,,6/3/2015
51,Forward Secrecy Encryption,https://blog.twitter.com/2013/forward-secrecy-at-twitter,,6/3/2015
52,Bug Bounty,https://about.twitter.com/company/security,,6/3/2015
53,Keeping Your Twitter Account Safe,https://blog.twitter.com/2014/keeping-your-twitter-account-safe,,6/3/2015
54,Vine TOS,https://vine.co/terms,,6/3/2015
55,Vine Rules,https://vine.co/rules,,6/3/2015
56,Vine Graphic Content,https://support.twitter.com/articles/20172015,,6/3/2015
57,Vine Privacy Policy,https://vine.co/privacy,,6/4/2015
58,Twitter Previous TOS,https://twitter.com/tos/previous?lang=en,,6/4/2015
59,Vine Messages,http://blog.vine.co/post/81606025464/vine-messages,,6/4/2015
60,Terms of Service,https://twitter.com/tos?lang=en,,6/8/2015
61,Privacy Policy,https://twitter.com/privacy?lang=en,,8/6/2015
62,How to Report Private Information Posted on Twitter,https://support.twitter.com/groups/56-policies-violations/topics/238-report-a-violation/articles/20169993-how-to-report-private-information-posted-on-twitter,,8/6/2015
63,Reporting exposed private information,https://support.twitter.com/forms/private_information,,8/6/2015
64,Private information posted on Twitter,https://support.twitter.com/articles/20169991,,8/6/2015
65,How to report violations,https://support.twitter.com/articles/15789-how-to-report-violations,,8/6/2015
66,Media Policy,https://support.twitter.com/articles/20169199,,8/6/2015
67,Flagging media violations in Tweets,https://support.twitter.com/articles/20069937,,8/6/2015
68,The Twitter Rules,https://support.twitter.com/entries/18311,,8/6/2015
69,Trust and Safety,https://about.twitter.com/careers/teams/trust-and-safety,,8/6/2015
70,Trust and Safety 2,"https://about.twitter.com/careers/positions?jvi=omIq0fwe,Job",,8/6/2015
71,Code of Business Conduct & Ethics,http://files.shareholder.com/downloads/AMDA-2F526X/252015478x0x716670/8F74BBE5-FDC9-4233-8F25-0DF30343455F/Twitter_Code_of_Business_Conduct_Ethics.pdf,,8/6/2015
72,FTC - PIA,https://www.ftc.gov/system/files/attachments/privacy-impact-assessments/140717twitterpia.pdf,,8/6/2015
73,Participants Global Network Initiative,http://globalnetworkinitiative.org/participants/index.php?qt-gni_participants=1#qt-gni_participants,,8/6/2015
74,Telco-Industry-Dialogue-Annual-Report-2015,https://www.telecomindustrydialogue.org/wp-content/uploads/Telco-Industry-Dialogue-Annual-Report-2015.pdf,,8/6/2015
75,Twitter for good,https://about.twitter.com/company/twitter-for-good,,8/6/2015
76,Del Harvey - Protecting privacy at Twitter TED,https://www.ted.com/watch/ted-institute/ted-bcg/del-harvey-protecting-privacy-at-twitter,,8/6/2015
77,Form 10-K FY 2014,http://files.shareholder.com/downloads/AMDA-2F526X/252015478x0x821792/AB7B5D27-2CEB-468B-9C9B-469676E3186A/876564_Twitter_Annual_Report.pdf,,8/6/2015
78,About suspended accounts,https://support.twitter.com/articles/15790-about-suspended-accounts,,8/6/2015
79,2014 Annual Report,http://www.viewproxy.com/twitter/2015/1/index.html,,7/10/2015
80,Tweets still must flow,https://blog.twitter.com/2012/tweets-still-must-flow,,7/10/2015
81,Twitter will defend its users,http://tech.firstpost.com/news-analysis/twitter-will-defend-its-users-voices-says-ceo-dick-costolo-260416.html,,7/10/2015
82,Costolo Transcript,http://www.brookings.edu/~/media/events/2013/6/26-twitter-ceo-costolo/20130626_social_media_twitter_costolo_transcript.pdf,,7/10/2015
83,Reform Government Surveillance,https://www.reformgovernmentsurveillance.com,,7/10/2015
84,EFF Who has your back,https://www.eff.org/node/81897,,7/10/2015
85,Del Harvey,https://www.linkedin.com/in/delharvey,,7/13/2015
86,I’m seeing a message that my account is locked,https://support.twitter.com/articles/20171312,,8/11/2015
87,Form to appeal an account suspension or locked account.,https://support.twitter.com/forms/general?subtopic=suspended,,8/11/2015
88,Greater privacy for your Twitter emails with TLS,https://blog.twitter.com/2014/greater-privacy-for-your-twitter-emails-with-tls,,8/13/2015
89,HackerOne Twitter Bug Bounty Info,https://hackerone.com/twitter,,8/18/2015
90,Copyright and DMCA Removals Data,"data:application/octet-stream;charset=utf-8,X.1%2CX.2%0A2015%3A%20Jan%201%20-%20Jun%2030%2C18490%0A2014%3A%20Jul%201%20-%20Dec%2031%2C16648%0A2014%3A%20Jan%201%20-%20Jun%2030%2C9199%0A2013%3A%20Jul%201%20-%20Dec%2031%2C6680%0A2013%3A%20Jan%201%20-%20Jun%2030%2C5753%0A2012%3A%20Jul%201%20-%20Dec%2031%2C3268%0A2012%3A%20Jan%201%20-%20Jun%2030%2C3378",,8/27/2015
91,Law Enforcement Form for Content Removal,https://support.twitter.com/forms/lawenforcement,,8/27/2015
92,Vijaya Gadde Washington Post Op-ed,https://www.washingtonpost.com/posteverything/wp/2015/04/16/twitter-executive-heres-how-were-trying-to-stop-abuse-while-preserving-free-speech/,,9/9/2015
93,Vijaya Gadde blog post ,https://blog.twitter.com/2014/victory-for-free-expression-in-turkish-court,,9/9/2015
94,Vijaya Gadde tweet 1,https://twitter.com/vijaya/status/564818147463553024,,9/9/2015
95,Vijaya Gadde tweet 2,https://twitter.com/vijaya/status/588774065982218242,,9/9/2015
96,NYT on MacGillivray and Gadde,http://bits.blogs.nytimes.com/2013/08/30/twitter-general-counsel-leaves-as-company-prepares-to-go-public/?_r=0,,9/9/2015
97,Vijaya Gadde tweet 3,https://twitter.com/vijaya/status/373487359305592833,,9/9/2015
98,ToS and Privacy update announcement,https://support.twitter.com/articles/20172527,,9/10/2015
99,Twitter NSA Court Challenge,https://blog.twitter.com/2014/taking-the-fight-for-transparency-to-court,,9/10/2015
100,We Hear You,https://blog.twitter.com/en-gb/2013/we-hear-you,,9/18/2015
101,"Designing Platforms for Digital Rights? a Fireside Chat with Google, Facebook, and Twitter",https://youtu.be/BkoefnQk8hQ,,9/18/2015
102,Rightscon Silicon Valley Conference Program,https://www.rightscon.org/_files/RightsCon%20Web%20Program.pdf,,9/18/2015
103,Platform of Possibilities,https://oslofreedomforum.com/talks/platform-of-possibilities,,9/18/2015
104,Country Withheld Content,https://support.twitter.com/articles/20169222,,9/20/2015
105,Measuring brand impact and your privacy controls,https://support.twitter.com/articles/20170410#,,9/30/2015
106,Vine embedded posts,http://blog.vine.co/post/55514921892/embed-vine-posts,,9/30/2015
107,"Accessing your Twitter data
",https://support.twitter.com/articles/20172679,,10/2/2015
V1,Contact support about the Vine app,https://support.twitter.com/forms/vine,,6/8/2015
V2,FAQs about Vine,https://support.twitter.com/articles/20170317,,6/8/2015
V3,Vine Privacy Policy ,https://vine.co/privacy,,6/8/2015
V4,Vine Rules,https://vine.co/rules,,6/8/2015
V5,Terms of Service,https://vine.co/terms,,6/8/2015
V6,Vine Help Center,http://help.vine.co/CommonFAQs,,8/20/2015
V7,Vine Sensitive Media FAQ ,http://help.vine.co/sensitivemediafaq,,8/27/2015
V8,Vine Explicit Sexual Policy FAQ ,http://help.vine.co/escfaq,,8/27/2015