,,,,,,
C1,Axiata (group) - Freedom of Expression,Axiata (group) - Privacy,Celcom (operating company) - Freedom of Expression,Celcom (operating company) - Privacy,,
Consolidated answer A,no,no,no,no,,
Consolidated answer B,no/insufficient evidence: company representatives have not made related statements in a prominent venue.,no/insufficient evidence: company representatives have not made related statements in a prominent venue.,no/insufficient evidence: company representatives have not made related statements in a prominent venue.,no/insufficient evidence: company representatives have not made related statements in a prominent venue.,,
Comments (explain score),No evidence found.,"Element 1: No evidence found.

Element 2: While some company documents contain statements that allude to a commitment to privacy, none of these statements meet the requirements for credit on this indicator. For instance, the President’s statement at the 22nd AGM that ""Axiata is committed to upholding strictly the provisions of the Personal Data Protection Act (PDPA) 2010”, is merely an indication that the company complies with a statutory law that implicates data privacy. This does not constitute a meaningful commitment to privacy outside of the provisions of that law.",No evidence found.,"Element 1: No evidence found.

Element 2: While some company documents contain statements that allude to a commitment to privacy, none of these statements meet the requirements for credit on this indicator. For instance, the President’s statement at the 22nd AGM that ""Axiata is committed to upholding strictly the provisions of the Personal Data Protection Act (PDPA) 2010”, is merely an indication that the company complies with a statutory law that implicates data privacy. This does not constitute a meaningful commitment to privacy outside of the provisions of that law.",,
"Sources (reference, specific page, section, etc.)",,"2,4,5",,"2,4,5",,
,,,,,,
Points for A,0,0,0,0,,
Points for B,0,0,0,0,,
,,,,,,
Level score,0.00,0.00,0.00,0.00,,
,,,,,,
Indicator score based on level weighting,0.00,,,,,
,,,,,,
C2,Axiata (group) - Freedom of Expression,Axiata (group) - Privacy,Celcom (operating company) - Freedom of Expression,Celcom (operating company) - Privacy,mobile (service) - Freedom of Expression,mobile (service) - Privacy
Consolidated answer for Element 1:,no/insufficient evidence,no/insufficient evidence,no/insufficient evidence,no/insufficient evidence,no/insufficient evidence,no/insufficient evidence
Consolidated answer for Element 2:,no/insufficient evidence,no/insufficient evidence,no/insufficient evidence,no/insufficient evidence,no/insufficient evidence,no/insufficient evidence
Consolidated answer for Element 3:,no/insufficient evidence,no/insufficient evidence,no/insufficient evidence,no/insufficient evidence,no/insufficient evidence,no/insufficient evidence
Comments (explain score),No evidence found.,No evidence found.,No evidence found.,No evidence found.,No evidence found.,No evidence found.
"Sources (reference, specific page, section, etc.)",,,,,,
,,,,,,
Points for 1,0,0,0,0,0,0
Points for 2,0,0,0,0,0,0
Points for 3,0,0,0,0,0,0
,,,,,,
Level score,0.00,0.00,0.00,0.00,0.00,0.00
,,,,,,
Indicator score based on level weighting,0.00,,,,,
,,,,,,
C3,Axiata (group) - Freedom of Expression,Axiata (group) - Privacy,Celcom (operating company) - Freedom of Expression,Celcom (operating company) - Privacy,mobile (service) - Freedom of Expression,mobile (service) - Privacy
Consolidated answer for Element 1:,no/insufficient evidence,no/insufficient evidence,no/insufficient evidence,no/insufficient evidence,no/insufficient evidence,no/insufficient evidence
Consolidated answer for Element 2:,no/insufficient evidence,no/insufficient evidence,no/insufficient evidence,no/insufficient evidence,no/insufficient evidence,no/insufficient evidence
Comments (explain score),"Element 1: No evidence found.

Element 2: The company discloses that it has a whistleblowing policy and states, ""Axiata’s employees may confidently and anonymously voice their grievances and raise their concerns of any unlawful or unethical situation or any suspected violation of the Code of Conduct in accordance with the Whistle-Blowing Policy administered by the GCIA and overseen by the BAC.” (Source 1, p. 43) The company elaborates on its whistleblowing policy in a separate document (Source 6). The company adds that each operating company has its own grievance procedures and whistle-blowing policy (Source 2, p. 43). However, it is unclear whether this whistleblower policy includes concerns related to freedom of expression or privacy.","Element 1: No evidence found.

Element 2: The company discloses that it has a whistleblowing policy and states, ""Axiata’s employees may confidently and anonymously voice their grievances and raise their concerns of any unlawful or unethical situation or any suspected violation of the Code of Conduct in accordance with the Whistle-Blowing Policy administered by the GCIA and overseen by the BAC.” (Source 1, p. 43) The company elaborates on its whistleblowing policy in a separate document (Source 6). The company adds that each operating company has its own grievance procedures and whistle-blowing policy (Source 2, p. 43). The company adds that each operating company has its own grievance procedures and whistle-blowing policy (Source 2, p. 43). However, it is unclear whether this whistleblower policy includes concerns related to freedom of expression or privacy.","Element 1: No evidence found.

Element 2: The company discloses that it has a whistleblowing policy and states, ""Axiata’s employees may confidently and anonymously voice their grievances and raise their concerns of any unlawful or unethical situation or any suspected violation of the Code of Conduct in accordance with the Whistle-Blowing Policy administered by the GCIA and overseen by the BAC.” (Source 1, p. 43) The company elaborates on its whistleblowing policy in a separate document (Source 6) The company adds that each operating company has its own grievance procedures and whistle-blowing policy (Source 2, p. 43). However, neither the whistleblower documentation nor other company disclosure provides sufficient support that freedom of expression and/or privacy, and in particular violations of these expectations, is detailed and described in company policies and trainings in a manner that ensures related concerns would be brought to and addressed by the whistleblower program.","Element 1: No evidence found.

Element 2: The company discloses that it has a whistleblowing policy and states, ""Axiata’s employees may confidently and anonymously voice their grievances and raise their concerns of any unlawful or unethical situation or any suspected violation of the Code of Conduct in accordance with the Whistle-Blowing Policy administered by the GCIA and overseen by the BAC.” (Source 1, p. 43) The company elaborates on its whistleblowing policy in a separate document (Source 6). The company adds that each operating company has its own grievance procedures and whistle-blowing policy (Source 2, p. 43). The company adds that each operating company has its own grievance procedures and whistle-blowing policy (Source 2, p. 43). However, it is unclear whether this whistleblower policy includes concerns related to freedom of expression or privacy.","Element 1: No evidence found.

Element 2: The company discloses that it has a whistleblowing policy and states, ""Axiata’s employees may confidently and anonymously voice their grievances and raise their concerns of any unlawful or unethical situation or any suspected violation of the Code of Conduct in accordance with the Whistle-Blowing Policy administered by the GCIA and overseen by the BAC.” (Source 1, p. 43) The company elaborates on its whistleblowing policy in a separate document (Source 6). The company adds that each operating company has its own grievance procedures and whistle-blowing policy (Source 2, p. 43). The company adds that each operating company has its own grievance procedures and whistle-blowing policy (Source 2, p. 43). However, it is unclear whether this whistleblower policy includes concerns related to freedom of expression or privacy.","Element 1: No evidence found.

Element 2: The company discloses that it has a whistleblowing policy and states, ""Axiata’s employees may confidently and anonymously voice their grievances and raise their concerns of any unlawful or unethical situation or any suspected violation of the Code of Conduct in accordance with the Whistle-Blowing Policy administered by the GCIA and overseen by the BAC.” (Source 1, p. 43) The company elaborates on its whistleblowing policy in a separate document (Source 6). The company adds that each operating company has its own grievance procedures and whistle-blowing policy (Source 2, p. 43). The company adds that each operating company has its own grievance procedures and whistle-blowing policy (Source 2, p. 43). However, it is unclear whether this whistleblower policy includes concerns related to freedom of expression or privacy."
"Sources (reference, specific page, section, etc.)","1,2,6, 23","1,2,6, 23","1,2,6, 23","1,2,6, 23","1,2,6, 23","1,2,6, 23"
,,,,,,
Points for 1,0,0,0,0,0,0
Points for 2,0,0,0,0,0,0
,,,,,,
Level score,0.00,0.00,0.00,0.00,0.00,0.00
,,,,,,
Indicator score based on level weighting,0.00,,,,,
,,,,,,
C4,Axiata (group) - Freedom of Expression,Axiata (group) - Privacy,Celcom (operating company) - Freedom of Expression,Celcom (operating company) - Privacy,mobile (service) - Freedom of Expression,mobile (service) - Privacy
Consolidated answer for Element 1,no/insufficient evidence,no/insufficient evidence,no/insufficient evidence,no/insufficient evidence,no/insufficient evidence,no/insufficient evidence
Consolidated answer for Element 2,no/insufficient evidence,no/insufficient evidence,no/insufficient evidence,no/insufficient evidence,no/insufficient evidence,no/insufficient evidence
Consolidated answer for Element 3,no/insufficient evidence,no/insufficient evidence,no/insufficient evidence,no/insufficient evidence,no/insufficient evidence,no/insufficient evidence
Consolidated answer for Element 4,no/insufficient evidence,no/insufficient evidence,no/insufficient evidence,no/insufficient evidence,no/insufficient evidence,no/insufficient evidence
Consolidated answer for Element 5,no/insufficient evidence,no/insufficient evidence,no/insufficient evidence,no/insufficient evidence,no/insufficient evidence,no/insufficient evidence
Consolidated answer for Element 6,no/insufficient evidence,no/insufficient evidence,no/insufficient evidence,no/insufficient evidence,no/insufficient evidence,no/insufficient evidence
Consolidated answer for Element 7,no/insufficient evidence,no/insufficient evidence,no/insufficient evidence,no/insufficient evidence,no/insufficient evidence,no/insufficient evidence
Consolidated answer for Element 8,no/insufficient evidence,no/insufficient evidence,no/insufficient evidence,no/insufficient evidence,no/insufficient evidence,no/insufficient evidence
Consolidated answer for Element 9,no/insufficient evidence,no/insufficient evidence,no/insufficient evidence,no/insufficient evidence,no/insufficient evidence,no/insufficient evidence
Comments (explain score),No evidence found.,"Element 1: The company's approach toward regulatory affairs includes, ""Developing group-wide positions on key issues such as...data privacy"" (Source 3, p. 123). The company's 2014 sustainability report identifies, ""Review of privacy and data standards and preparedness in each market"" as a sustainability target for 2015. (Source 2, p. 23). However, these disclosures do not provide sufficient detail to explain how the company uses such positions to inform company policies and practices, nor is there evidence that this target is in progress. 

Elements 2-7: No evidence found.

Element 8: While the company's 2014 sustainability report is assured by EY (Source 2, p. 99), this assurance only covers the GRI indicators disclosed (which is the disclosure on management approach to privacy), not an impact assessment.

Element 9: No evidence found.",No evidence found.,"Element 1: The company's approach toward regulatory affairs includes, ""Developing group-wide positions on key issues such as...data privacy"" (Source 3, p. 123). The company's 2014 sustainability report identifies, ""Review of privacy and data standards and preparedness in each market"" as a sustainability target for 2015. (Source 2, p. 23). However, these disclosures do not provide sufficient detail to explain how the company uses such positions to inform company policies and practices, nor is there evidence that this target is in progress. 

Elements 2-7: No evidence found.

Element 8: While the company's 2014 sustainability report is assured by EY (Source 2, p. 99), this assurance only covers the GRI indicators disclosed (which is the disclosure on management approach to privacy), not an impact assessment.

Element 9: No evidence found.",No evidence found.,"Element 1: The company's approach toward regulatory affairs includes, ""Developing group-wide positions on key issues such as...data privacy"" (Source 3, p. 123). The company's 2014 sustainability report identifies, ""Review of privacy and data standards and preparedness in each market"" as a sustainability target for 2015. (Source 2, p. 23). However, these disclosures do not provide sufficient detail to explain how the company uses such positions to inform company policies and practices, nor is there evidence that this target is in progress. 

Elements 2-7: No evidence found.

Element 8: While the company's 2014 sustainability report is assured by EY (Source 2, p. 99), this assurance only covers the GRI indicators disclosed (which is the disclosure on management approach to privacy), not an impact assessment.

Element 9: No evidence found."
"Sources (reference, specific page, section, etc.)",,"2,3",,"2,3",,"2,3"
,,,,,,
Points for 1,0,0,0,0,0,0
Points for 2,0,0,0,0,0,0
Points for 3,0,0,0,0,0,0
Points for 4,0,0,0,0,0,0
Points for 5,0,0,0,0,0,0
Points for 6,0,0,0,0,0,0
Points for 7,0,0,0,0,0,0
Points for 8,0,0,0,0,0,0
Points for 9,0,0,0,0,0,0
,,,,,,
Level score,0.00,0.00,0.00,0.00,0.00,0.00
,,,,,,
Indicator score based on level weighting,0.00,,,,,
,,,,,,
C5,Axiata (group) - Freedom of Expression,Axiata (group) - Privacy,Celcom (operating company) - Freedom of Expression,Celcom (operating company) - Privacy,,
Element A satisfied?,no/insufficient evidence,no/insufficient evidence,no/insufficient evidence,no/insufficient evidence,,
"If ""yes"" on Element A --> skip all B elements.
If ""no"" on Element A --> continue with B:",,,,,,
Element B.1 satisfied?,no/insufficient evidence,no/insufficient evidence,no/insufficient evidence,no/insufficient evidence,,
Element B.2 satisfied?,no/insufficient evidence,no/insufficient evidence,no/insufficient evidence,no/insufficient evidence,,
Comments (explain score),No evidence found.,No evidence found.,No evidence found.,No evidence found.,,
"Sources (reference, specific page, section, etc.)",,,,,,
,,,,,,
Points for A,0,0,0,0,,
Points for B.1,0,0,0,0,,
Points for B.2,0,0,0,0,,
,,,,,,
Level score,0.00,0.00,0.00,0.00,,
,,,,,,
Indicator score based on level weighting,0.00,,,,,
,,,,,,
C6,Axiata (group) - Freedom of Expression,Axiata (group) - Privacy,Celcom (operating company) - Freedom of Expression,Celcom (operating company) - Privacy,mobile (service) - Freedom of Expression,mobile (service) - Privacy
Consolidated answer for Element 1:,no/insufficient evidence,no/insufficient evidence,no/insufficient evidence,no/insufficient evidence,no/insufficient evidence,no/insufficient evidence
Consolidated answer for Element 2:,no/insufficient evidence,no/insufficient evidence,no/insufficient evidence,no/insufficient evidence,no/insufficient evidence,no/insufficient evidence
Consolidated answer for Element 3:,no/insufficient evidence,no/insufficient evidence,no/insufficient evidence,no/insufficient evidence,no/insufficient evidence,no/insufficient evidence
Consolidated answer for Element 4:,no/insufficient evidence,no/insufficient evidence,no/insufficient evidence,no/insufficient evidence,no/insufficient evidence,no/insufficient evidence
Consolidated answer for Element 5:,no/insufficient evidence,no/insufficient evidence,no/insufficient evidence,no/insufficient evidence,no/insufficient evidence,no/insufficient evidence
Comments (explain score),No evidence found.,No evidence found.,No evidence found.,"Element 1: Celcom's Privacy Notice states, ""CELCOM is committed to protecting the Personal Data of all customers CELCOM deals with. If you have any questions in relation to this Privacy Notice, please contact us using where applicable the numbers below."" (Source 7). However, this indicator seeks disclosure that companies have a mechanism specifically designed to address user complaints or concerns, which is not the same as asking questions. For this reason, the company’s disclosure is insufficient to receive credit on this element.

Elements 2-5: No evidence found.",No evidence found.,"Element 1: Celcom's Privacy Notice states, ""CELCOM is committed to protecting the Personal Data of all customers CELCOM deals with. If you have any questions in relation to this Privacy Notice, please contact us using where applicable the numbers below."" (Source 7). However, this indicator seeks disclosure that companies have a mechanism specifically designed to address user complaints or concerns, which is not the same as asking questions. For this reason, the company’s disclosure is insufficient to receive credit on this element.

Elements 2-5: No evidence found."
"Sources (reference, specific page, section, etc.)",,,,7,,7
,,,,,,
Points for 1,0,0,0,0,0,0
Points for 2,0,0,0,0,0,0
Points for 3,0,0,0,0,0,0
Points for 4,0,0,0,0,0,0
Points for 5,0,0,0,0,0,0
,,,,,,
Level score,0.00,0.00,0.00,0.00,0.00,0.00
,,,,,,
Indicator score based on level weighting,0.00,,,,,
,,,,,,
F1,Axiata (group),Celcom (operating company),mobile (service),,,
Consolidated answer for Element 1:,no/insufficient evidence,yes: Free: The company’s terms of service (ToS) are freely available and easy to find without needing to sign up or subscribe.,yes: Free: The company’s terms of service (ToS) are freely available and easy to find without needing to sign up or subscribe.,,,
Consolidated answer for Element 2:,no/insufficient evidence,no/insufficient evidence,no/insufficient evidence,,,
Consolidated answer for Element 3:,no/insufficient evidence,partial,partial,,,
Comments (explain score),No evidence found.,"Element 1: The General ToS is freely available (Source 15, Section A). The Celcom homepage footer has a link to ""Terms and Conditions."" From there, users can click ""First"" on the left-side menu and access the TOS.

Element 2: The ToS is available in English. The policy says, ""In the event of any inconsistency between the English version and the Bahasa Malaysia version of these Terms and Conditions, the English version shall prevail,"" however, there's no evidence of the policy in Bahasa Malaysia.

Element 3: The ToS contains a numbered list of section headers, and users can view the contents of each section by clicking the relevant header. However, a user cannot see all sections at the same time, and the policy lacks tips or other features to help users understand the policy. For this reason, the company receives partial credit.","Element 1: The Mobile ToS is freely available (Source 15, Section B). The Celcom homepage footer has a link to ""Terms and Conditions."" From there, users can click ""First"" on the left-side menu and access the mobile TOS.

Element 2: The ToS is available in English. The policy says, ""In the event of any inconsistency between the English version and the Bahasa Malaysia version of these Terms and Conditions, the English version shall prevail,"" however, there's no evidence of the policy in Bahasa Malaysia.

Element 3: The ToS contains a numbered list of section headers, and users can view the contents of each section by clicking the relevant header. However, a user cannot see all sections at the same time, and the policy lacks tips or other features to help users understand the policy. For this reason, the company receives partial credit.",,,
"Sources (reference, specific page, section, etc.)",,15,15,,,
,,,,,,
Points for 1,0,100,100,,,
Points for 2,0,0,0,,,
Points for 3,0,50,50,,,
,,,,,,
Level score,0.00,50.00,50.00,,,
,,,,,,
Indicator score based on level weighting,50.00,,,,,
,,,,,,
F2,Axiata (group),Celcom (operating company),mobile (service),,,
Consolidated answer for Element 1:,no/insufficient evidence,no/insufficient evidence,no/insufficient evidence,,,
Consolidated answer for Element 2:,no/insufficient evidence,no/insufficient evidence,no/insufficient evidence,,,
Consolidated answer for Element 3:,no/insufficient evidence,no/insufficient evidence,no/insufficient evidence,,,
Comments (explain score),No evidence found.,"Element 1: In Section A, 5.2 of the Terms and Conditions, the company states, ""Celcom reserves the right at its absolute discretion, from time to time, to vary, add to or otherwise amend these Terms and Conditions or any part thereof, and such amendments shall be published on Celcom’s website. Your continued use of the Service after the effective date of any variation, addition or amendments to these Terms and Conditions shall constitute your unconditional acceptance of such variations, additions or amendment.” This does not constitute direct notification.

Elements 2-3: No evidence found.","Element 1: In Section A, 5.2 of the Terms and Conditions, the company states, ""Celcom reserves the right at its absolute discretion, from time to time, to vary, add to or otherwise amend these Terms and Conditions or any part thereof, and such amendments shall be published on Celcom’s website. Your continued use of the Service after the effective date of any variation, addition or amendments to these Terms and Conditions shall constitute your unconditional acceptance of such variations, additions or amendment.” This does not constitute direct notification.

Elements 2-3: No evidence found.",,,
"Sources (reference, specific page, section, etc.)",,15,15,,,
,,,,,,
Points for 1,0,0,0,,,
Points for 2,0,0,0,,,
Points for 3,0,0,0,,,
,,,,,,
Level score,0.00,0.00,0.00,,,
,,,,,,
Indicator score based on level weighting,0.00,,,,,
,,,,,,
F3,Axiata (group),Celcom (operating company),mobile (service),,,
Consolidated answer for Element 1:,no/insufficient evidence,yes: The company explains what types of content or activities it does not permit.,yes: The company explains what types of content or activities it does not permit.,,,
Consolidated answer for Element 2:,no/insufficient evidence,yes: The company explains its process for enforcing its rules.,yes: The company explains its process for enforcing its rules.,,,
Consolidated answer for Element 3:,no/insufficient evidence,no/insufficient evidence,no/insufficient evidence,,,
Comments (explain score),No evidence found.,"Element 1: Celcom's General TOS (Source 15, Section A, 4.2) lists what content and activities are prohibited.

Element 2: Celcom's General TOS (Source 15, Section A, 22.2) states the company may, ""immediately suspend/terminate the Services or Agreement...If you breach any of the Terms and Conditions;""

Element 3: The company’s list of prohibited activities does not contain any examples to help users understand the rules. For instance, section A, 4.2(d) prohibits use of the service for any purpose that is against “public interest, public order or national harmony.” This is vague, and examples would assist in understanding the boundaries of acceptable conduct.","Element 1: Celcom's General TOS (Source 15, Section A, 4.2) lists what content and activities are prohibited.

Element 2: Celcom's General TOS (Source 15, Section A, 22.2) states the company may, ""immediately suspend/terminate the Services or Agreement...If you breach any of the Terms and Conditions;""

Element 3: The company’s list of prohibited activities does not contain any examples to help users understand the rules. For instance, section A, 4.2(d) prohibits use of the service for any purpose that is against “public interest, public order or national harmony.” This is vague, and examples would assist in understanding the boundaries of acceptable conduct.",,,
"Sources (reference, specific page, section, etc.)",,15,15,,,
,,,,,,
Points for 1,0,100,100,,,
Points for 2,0,100,100,,,
Points for 3,0,0,0,,,
,,,,,,
Level score,0.00,66.67,66.67,,,
,,,,,,
Indicator score based on level weighting,66.67,,,,,
,,,,,,
F4,Axiata (group),Celcom (operating company),mobile (service),,,
Consolidated answer for Element 1:,no/insufficient evidence,yes: The company explains the reason(s) why it may restrict a user’s account.  ,yes: The company explains the reason(s) why it may restrict a user’s account.  ,,,
Consolidated answer for Element 2:,no/insufficient evidence,yes: The company explains why it may shut down or restrict service to a particular area or group of users (where applicable). ,yes: The company explains why it may shut down or restrict service to a particular area or group of users (where applicable). ,,,
Consolidated answer for Element 3:,no/insufficient evidence,no/insufficient evidence,no/insufficient evidence,,,
Comments (explain score),No evidence found.,"Element 1: The General TOS (Source 15, Section A, 22.2) states, ""Celcom shall be entitled at its absolute discretion to immediately  suspend/terminate the Services or Agreement, without liability, at any time, without any notice and may not be required to give any reason whatsoever, including but not limited to the following reasons:"" and provides a list of reasons: ""If any technical failure occurs in the Services or Celcom’s System; While the Service is being upgraded, modified or maintained; If you breach any of the Terms and Conditions;  If you do anything which may in Celcom's opinion, lead to, including but not limited to damage  to the Services and/or Celcom’s System or losses to Celcom; If Celcom is required to comply with an order, instruction or request of regulatory authority, government authority or any other competent authority; or If it is in Celcom's opinion that the Service or Celcom’s System is or may be used fraudulently, illegally or for unlawful purposes.""

Element 2: The General TOS (Source 15, Section A, 22.2e) states that Celcom may suspend or terminate access to the service ""If Celcom is required to comply with an order, instruction or request of regulatory authority, government authority or any other competent authority.""

Element 3: No evidence found.","Element 1: The General TOS (Source 15, Section A, 22.2) states, ""Celcom shall be entitled at its absolute discretion to immediately  suspend/terminate the Services or Agreement, without liability, at any time, without any notice and may not be required to give any reason whatsoever, including but not limited to the following reasons:"" and provides a list of reasons: ""If any technical failure occurs in the Services or Celcom’s System; While the Service is being upgraded, modified or maintained; If you breach any of the Terms and Conditions;  If you do anything which may in Celcom's opinion, lead to, including but not limited to damage  to the Services and/or Celcom’s System or losses to Celcom; If Celcom is required to comply with an order, instruction or request of regulatory authority, government authority or any other competent authority; or If it is in Celcom's opinion that the Service or Celcom’s System is or may be used fraudulently, illegally or for unlawful purposes.""

Element 2: The General TOS (Source 15, Section A, 22.2e) states that Celcom may suspend or terminate access to the service ""If Celcom is required to comply with an order, instruction or request of regulatory authority, government authority or any other competent authority.""

Element 3: No evidence found.",,,
"Sources (reference, specific page, section, etc.)",,15,15,,,
,,,,,,
Points for 1,0,100,100,,,
Points for 2,0,100,100,,,
Points for 3,0,0,0,,,
,,,,,,
Level score,0.00,66.67,66.67,,,
,,,,,,
Indicator score based on level weighting,66.67,,,,,
,,,,,,
F5,Axiata (group),Celcom (operating company),mobile (service),,,
Consolidated answer for Element 1:,N/A,N/A,N/A,,,
Consolidated answer for Element 2:,no/insufficient evidence,no/insufficient evidence,no/insufficient evidence,,,
Consolidated answer for Element 3:,no/insufficient evidence,no/insufficient evidence,no/insufficient evidence,,,
Consolidated answer for Element 4:,no/insufficient evidence,no/insufficient evidence,no/insufficient evidence,,,
Comments (explain score),"Element 1: This element is N/A for telecommunications companies.

Element 2-4: No evidence found.
","Element 1: This element is N/A for telecommunications companies.

Element 2-3: No evidence found.

Element 4: The company states that it can restrict access without providing any notice. The General TOS (Source 15, Section A, 22.2) states, ""Celcom shall be entitled at its absolute discretion to immediately suspend/terminate the Services or Agreement, without liability, at any time, without any notice and may not be required to give any reason whatsoever, including but not limited to the following reasons."" The reasons listed include technical failure, network maintenance, user breach of TOS, activities that could damange the network, government orders, or fraudulent/illegal use of the service. ","Element 1: This element is N/A for telecommunications companies.

Element 2-3: No evidence found.

Element 4: The company states that it can restrict access without providing any notice. The General TOS (Source 15, Section A, 22.2) states, ""Celcom shall be entitled at its absolute discretion to immediately suspend/terminate the Services or Agreement, without liability, at any time, without any notice and may not be required to give any reason whatsoever, including but not limited to the following reasons."" The reasons listed include technical failure, network maintenance, user breach of TOS, activities that could damange the network, government orders, or fraudulent/illegal use of the service. ",,,
"Sources (reference, specific page, section, etc.)",,15,15,,,
,,,,,,
Points for 1,N/A,N/A,N/A,,,
Points for 2,0,0,0,,,
Points for 3,0,0,0,,,
Points for 4,0,0,0,,,
,,,,,,
Level score,0.00,0.00,0.00,,,
,,,,,,
Indicator score based on level weighting,0.00,,,,,
,,,,,,
F6,Axiata (group),Celcom (operating company),mobile (service),,,
Consolidated answer for Element 1,no/insufficient evidence,no/insufficient evidence,no/insufficient evidence,,,
Consolidated answer for Element 2,no/insufficient evidence,no/insufficient evidence,no/insufficient evidence,,,
Consolidated answer for Element 3,no/insufficient evidence,no/insufficient evidence,no/insufficient evidence,,,
Consolidated answer for Element 4,no/insufficient evidence,no/insufficient evidence,no/insufficient evidence,,,
Consolidated answer for Element 5,no/insufficient evidence,no/insufficient evidence,no/insufficient evidence,,,
Consolidated answer for Element 6,no/insufficient evidence,no/insufficient evidence,no/insufficient evidence,,,
Consolidated answer for Element 7,no/insufficient evidence,no/insufficient evidence,no/insufficient evidence,,,
Consolidated answer for Element 8,no/insufficient evidence,no/insufficient evidence,no/insufficient evidence,,,
Comments (explain score),No evidence found.,No evidence found.,No evidence found.,,,
"Sources (reference, specific page, section, etc.)",,,,,,
,,,,,,
Points for 1,0,0,0,,,
Points for 2,0,0,0,,,
Points for 3,0,0,0,,,
Points for 4,0,0,0,,,
Points for 5,0,0,0,,,
Points for 6,0,0,0,,,
Points for 7,0,0,0,,,
Points for 8,0,0,0,,,
,,,,,,
Level score,0.00,0.00,0.00,,,
,,,,,,
Indicator score based on level weighting,0.00,,,,,
,,,,,,
F7,Axiata (group),Celcom (operating company),mobile (service),,,
Consolidated answer for Element 1,no/insufficient evidence,no/insufficient evidence,no/insufficient evidence,,,
Consolidated answer for Element 2,no/insufficient evidence,no/insufficient evidence,no/insufficient evidence,,,
Consolidated answer for Element 3,no/insufficient evidence,no/insufficient evidence,no/insufficient evidence,,,
Consolidated answer for Element 4,no/insufficient evidence,no/insufficient evidence,no/insufficient evidence,,,
Consolidated answer for Element 5,no/insufficient evidence,no/insufficient evidence,no/insufficient evidence,,,
Consolidated answer for Element 6,no/insufficient evidence,no/insufficient evidence,no/insufficient evidence,,,
Consolidated answer for Element 7,no/insufficient evidence,no/insufficient evidence,no/insufficient evidence,,,
Consolidated answer for Element 8,no/insufficient evidence,no/insufficient evidence,no/insufficient evidence,,,
Consolidated answer for Element 9,no/insufficient evidence,no/insufficient evidence,no/insufficient evidence,,,
Comments (explain score),No evidence found.,No evidence found.,No evidence found.,,,
"Sources (reference, specific page, section, etc.)",,,,,,
,,,,,,
Points for 1,0,0,0,,,
Points for 2,0,0,0,,,
Points for 3,0,0,0,,,
Points for 4,0,0,0,,,
Points for 5,0,0,0,,,
Points for 6,0,0,0,,,
Points for 7,0,0,0,,,
Points for 8,0,0,0,,,
Points for 9,0,0,0,,,
,,,,,,
Level score,0.00,0.00,0.00,,,
,,,,,,
Indicator score based on level weighting,0.00,,,,,
,,,,,,
F8,Axiata (group),Celcom (operating company),mobile (service),,,
Consolidated answer for Element 1,no/insufficient evidence,no/insufficient evidence,no/insufficient evidence,,,
Consolidated answer for Element 2,no/insufficient evidence,no/insufficient evidence,no/insufficient evidence,,,
Consolidated answer for Element 3,no/insufficient evidence,no/insufficient evidence,no/insufficient evidence,,,
Consolidated answer for Element 4,no/insufficient evidence,no/insufficient evidence,no/insufficient evidence,,,
Consolidated answer for Element 5,no/insufficient evidence,no/insufficient evidence,no/insufficient evidence,,,
Consolidated answer for Element 6,no/insufficient evidence,no/insufficient evidence,no/insufficient evidence,,,
Consolidated answer for Element 7,no/insufficient evidence,no/insufficient evidence,no/insufficient evidence,,,
Consolidated answer for Element 8,no/insufficient evidence,no/insufficient evidence,no/insufficient evidence,,,
Consolidated answer for Element 9,no/insufficient evidence,no/insufficient evidence,no/insufficient evidence,,,
Comments (explain score),No evidence found.,No evidence found.,No evidence found.,,,
"Sources (reference, specific page, section, etc.)",,,,,,
,,,,,,
Points for 1,0,0,0,,,
Points for 2,0,0,0,,,
Points for 3,0,0,0,,,
Points for 4,0,0,0,,,
Points for 5,0,0,0,,,
Points for 6,0,0,0,,,
Points for 7,0,0,0,,,
Points for 8,0,0,0,,,
Points for 9,0,0,0,,,
,,,,,,
Level score,0.00,0.00,0.00,,,
,,,,,,
Indicator score based on level weighting,0.00,,,,,
,,,,,,
F9,Axiata (group),Celcom (operating company),mobile (service),,,
Consolidated answer for Element 1,no/insufficient evidence,no/insufficient evidence,no/insufficient evidence,,,
Consolidated answer for Element 2,no/insufficient evidence,no/insufficient evidence,no/insufficient evidence,,,
Consolidated answer for Element 3,no/insufficient evidence,no/insufficient evidence,no/insufficient evidence,,,
Consolidated answer for Element 4,no/insufficient evidence,no/insufficient evidence,no/insufficient evidence,,,
Consolidated answer for Element 5,no/insufficient evidence,no/insufficient evidence,no/insufficient evidence,,,
Consolidated answer for Element 6,no/insufficient evidence,no/insufficient evidence,no/insufficient evidence,,,
Comments (explain score),No evidence found.,No evidence found.,No evidence found.,,,
"Sources (reference, specific page, section, etc.)",,,,,,
,,,,,,
Points for 1,0,0,0,,,
Points for 2,0,0,0,,,
Points for 3,0,0,0,,,
Points for 4,0,0,0,,,
Points for 5,0,0,0,,,
Points for 6,0,0,0,,,
,,,,,,
Level score,0.00,0.00,0.00,,,
,,,,,,
Indicator score based on level weighting,0.00,,,,,
,,,,,,
F10,Axiata (group),Celcom (operating company),mobile (service),,,
Consolidated answer,The company does not disclose information about prioritizing or degrading the delivery of content.,The company discloses that it prioritizes or degrades content delivery and the purpose of doing so.,The company discloses that it prioritizes or degrades content delivery and the purpose of doing so.,,,
Comments (explain score),No evidence found.,"Celcom's Fair Usage Policy (Source 21, section 2) states, ""The Services are designed as a shared service and customer's activities will impact on other users using and sharing the same network. To ensure fairness of usage and experience to all the First Data subscribers, Celcom has introduced and implemented the Fair Usage Policy. This Fair Usage Policy (""Policy"") is designed to ensure that the Services received by the vast majority of the customers are not negatively impacted because of extreme heavy usage and abuse by the minority of the customers. Celcom shall continuously monitor the First Data network performance and may control the Internet connectivity speed of the identified heavy usage customers.""","Celcom's TOS, Specific Terms and Conditions for Data Pay Per Use Service (Source 15, C, 4,1) states, ""You agree that Celcom: Reserves the right to manage your allocated bandwidth including but not limited to reducing your speed, suspend or terminate your bandwidth to the Service to ensure that fair access to all Celcom customers on the same network with or without prior notice to the you as prescribed in the Fair Usage Policy; and may, at its sole discretion, automatically disconnect your access to the Service after a period of your inactivity, which may vary from 20 minutes to 30 minutes to allow maximum network performance.""

Celcom's Fair Usage Policy (Source 21, section 2) states, ""The Services are designed as a shared service and customer's activities will impact on other users using and sharing the same network. To ensure fairness of usage and experience to all the First Data subscribers, Celcom has introduced and implemented the Fair Usage Policy. This Fair Usage Policy (""Policy"") is designed to ensure that the Services received by the vast majority of the customers are not negatively impacted because of extreme heavy usage and abuse by the minority of the customers. Celcom shall continuously monitor the First Data network performance and may control the Internet connectivity speed of the identified heavy usage customers.""",,,
"Sources (reference, specific page, section, etc.)",,21,"21, 15",,,
,,,,,,
Points,0,50,50,,,
,,,,,,
Level score,0.00,50.00,50.00,,,
,,,,,,
Indicator score based on level weighting,50.00,,,,,
,,,,,,
F11,Axiata (group),Celcom (operating company),mobile (service),,,
This indicator is N/A for telecommunications companies,,,,,,
,,,,,,
,,,,,,
,,,,,,
Points,N/A,N/A,N/A,,,
,,,,,,
Level score,N/A,N/A,N/A,,,
,,,,,,
Indicator score based on level weighting,N/A,,,,,
,,,,,,
P1,Axiata (group),Celcom (operating company),mobile (service),,,
Consolidated answer for Element 1:,no/insufficient evidence,yes: Free: The company’s privacy policies are freely available and easy to find without needing to sign up or subscribe.,yes: Free: The company’s privacy policies are freely available and easy to find without needing to sign up or subscribe.,,,
Consolidated answer for Element 2:,no/insufficient evidence,yes: Language: The privacy policies are available in the language(s) most commonly spoken by the company’s users. ,yes: Language: The privacy policies are available in the language(s) most commonly spoken by the company’s users. ,,,
Consolidated answer for Element 3:,no/insufficient evidence,no/insufficient evidence,no/insufficient evidence,,,
Comments (explain score),No evidence found.,"Element 1: The company’s website footer features a link “Policy,” which links to the privacy policy (Source 7).

Element 2: The privacy policy is available in both English and Bahasa Malaysia (Source 7).

Element 3: The privacy policy (Source 7) includes section headers, numbered paragraphs, and bullet points, but the lack of spacing, small font size, and gray colored text make it difficult to read. In addition, the headers separate the policy into various principles (e.g., ""Notice and Choice Principles"" ""Disclosure Principle"") rather than more user-friendly categories (e.g., ""What data does the company share) Given that the layout and structure of the make it very difficult for user to understand and follow the policy, the company does not receive credit on this element.","Element 1: The company’s website footer features a link “Policy,” which links to the privacy policy (Source 7).

Element 2: The privacy policy is available in both English and Bahasa Malaysia (Source 7).

Element 3: The privacy policy (Source 7) includes section headers, numbered paragraphs, and bullet points, but the lack of spacing, small font size, and gray colored text make it difficult to read. In addition, the headers separate the policy into various principles (e.g., ""Notice and Choice Principles"" ""Disclosure Principle"") rather than more user-friendly categories (e.g., ""What data does the company share) Given that the layout and structure of the make it very difficult for user to understand and follow the policy, the company does not receive credit on this element.",,,
"Sources (reference, specific page, section, etc.)",,7,7,,,
,,,,,,
Points for 1,0,100,100,,,
Points for 2,0,100,100,,,
Points for 3,0,0,0,,,
,,,,,,
Level score,0.00,66.67,66.67,,,
,,,,,,
Indicator score based on level weighting,66.67,,,,,
,,,,,,
P2,Axiata (group),Celcom (operating company),mobile (service),,,
Consolidated answer for Element 1:,no/insufficient evidence,no/insufficient evidence,no/insufficient evidence,,,
Consolidated answer for Element 2:,no/insufficient evidence,no/insufficient evidence,no/insufficient evidence,,,
Consolidated answer for Element 3:,no/insufficient evidence,no/insufficient evidence,no/insufficient evidence,,,
Comments (explain score),No evidence found.,"Element 1: In its Privacy Notice (Source 7), the company states, ""CELCOM reserves the right to change any portion of this Policy. CELCOM will announce such changes through its dedicated webpage [www.celcom.com.my]"" This does not constitute direct notification to users.

Elements 2-3: No evidence found.","Element 1: In its Privacy Notice (Source 7), the company states, ""CELCOM reserves the right to change any portion of this Policy. CELCOM will announce such changes through its dedicated webpage [www.celcom.com.my]"" This does not constitute direct notification to users.

Elements 2-3: No evidence found.",,,
"Sources (reference, specific page, section, etc.)",,7,7,,,
,,,,,,
Points for 1,0,0,0,,,
Points for 2,0,0,0,,,
Points for 3,0,0,0,,,
,,,,,,
Level score,0.00,0.00,0.00,,,
,,,,,,
Indicator score based on level weighting,0.00,,,,,
,,,,,,
P3,Axiata (group),Celcom (operating company),mobile (service),,,
Element A satisfied?,no/insufficient evidence,no/insufficient evidence,no/insufficient evidence,,,
"If ""yes"" on Element A --> skip all B elements.
If ""no"" on Element A --> continue with B:",,,,,,
Element B.1 satisfied?,no/insufficient evidence,no/insufficient evidence,no/insufficient evidence,,,
Element B.2 satisfied?,no/insufficient evidence,partial,partial,,,
Element B.3 satisfied?,no/insufficient evidence,yes: The company clearly discloses how it collects user information.,yes: The company clearly discloses how it collects user information.,,,
Element B.4 satisfied?,no/insufficient evidence,yes: The company clearly discloses why it collects user information.,yes: The company clearly discloses why it collects user information.,,,
Comments (explain score),No evidence found.,"Element A: No evidence found.

Element B1: No evidence found.

Element B2: Celcom's Privacy Notice (Source 7), states that the company collects “Personal Data” and defines it to mean ""any personal information relating to CELCOM’s customer that the customer has provided to CELCOM or made available to CELCOM due to his/her contract with CELCOM, e.g. name, Identity Card / Passport No., address, information about his/her transactions with CELCOM such as contact number, account number, account balances, payment history, and account activity."" The privacy notice also states, """"Sensitive Personal Data” comprises information as to the customer’s physical or mental health or condition, political opinions, religious beliefs or other beliefs of a similar nature, commission or alleged commission of any offence or any other Personal Data determined by law."" Section 5.1 and 5.2 of the privacy notice state that, ""CELCOM does not process any Sensitive Personal Data in its ordinary course of business."" and ""If need arises, CELCOM will obtain explicit consent from the customer before or when it processes Sensitive Personal Data."" Section 6 of the privacy notice states the company collects, ""anonymous information such as the time, date and URL of the request [to access Celcom's website]."" Section 7 of the privacy notice says the company collects IP addresses. Section 8 of the privacy notice states, ""CELCOM collects anonymous information about the web browsing activity of a customer internet-enabled device and use that information to associate the customer’s browser with one or more pre-defined interest categories. "" While this disclosure includes examples of information that a user may provide voluntarily (e.g., name, address) as well as information the company may collect automatically based on a customer's use of the service (e.g., account activity, web browsing activity), these examples are not detailed enough to give the user a clear sense of what the company collects, in total. In addition, disclosure about what user information the company collects is scattered throughout the privacy notice, making it difficult for a user to understand the total amount of user information the company collects. For this reason, the company receives partial credit. 

Element B3: Celcom's Privacy Notice (Source 7, Section 4.2.2) states that Celcom ""collects personal data from customer application forms, prepaid registration forms, customer relationship managements systems, and [its] network systems.” Section 7 states that the company collects IP addresses through use of the service and that it may collect information from cookies.

Element B4: Celcom's Privacy Notice (Source 7, Section 4.2) provides a bulleted list that includes reasons why it collects user information. This includes, ""for profiling your service preferences,"" ""to send you information, promotions and updates including marketing and advertising materials in relation to our goods and services and those of organisations selected by CELCOM;"" and ""to promote any of CELCOM’s products and/or services; or products, services and special offers of third parties whose products and services we think may be of interest to you."" In Section 7, Celcom states that it collects IP addresses, ""for security purposes"" It uses cookies to provide ""additional login convenience.""","Element A: No evidence found.

Element B1: No evidence found.

Element B2: Celcom's Privacy Notice (Source 7), states that the company collects “Personal Data” and defines it to mean ""any personal information relating to CELCOM’s customer that the customer has provided to CELCOM or made available to CELCOM due to his/her contract with CELCOM, e.g. name, Identity Card / Passport No., address, information about his/her transactions with CELCOM such as contact number, account number, account balances, payment history, and account activity."" The privacy notice also states, """"Sensitive Personal Data” comprises information as to the customer’s physical or mental health or condition, political opinions, religious beliefs or other beliefs of a similar nature, commission or alleged commission of any offence or any other Personal Data determined by law."" Section 5.1 and 5.2 of the privacy notice state that, ""CELCOM does not process any Sensitive Personal Data in its ordinary course of business."" and ""If need arises, CELCOM will obtain explicit consent from the customer before or when it processes Sensitive Personal Data."" Section 6 of the privacy notice states the company collects, ""anonymous information such as the time, date and URL of the request [to access Celcom's website]."" Section 7 of the privacy notice says the company collects IP addresses. Section 8 of the privacy notice states, ""CELCOM collects anonymous information about the web browsing activity of a customer internet-enabled device and use that information to associate the customer’s browser with one or more pre-defined interest categories. "" While this disclosure includes examples of information that a user may provide voluntarily (e.g., name, address) as well as information the company may collect automatically based on a customer's use of the service (e.g., account activity, web browsing activity), these examples are not detailed enough to give the user a clear sense of what the company collects, in total. In addition, disclosure about what user information the company collects is scattered throughout the privacy notice, making it difficult for a user to understand the total amount of user information the company collects. For this reason, the company receives partial credit. 

Element B3: Celcom's Privacy Notice (Source 7, Section 4.2.2) states that Celcom ""collects personal data from customer application forms, prepaid registration forms, customer relationship managements systems, and [its] network systems.” Section 7 states that the company collects IP addresses through use of the service and that it may collect information from cookies.

Element B4: Celcom's Privacy Notice (Source 7, Section 4.2) provides a bulleted list that includes reasons why it collects user information. This includes, ""for profiling your service preferences,"" ""to send you information, promotions and updates including marketing and advertising materials in relation to our goods and services and those of organisations selected by CELCOM;"" and ""to promote any of CELCOM’s products and/or services; or products, services and special offers of third parties whose products and services we think may be of interest to you."" In Section 7, Celcom states that it collects IP addresses, ""for security purposes"" It uses cookies to provide ""additional login convenience.""",,,
"Sources (reference, specific page, section, etc.)",,7,7,,,
,,,,,,
Points for A,0,0,0,,,
Points for B.1,0,0,0,,,
Points for B.2,0,50,50,,,
Points for B.3,0,100,100,,,
Points for B.4,0,100,100,,,
,,,,,,
Level score,0.00,50.00,50.00,,,
,,,,,,
Indicator score based on level weighting,50.00,,,,,
,,,,,,
P4,Axiata (group),Celcom (operating company),mobile (service),,,
Element A satisfied?,no/insufficient evidence,no/insufficient evidence,no/insufficient evidence,,,
"If ""yes"" on Element A --> skip all B elements.
If ""no"" on Element A --> continue with B:",,,,,,
Element B.1 satisfied?,no/insufficient evidence,no/insufficient evidence,no/insufficient evidence,,,
Element B.2 satisfied?,no/insufficient evidence,yes: The company clearly discloses why it shares user information.,yes: The company clearly discloses why it shares user information.,,,
Element B.3 satisfied?,no/insufficient evidence,partial,partial,,,
Element B.4 satisfied?,no/insufficient evidence,no/insufficient evidence,no/insufficient evidence,,,
Element B.5 satisfied?,no/insufficient evidence,no/insufficient evidence,no/insufficient evidence,,,
Comments (explain score),No evidence found.,"Element A: No evidence found.

Element B1: Celcom's privacy notice (Source 7) Section 4.1.1  says that it shares personal data, and Section 4.2.2 states, ""CELCOM may transfer the customer’s Personal Data to third parties both in Malaysia and overseas providing outsourced data storage or data processing services for CELCOM."" The policy does not clearly explain what user information the company collects and hence, may share. In addition, it is unclear whether personal data includes such information as log data, location data, and data related to usage of the service.

Element B2: Celcom's privacy notice (Source 7, Section 4.2.1) provides a list of reasons why the company shares personal data. These include, ""the performance of CELCOM’s contract of providing any goods or services to the customer”; “compliance with legal and/or regulatory obligations”; ""establishing and maintaining a common database of customers or processing data as an outsourced entity both within and outside Malaysia"" and recovery of amounts due to CELCOM. 

Element B3: Celcom's privacy notice (Source 7 Section 4.2.1) states that it shares personal data with financial institutions, with ""regulatory bodies or other government authorities in compliance with requirements under the law or towards the detection or prevention of crime and/or fraud;"" and ""any party involved in or related to a legal proceeding, for purposes of the proceedings."" It also discloses that it shares information with ""companies and organizations that act as CELCOM’s agents or contractors for the purposes of recovering any amount due to CELCOM”, suggesting that it shares information with debt collection agencies. It also states that it shares personal data with ""other service providers or third parties nominated by CELCOM either solely or jointly with other service providers, for purposes of establishing and maintaining a common database of customers or processing data as an outsourced entity both within and outside Malaysia."" However, since the company does not provide additional detail or examples to help users clearly understand what third parties Celcom shares user information with, the company receives partial credit. 

Elements B4-B5: No evidence found. ","Element A: No evidence found.

Element B1: Celcom's privacy notice (Source 7) Section 4.1.1  says that it shares personal data, and Section 4.2.2 states, ""CELCOM may transfer the customer’s Personal Data to third parties both in Malaysia and overseas providing outsourced data storage or data processing services for CELCOM."" The policy does not clearly explain what user information the company collects and hence, may share. In addition, it is unclear whether personal data includes such information as log data, location data, and data related to usage of the service.

Element B2: Celcom's privacy notice (Source 7, Section 4.2.1) provides a list of reasons why the company shares personal data. These include, ""the performance of CELCOM’s contract of providing any goods or services to the customer”; “compliance with legal and/or regulatory obligations”; ""establishing and maintaining a common database of customers or processing data as an outsourced entity both within and outside Malaysia"" and recovery of amounts due to CELCOM. 

Element B3: Celcom's privacy notice (Source 7 Section 4.2.1) states that it shares personal data with financial institutions, with ""regulatory bodies or other government authorities in compliance with requirements under the law or towards the detection or prevention of crime and/or fraud;"" and ""any party involved in or related to a legal proceeding, for purposes of the proceedings."" It also discloses that it shares information with ""companies and organizations that act as CELCOM’s agents or contractors for the purposes of recovering any amount due to CELCOM”, suggesting that it shares information with debt collection agencies. It also states that it shares personal data with ""other service providers or third parties nominated by CELCOM either solely or jointly with other service providers, for purposes of establishing and maintaining a common database of customers or processing data as an outsourced entity both within and outside Malaysia."" However, since the company does not provide additional detail or examples to help users clearly understand what third parties Celcom shares user information with, the company receives partial credit. 

Elements B4-B5: No evidence found. ",,,
"Sources (reference, specific page, section, etc.)",,7,7,,,
,,,,,,
Points for A,0,0,0,,,
Points for B.1,0,0,0,,,
Points for B.2,0,100,100,,,
Points for B.3,0,50,50,,,
Points for B.4,0,0,0,,,
Points for B.5,0,0,0,,,
,,,,,,
Level score,0.00,24.00,24.00,,,
,,,,,,
Indicator score based on level weighting,24.00,,,,,
,,,,,,
P5,Axiata (group),Celcom (operating company),mobile (service),,,
Consolidated answer for Element 1:,no/insufficient evidence,no/insufficient evidence,no/insufficient evidence,,,
Consolidated answer for Element 2:,no/insufficient evidence,no/insufficient evidence,no/insufficient evidence,,,
Comments (explain score),"No evidence found.
","Elements 1-2: The company's privacy notice (Source 7, Section 4.2.5) states, ""You will be given the opportunity to 'opt-out' of having your Personal Data used for purposes not directly related to the Services or CELCOM’s Websites at the point where CELCOM asks for information. If you do not wish to receive our promotional updates you may opt-out of receiving these communications by contacting CELCOM at the contact numbers listed  below. But please note that should you decide to “opt-out”, we may not be able to provide you with certain Services and your subscription to or application for certain Services may be declined, denied or refused by CELCOM."" This disclosure suggests that users who opt-out of receiving promotions may not be able to use the service. In addition, the ability to opt-out of receiving promotional updates is not the same thing as controlling what user data the company collects or shares. Since there is no evidence the company provides users with options to control the collection or sharing of user information, the company receives no credit. ","Elements 1-2: The company's privacy notice (Source 7, Section 4.2.5) states, ""You will be given the opportunity to 'opt-out' of having your Personal Data used for purposes not directly related to the Services or CELCOM’s Websites at the point where CELCOM asks for information. If you do not wish to receive our promotional updates you may opt-out of receiving these communications by contacting CELCOM at the contact numbers listed  below. But please note that should you decide to “opt-out”, we may not be able to provide you with certain Services and your subscription to or application for certain Services may be declined, denied or refused by CELCOM."" This disclosure suggests that users who opt-out of receiving promotions may not be able to use the service. In addition, the ability to opt-out of receiving promotional updates is not the same thing as controlling what user data the company collects or shares. Since there is no evidence the company provides users with options to control the collection or sharing of user information, the company receives no credit. ",,,
"Sources (reference, specific page, section, etc.)",,7,7,,,
,,,,,,
Points for 1,0,0,0,,,
Points for 2,0,0,0,,,
,,,,,,
Level score,0.00,0.00,0.00,,,
,,,,,,
Indicator score based on level weighting,0.00,,,,,
,,,,,,
P6,Axiata (group),Celcom (operating company),mobile (service),,,
Consolidated answer for Element 1:,no/insufficient evidence,no/insufficient evidence,no/insufficient evidence,,,
Consolidated answer for Element 2:,no/insufficient evidence,no/insufficient evidence,no/insufficient evidence,,,
Consolidated answer for Element 3:,no/insufficient evidence,no/insufficient evidence,no/insufficient evidence,,,
Consolidated answer for Element 4:,no/insufficient evidence,no/insufficient evidence,no/insufficient evidence,,,
Comments (explain score),No evidence found.,"Element 1: In Celcom's privacy notice (Source 7, section 4.7), the company specifies that users can gain access to their personal data and may request amendments “for purposes of accuracy and completeness.” However, Axiata’s disclosure suggests only that users can only access data they have voluntarily provided, which falls within a basic expectation of the service relationship. There is no evidence that users can view data that is automatically collected that the company may hold. As such, the company does not receive credit for this element.

Element 2: While the company specifies that users may “have access” to their personal data, it is not clear that users can receive copies of their data.

Elements 3-4: No evidence found.","Element 1: In Celcom's privacy notice (Source 7, section 4.7), the company specifies that users can gain access to their personal data and may request amendments “for purposes of accuracy and completeness.” However, Axiata’s disclosure suggests only that users can only access data they have voluntarily provided, which falls within a basic expectation of the service relationship. There is no evidence that users can view data that is automatically collected that the company may hold. As such, the company does not receive credit for this element.

Element 2: While the company specifies that users may “have access” to their personal data, it is not clear that users can receive copies of their data.

Elements 3-4: No evidence found.",,,
"Sources (reference, specific page, section, etc.)",,7,7,,,
,,,,,,
Points for 1,0,0,0,,,
Points for 2,0,0,0,,,
Points for 3,0,0,0,,,
Points for 4,0,0,0,,,
,,,,,,
Level score,0.00,0.00,0.00,,,
,,,,,,
Indicator score based on level weighting,0.00,,,,,
,,,,,,
P7,Axiata (group),Celcom (operating company),mobile (service),,,
Element A satisfied?,no/insufficient evidence,no/insufficient evidence,no/insufficient evidence,,,
"If ""yes"" on Element A --> skip all B elements.
If ""no"" on Element A --> continue with B:",,,,,,
Element B.1 satisfied?,no/insufficient evidence,no/insufficient evidence,no/insufficient evidence,,,
Element B.2 satisfied?,no/insufficient evidence,no/insufficient evidence,no/insufficient evidence,,,
Element B.3 satisfied?,no/insufficient evidence,no/insufficient evidence,no/insufficient evidence,,,
Element B.4 satisfied?,no/insufficient evidence,no/insufficient evidence,no/insufficient evidence,,,
Comments (explain score),No evidence found.,"Celcom's Privacy Notice (Source 7, Section 4.5) contains the company's retention principles. However, this focuses on the security mechanisms it uses to protect user information, and does not contain information referenced in these elements. 

Element A: No evidence found.

Element B1: No evidence found.

Element B2: The company discloses that it will, “record, hold [and] store Personal Data…” (Section 4.1.1, source 7). Although the policy defines ""personal data,"" the policy does not clearly explain what user information the company collects and hence, may retain. In addition, it is unclear whether personal data includes such information as log data, location data, and data related to usage of the service.

Elements B3-B4: No evidence found.","Celcom's Privacy Notice (Source 7, Section 4.5) contains the company's retention principles. However, this focuses on the security mechanisms it uses to protect user information, and does not contain information referenced in these elements. 

Element A: No evidence found.

Element B1: No evidence found.

Element B2: The company discloses that it will, “record, hold [and] store Personal Data…” (Section 4.1.1, source 7). Although the policy defines ""personal data,"" the policy does not clearly explain what user information the company collects and hence, may retain. In addition, it is unclear whether personal data includes such information as log data, location data, and data related to usage of the service.

Elements B3-B4: No evidence found.",,,
"Sources (reference, specific page, section, etc.)",,7,7,,,
,,,,,,
Points for A,0,0,0,,,
Points for B.1,0,0,0,,,
Points for B.2,0,0,0,,,
Points for B.3,0,0,0,,,
Points for B.4,0,0,0,,,
,,,,,,
Level score,0.00,0.00,0.00,,,
,,,,,,
Indicator score based on level weighting,0.00,,,,,
,,,,,,
P8,Axiata (group),Celcom (operating company),mobile (service),,,
This indicator is N/A for telecommunications companies,,,,,,
,,,,,,
,,,,,,
,,,,,,
,,,,,,
,,,,,,
,,,,,,
,,,,,,
,,,,,,
Points for A,N/A,N/A,N/A,,,
Points for B.1,N/A,N/A,N/A,,,
Points for B.2,N/A,N/A,N/A,,,
Points for B.3,N/A,N/A,N/A,,,
Points for B.4,N/A,N/A,N/A,,,
,,,,,,
Level score,N/A,N/A,N/A,,,
,,,,,,
Indicator score based on level weighting,N/A,,,,,
,,,,,,
P9,Axiata (group),Celcom (operating company),mobile (service),,,
Consolidated answer for Element 1,no/insufficient evidence,no/insufficient evidence,no/insufficient evidence,,,
Consolidated answer for Element 2,no/insufficient evidence,no/insufficient evidence,no/insufficient evidence,,,
Consolidated answer for Element 3,no/insufficient evidence,no/insufficient evidence,no/insufficient evidence,,,
Consolidated answer for Element 4,no/insufficient evidence,no/insufficient evidence,no/insufficient evidence,,,
Consolidated answer for Element 5,no/insufficient evidence,no/insufficient evidence,no/insufficient evidence,,,
Consolidated answer for Element 6,no/insufficient evidence,no/insufficient evidence,no/insufficient evidence,,,
Consolidated answer for Element 7,no/insufficient evidence,no/insufficient evidence,no/insufficient evidence,,,
Consolidated answer for Element 8,no/insufficient evidence,no/insufficient evidence,no/insufficient evidence,,,
Comments (explain score),No evidence found.,No evidence found.,No evidence found.,,,
"Sources (reference, specific page, section, etc.)",,,,,,
,,,,,,
Points for 1,0,0,0,,,
Points for 2,0,0,0,,,
Points for 3,0,0,0,,,
Points for 4,0,0,0,,,
Points for 5,0,0,0,,,
Points for 6,0,0,0,,,
Points for 7,0,0,0,,,
Points for 8,0,0,0,,,
,,,,,,
Level score,0.00,0.00,0.00,,,
,,,,,,
Indicator score based on level weighting,0.00,,,,,
,,,,,,
P10,Axiata (group),Celcom (operating company),mobile (service),,,
Consolidated answer for Element 1:,no/insufficient evidence,no/insufficient evidence,no/insufficient evidence,,,
Consolidated answer for Element 2:,no/insufficient evidence,no/insufficient evidence,no/insufficient evidence,,,
Consolidated answer for Element 3:,no/insufficient evidence,no/insufficient evidence,no/insufficient evidence,,,
Comments (explain score),No evidence found.,"The Privacy Policy explains the cases in which the company may share data with regulatory bodies or other government authorities. It also notes that CELCOM may process Personal Data without the customer’s consent only in limited circumstances as permitted by law. However, the policy makes no mention of notifying users when the company receives a request for their data. ","The Privacy Policy explains the cases in which the company may share data with regulatory bodies or other government authorities. It also notes that CELCOM may process Personal Data without the customer’s consent only in limited circumstances as permitted by law. However, the policy makes no mention of notifying users when the company receives a request for their data. ",,,
"Sources (reference, specific page, section, etc.)",,7,7,,,
,,,,,,
Points for 1,0,0,0,,,
Points for 2,0,0,0,,,
Points for 3,0,0,0,,,
,,,,,,
Level score,0.00,0.00,0.00,,,
,,,,,,
Indicator score based on level weighting,0.00,,,,,
,,,,,,
P11,Axiata (group),Celcom (operating company),mobile (service),,,
Consolidated answer for Element 1,no/insufficient evidence,no/insufficient evidence,no/insufficient evidence,,,
Consolidated answer for Element 2,no/insufficient evidence,no/insufficient evidence,no/insufficient evidence,,,
Consolidated answer for Element 3,no/insufficient evidence,no/insufficient evidence,no/insufficient evidence,,,
Consolidated answer for Element 4,no/insufficient evidence,no/insufficient evidence,no/insufficient evidence,,,
Consolidated answer for Element 5,no/insufficient evidence,no/insufficient evidence,no/insufficient evidence,,,
Consolidated answer for Element 6,no/insufficient evidence,no/insufficient evidence,no/insufficient evidence,,,
Consolidated answer for Element 7,no/insufficient evidence,no/insufficient evidence,no/insufficient evidence,,,
Consolidated answer for Element 8,no/insufficient evidence,no/insufficient evidence,no/insufficient evidence,,,
Consolidated answer for Element 9,no/insufficient evidence,no/insufficient evidence,no/insufficient evidence,,,
Consolidated answer for Element 10,no/insufficient evidence,no/insufficient evidence,no/insufficient evidence,,,
Comments (explain score),No evidence found.,No evidence found.,No evidence found.,,,
"Sources (reference, specific page, section, etc.)",,,,,,
,,,,,,
Points for 1,0,0,0,,,
Points for 2,0,0,0,,,
Points for 3,0,0,0,,,
Points for 4,0,0,0,,,
Points for 5,0,0,0,,,
Points for 6,0,0,0,,,
Points for 7,0,0,0,,,
Points for 8,0,0,0,,,
Points for 9,0,0,0,,,
Points for 10,0,0,0,,,
,,,,,,
Level score,0.00,0.00,0.00,,,
,,,,,,
Indicator score based on level weighting,0.00,,,,,
,,,,,,
P12,Axiata (group),Celcom (operating company),mobile (service),,,
Consolidated answer for Element 1,no/insufficient evidence,no/insufficient evidence,no/insufficient evidence,,,
Consolidated answer for Element 2,no/insufficient evidence,no/insufficient evidence,no/insufficient evidence,,,
Consolidated answer for Element 3,no/insufficient evidence,partial,partial,,,
Consolidated answer for Element 4,no/insufficient evidence,no/insufficient evidence,no/insufficient evidence,,,
Consolidated answer for Element 5,N/A,N/A,N/A,,,
Consolidated answer for Element 6,N/A,N/A,N/A,,,
Comments (explain score),"Element 1: The minutes of the 22nd annual general meeting (Source 5, p. 6) states, ""President & GCEO assured that Axiata has taken the necessary steps to ensure the security of its network/data steps which cover matters on policy, process and ensuring the system meeting the prescribed security standards with taskforce in place to identify any loopholes."" Axiata's 2014 Sustainability Report states, ""Understanding the relevance of protecting the personal information of our customers, our privacy and security policy governs how we collect, use and manage customers’ information. This includes securing the confidentiality of their personal communications, respecting their permissions and preferences, and protecting and securing other customer information. Each of our OpCos have different levels of regulations in relation to privacy and data protection. However, as we reported in 2013, we have set our commitment to privacy and security at the highest level, based on the Personal Data Protection Act (PDPA) 2010 in Malaysia and the information security standards, ISO 27000.” (Source 2, p. 51). However, this does not constitute a commitment to continuous improvement with regards to security practices. Additionally, this disclosure does not state that Axiata is certified to the ISO 27000 standard.

Element 2: At the company’s 22nd Annual General Meeting, the company's president stated that there are measures in place to identify “loop holes” in the Group's data security system. (Source 5, p. 6). However this disclosure does not constitute a commitment to address vulnerabilities nor does it provide information about how the comapany responds to any vulnerabilities.

Elements 3-4: No evidence found.

Elements 5-6: These elements are N/A for telecommunications companies.","Element 1: Celcom's privacy notice (Source 7, section 4.4) states, ""CELCOM is responsible for taking prudent steps to safeguard the confidentiality and security of all Personal Data, including appropriate procedural, organizational and technical steps to protect personal data from accidental or unlawful destruction or accidental loss, alteration or disclosure. These steps include entering into written agreements with subcontractors who process Personal Data in accordance with CELCOM’s instructions and incorporating CELCOM’s own data protection standards as a minimum."" However, this does not constitute a commitment to continuous improvement with regards to security practices.

Element 2: No evidence found.

Element 3: Axiata's 2014 Sustainability Report (Source 2, p. 51) states that Celcom, ""strengthened [its] systems to prevent a loss of personal data and ensured that only authorised persons have access to personal data.” However, this does not provide information on what systems are in place to limit and monitor employee access to user information. For this reason, the company receives partial credit. 

Element 4: No evidence found.

Elements 5-6: These elements are N/A for telecommunications companies.","Element 1: Celcom's privacy notice (Source 7, section 4.4) states, ""CELCOM is responsible for taking prudent steps to safeguard the confidentiality and security of all Personal Data, including appropriate procedural, organizational and technical steps to protect personal data from accidental or unlawful destruction or accidental loss, alteration or disclosure. These steps include entering into written agreements with subcontractors who process Personal Data in accordance with CELCOM’s instructions and incorporating CELCOM’s own data protection standards as a minimum."" However, this does not constitute a commitment to continuous improvement with regards to security practices.

Element 2: No evidence found.

Element 3: Axiata's 2014 Sustainability Report (Source 2, p. 51) states that Celcom, ""strengthened [its] systems to prevent a loss of personal data and ensured that only authorised persons have access to personal data.” However, this does not provide information on what systems are in place to limit and monitor employee access to user information. For this reason, the company receives partial credit. 

Element 4: No evidence found.

Elements 5-6: These elements are N/A for telecommunications companies.",,,
"Sources (reference, specific page, section, etc.)","2,5","2,5,7","2,5,7",,,
,,,,,,
Points for 1,0,0,0,,,
Points for 2,0,0,0,,,
Points for 3,0,50,50,,,
Points for 4,0,0,0,,,
Points for 5,N/A,N/A,N/A,,,
Points for 6,N/A,N/A,N/A,,,
,,,,,,
Level score,0.00,12.50,12.50,,,
,,,,,,
Indicator score based on level weighting,12.50,,,,,
,,,,,,
P13,Axiata (group),Celcom (operating company),mobile (service),,,
This indicator is N/A for telecommunications companies,,,,,,
,,,,,,
,,,,,,
,,,,,,
Points,N/A,N/A,N/A,,,
,,,,,,
Level score,N/A,N/A,N/A,,,
,,,,,,
Indicator score based on level weighting,N/A,,,,,
,,,,,,
P14,Axiata (group),Celcom (operating company),mobile (service),,,
Consolidated answer for Element 1:,N/A,N/A,N/A,,,
Consolidated answer for Element 2:,no/insufficient evidence,partial,partial,,,
Comments (explain score),"Element 1: This element is N/A for telecommunications companies. 

Element 2: No evidence found.","Element 1: This element is N/A for telecommunications companies. 

Element 2: Celcom has an ""Important Announcements"" page (Source 22) which includes notices about specific scams and fraudulent calls and text messages (Sources 18 & 20). Since these notices focus more on informing the user of specific types of scams as they emerge, rather than educate users on how they can protect themselves, the company receives partial credit.","Element 1: This element is N/A for telecommunications companies. 

Element 2: Celcom has an ""Important Announcements"" page (Source 22) which includes notices about specific scams and fraudulent calls and text messages (Sources 18 & 20). Since these notices focus more on informing the user of specific types of scams as they emerge, rather than educate users on how they can protect themselves, the company receives partial credit.",,,
"Sources (reference, specific page, section, etc.)",,"18, 20, 22","18, 20, 22",,,
,,,,,,
Points for 1,N/A,N/A,N/A,,,
Points for 2,0,50,50,,,
,,,,,,
Level score,0.00,50.00,50.00,,,
,,,,,,
Indicator score based on level weighting,50.00,,,,,