Source #,Document title,URL,Date of document (if applicable),Date accessed
1,General conditions of subscription to fixed telephony service,http://boutique.orange.fr/doc/contrat2436.pdf,4/2/2015,6/8/2015
2,General conditions of subscription to Orange mobile,http://boutique.orange.fr/doc/contrat2006.pdf,4/2/2015,6/8/2015
3,General conditions of subscription to Orange offer,http://mobile.orange.fr/images/ge/high/themege/pdf/conditions_abonnement.pdf,undated,6/8/2015
4,Orange boasts: We made Google PAY US for traffic,http://www.theregister.co.uk/2013/01/17/google_orange/,1/17/2013,6/9/2015
5,Orange position on net neutrality,http://www.orange.com/en/content/download/2360/89457/version/11/file/Net_Neutrality_Orange+position_july+2014.pdf,7/1/2014,6/9/2015
6,Quand le patron d'Orange flingue la neutralité du net,http://www.01net.com/editorial/652346/quand-le-patron-dorange-flingue-la-neutralite-du-net/,4/15/2015,6/9/2015
7,Débit Confort,http://www.orange-business.com/fr/produits/debit-confort,undated,6/9/2015
8,Chartre Orange relative à la protection des données personnelles et de la vie privée,http://c.orange.fr/Charte-Orange-relative-a-la-protection-des-donnees-personnelles-et-de-la-vie-privee.pdf,12/1/2014,6/9/2015
9,Orange 2014 transparency report,http://www.orange.com/en/content/download/31105/933231/version/3/file/Orange+2014+transparency+report.pdf,,6/9/2015
10,Report on the implementation of Industry Dialogue principles,http://mediatheque.orange.com/en/responsibility/trust/Human-rights/Industry-Dialogue,4/9/2015,6/9/2015
11,Orange's commitments to personal data and privacy protection,http://www.orange.com/sirius/hello/2013/en/further-with-new-uses/charte-des-donnees-perso.html,undated,6/10/2015
12,General conditions of subscription to découverte offer,http://boutique.orange.fr/doc/contrat1757.pdf,4/2/2015,6/10/2015
13,General conditions of subscription for high speed and very high speed offers,http://boutique.orange.fr/doc/contrat3841.pdf,4/2/2015,6/10/2015
14,General conditions of High Speed Livebox Play offer,http://boutique.orange.fr/doc/contrat4323.pdf,4/2/2015,6/10/2015
15,General conditions of subscription to social internet offer,http://boutique.orange.fr/doc/contrat3512.pdf,4/2/0205,6/10/2015
16,General conditions of subscription to internet pro fibre,http://boutique.orange.fr/doc/contrat4399.pdf,2/5/2015,6/10/2015
17,"My data, my identity guide",http://bienvivreledigital.orange.fr/mes-donnees-mon-identite,undated,6/12/2015
18,Orange France privacy guide,http://l.assistance.orange.fr/securite/,undated,6/12/2015
19,Orange governance ,http://www.orange.com/en/about/governance/Board-committees,3/5/2015,6/12/2015
20,"The digital world, caring for to human rights",http://www.orange.com/en/responsibility/trust/Human-rights,3/5/2015,6/12/2015
21,2013 CSR report,http://www.orange.com/en/content/download/23330/480379/version/3/file/Orange_2013_CSR_report.pdf,,6/12/2015
22,stakeholder dialogue,http://www.orange.com/en/responsibility/commitment/Stakeholder-dialogue,,
23,Human rights: mapping risk situations,http://www.orange.com/en/responsibility/commitment/Our-actions/Maplecroft-Impact-Study,4/9/2015,6/12/2015
24,2014 review,http://www.orange.com/en/responsibility/reporting/2014/2014-review,6/9/0215,6/12/2015
25,"The digital world, caring for human rights",http://mediatheque.orange.com/en/responsibility/trust/Human-rights,3/5/2015,7/14/2015
26,Telecommunications Industry Dialogue Annual Report 2015,https://www.telecomindustrydialogue.org/wp-content/uploads/Telco-Industry-Dialogue-Annual-Report-2015.pdf,5/1/2015,7/14/2015
27,Yves Nissim - LinkedIn,https://www.linkedin.com/pub/yves-nissim/6/573/a16,,7/14/2015
28,Letter to Human Rights Watch,http://www.hrw.org/sites/default/files/related_material/Orange_62713.pdf,6/4/2013,8/11/2015
29,Group Code of Ethics,http://www.orange.com/en/content/download/4813/67906/version/9/file/charte_deontologie_2013_VA_planche.pdf,N.D.,8/17/2015
30,Chartre Orange relative à la protection des données personnelles et de la vie privée,http://bienvivreledigital.orange.fr/mes-donnees-mon-identite/charte-protection-des-donnees-personnelles-et-de-la-vie-privee,,9/15/2015
31,edh,http://www.e-dh.org/,,9/15/2015
32,Governance,http://www.orange.com/en/Responsibility/Commitment/Governance,3/5/2015,10/14/2015
33,Trusted support for all users throughout the digital world,http://www.orange.com/en/Responsibility/Trust,9/18/2015,10/14/2015
34,"21st century communication: security, a prerequisite for safe and serene uses",http://www.orange.com/en/Responsibility/Trust/Security-privacy,6/5/2015,10/14/2015
35,About our initiative,http://www.telecomindustrydialogue.org/about/,,10/14/2015