Source #,Document title,URL,Date of document (if applicable),Date accessed
1,Airtel India Terms and Conditions Postpaid ,http://www.airtel.in/mobile/postpaid/know-more/terms-and-conditions,,6/102015
2,Airtel India Terms and Conditions Prepaid,http://www.airtel.in/mobile/prepaid/know-more/terms-and-conditions,,6/10/2015
3,Airtel India Terms and Conditions Broadband and Fixed line ,http://www.airtel.in/broadband-and-fixed-line/know-more/terms-and-conditions,,6/17/2015
4,Airtel India Privacy Policy Main Page ,http://www.airtel.in/forme/privacy-policy,,6/17/2015
5,Airtel India Privacy Policy - Collection of personal information ,http://www.airtel.in/forme/privacy-policy/collection+of+personal+info?contentIDR=53535f55-b787-4cb8-b399-d11d97f80c26&useDefaultText=0&useDefaultDesc=0,,6/17/2015
6,Airtel India Privacy Policy - feedback and concerns ,http://www.airtel.in/forme/privacy-policy/feedbak?contentIDR=c9d0f414-8cb9-4381-b122-3f3148a01b80&useDefaultText=0&useDefaultDesc=0,,6/17/2015
7,Airtel India Privacy Policy - update personal information ,http://www.airtel.in/forme/privacy-policy/update+of+personal?contentIDR=b1733c6f-7a9d-46d3-b744-7bf1d8d2927e&useDefaultText=0&useDefaultDesc=0,,6/17/2015
8,Airtel India Privacy Policy - security practices and procedures ,http://www.airtel.in/forme/privacy-policy/security+practices+and+procedures?contentIDR=9346516c-c1a1-4bd7-bce0-6945236dceaa&useDefaultText=0&useDefaultDesc=0,,6/17/2015
9,Airtel India Privacy Policy - Disclosure and transfer of personal information ,http://www.airtel.in/forme/privacy-policy/disclosure+and+transfer?contentIDR=745792ad-d6af-4684-85d4-d85773e77356&useDefaultText=0&useDefaultDesc=0,,6/17/2015
10,Airtel India Telecom Consumer Charter English,http://www.airtel.in/wps/wcm/connect/39d9a352-bf69-4489-955c-cbf4ef962d84/Telecom_Consumer_Charter_Airtel_English_2015.pdf?MOD=AJPERES,2015,6/17/2015
11,Airtel India Telecom Consumer Charter Hindi ,http://www.airtel.in/wps/wcm/connect/b3cd5564-5069-46be-b151-50e00fed3d9b/Telecom_Consumer_Charter_Airtel_Hindi_2015.pdf?MOD=AJPERES,2015,6/17/2015
12,"Airtel India ""Need Help"" Webpage ",http://www.airtel.in/forme/home/needhelp,,6/17/2015
13,Airtel India Customer Support Mobile/Fixed line webpage,http://www.airtel.in/mobile/prepaid/reach-airtel/mobile-customersupport/,,6/17/2015
14,Airtel India Customer Support Broadband ,http://www.airtel.in/broadband-and-fixed-line/broadband/reach-airtel/broadband-customer-support/,,6/17/2015
15,Airtel India Important Alerts ,http://www.airtel.in/forme/important-alerts,,6/17/2015
16,Airtel India's Submission to TRAI with reference to privacy ,http://www.trai.gov.in/WriteReadData/ConsultationPaper/Document/2012090505255533740236.%20Airtel%20response.pdf,2012,6/17/2015
17,Airtel on India's Submission on TRAI regulation of OTTs and net neutrality consultation paper,http://trai.gov.in/Comments/Service-Providers/Bharti-Airtel.pdf,24th April 2015,6/17/2015
18,Airtel India My Account Page ,https://www.airtel.in/myaccount,,6/17/2015
19,Airtel India 9 Simple steps to secure your wifi info sheet,http://www.airtel.in/applications/genericlead/wifi/images/wifisecure.pdf,,6/17/2015
20,Bharti Airtel Sustainability Report 2011 - 2012 ,http://www.airtel.in/sustainabilitypdf/sustainabilityreport.pdf ,2012,6/17/2015
21,Bharti Airtel Sustainability Report 2012 - 2013 ,http://www.airtel.in/sustainability-file/common/files/Sustainability_Report-FY_2012-13.pdf,2013,6/17/2015
22,Bharti Airtel Annual Report 2012 - 2013 ,http://www.airtel.in/wps/wcm/connect/f5443281-e006-4f29-938d-46a4fc2ea67c/Annual-Report-of-Bharti-Airtel-for-FY-2012-2013.pdf?MOD=AJPERES,2012,6/17/2015
23,Bharti Airtel Employee Code of Conduct,http://www.airtel.in/wps/wcm/connect/44916b17-dd5d-4c77-b58c-d156415ab1aa/Code-of-Conduct-applicable-to-Directors-and-Senior-Management-of-the-company.pdf?MOD=AJPERES,,6/17/2015
24,Bharti Airtel Board Committees ,http://www.airtel.in/about-bharti/investor-relations/corporate-governance,,6/17/2015
25,Bharti Airtel Statement on Net Neutrality ,http://www.airtel.in/about-bharti/media-centre/bharti-airtel-news/corporate/statement-from-airtel,2015,6/17/2015
26,Bharti Airtel - About Bharti Airtel webpage ,http://www.airtel.in/about-bharti/about-bharti-airtel,,6/17/2015
27,Bharti Airtel Ombuds Office ,http://www.airtel.in/about-bharti/about-bharti-airtel/ombuds-office,,6/17/2015
28,Bharti Airtel Corporate Social Responsibility Policy ,http://www.airtel.in/wps/wcm/connect/fd7b3172-02e5-4e25-af7e-51d64cc17534/CSR+Policy.pdf?MOD=AJPERES&ContentCache=NONE,,6/17/2015
29,DSCI Excellence Award for Security ,https://www.dsci.in/taxonomypage/863,,6/17/2015
30,Examples of blocked pages by Airtel ,http://www.medianama.com/2011/07/223-indiablocks-why-is-airtel-blocking-file-sharing-sites/,July 21st 2011 ,6/22/2015
31,Fair Usage Policy ,http://www.airtel.in/applications/xm/Fair_Usage_Policy.pdf,,7/8/2015
32,DSCI Excellence Awards 2011,https://www.dsci.in/sites/default/files/PR_DSCI%20Excellence%20Awards_post.pdf,2011,7/29/2015