Source #,Document title,URL,Date of document (if applicable),Date accessed
1,Policies Home,https://www.facebook.com/policies/?ref=pf,,6/12/2015
2,Statement of Rights and Responsibilities,https://www.facebook.com/legal/terms,,6/12/2015
3,Community Standards,https://www.facebook.com/communitystandards,,6/12/2015
4,Whatsapp Legal,https://www.whatsapp.com/legal/,,6/12/2015
5,Instagram Terms,https://instagram.com/about/legal/terms/,,6/12/2015
6,Facebook Principles,https://www.facebook.com/principles.php,,6/12/2015
7,Instagram Community Guidelines,https://help.instagram.com/477434105621119/,,6/12/2015
8,Instagram Account Disabled,https://help.instagram.com/366993040048856,,6/12/2015
9,Facebook Name Policy,https://www.facebook.com/help/112146705538576,,6/12/2015
10,Facebook Why Can't Change Name,https://www.facebook.com/help/448505685205813,,6/12/2015
11,Facebook Law Enforcement Guidelines,https://www.facebook.com/safety/groups/law/guidelines/,,6/15/2015
12,Government Requests FAQ,https://govtrequests.facebook.com/faq/,,6/15/2015
13,Reporting Copyright Infringement,https://www.facebook.com/help/400287850027717/,,6/15/2015
14,Instagram Law Enforcement,https://help.instagram.com/494561080557017/,,6/15/2015
15,Instagram Copyright Claim Process,https://help.instagram.com/1445818549016877,,6/15/2015
16,Instagram About Copyright,https://help.instagram.com/126382350847838,,6/15/2015
17,Instagram Copyright What to Do,https://help.instagram.com/354736791367645,,6/15/2015
18,Instagram Copyright Video,https://help.instagram.com/693132910771176,,6/15/2015
19,Government Requests Report,https://govtrequests.facebook.com/,,6/15/2015
20,Government Requests Report US Detail,https://govtrequests.facebook.com/country/United%20States/2014-H2/,,6/15/2015
21,Government Requests CSV,https://govtrequests.facebook.com/,,6/15/2015
22,Government Requests Report Turkey Detail,https://govtrequests.facebook.com/country/Turkey/2014-H2/,,6/15/2015
23,Data Policy,https://www.facebook.com/about/privacy,,6/15/2015
24,Law Enforcement & Third-Party Matters,https://www.facebook.com/help/473784375984502,,6/15/2015
25,Instagram Privacy Policy,https://instagram.com/about/legal/privacy/,,6/15/2015
26,Facebook Downloading Info,https://www.facebook.com/help/131112897028467/,,6/16/2015
27,Facebook Accessing Data,https://www.facebook.com/help/405183566203254,,6/16/2015
28,Facebook Whitehat,https://www.facebook.com/whitehat,,6/16/2015
29,Facebook Secure Pages,https://www.facebook.com/help/169495026445823,,6/16/2015
30,Facebook Employee Access Statement,http://venturebeat.com/2015/02/27/facebook-explains-when-employees-can-access-your-account-without-your-password/,,6/16/2015
31,Facebook Login Approvals,https://www.facebook.com/help/148233965247823,,6/16/2015
32,WhatsApp Secure Messages,http://www.whatsapp.com/faq/en/general/21864047,,6/17/2015
33,Securing Email,https://www.facebook.com/notes/protecting-the-graph/securing-email-communications-from-facebook/1611941762379302,,6/18/2015
34,WhatsApp Open Whisper,https://whispersystems.org/blog/whatsapp/,,6/18/2015
35,Facebook Login Notifications,https://www.facebook.com/help/162968940433354,,6/18/2015
36,Facebook Security Tips,https://www.facebook.com/help/379220725465972/,,6/18/2015
37,SiliconBeat - Quoted_ Facebook’s Mark Zuckerberg on free speech,http://www.siliconbeat.com/2015/01/15/quoted-facebooks-mark-zuckerberg-on-free-speech/,,6/24/2015
38,Zuckerberg on Internet.org,http://www.bloomberg.com/news/videos/2015-01-14/zuckerberg-on-internetorg-freedom-of-speech-facebook-video,,6/24/2015
39,Mark Zuckerberg champions free speech while Facebook censors it _ Gigaom,https://gigaom.com/2015/01/12/mark-zuckerberg-champions-free-speech-while-facebook-censors-it/,,6/24/2015
40,"Mark Zuckerberg - A few years ago, an extremist in",https://www.facebook.com/zuck/posts/10101844454210771,,6/24/2015
41,Our Commitment to the Facebook Community,https://www.facebook.com/notes/facebook/our-commitment-to-the-facebook-community/10150378701937131,,6/24/2015
42,An Open Letter from Facebook Founder Mark Zuckerberg,https://www.facebook.com/notes/facebook/an-open-letter-from-facebook-founder-mark-zuckerberg/190423927130,,6/24/2015
43,Mark Zuckerberg - I want to respond personally to the outrageous,https://www.facebook.com/zuck/posts/10100828955847631,,6/24/2015
44,"Meet Erin Egan, Facebook's Chief Privacy Officer",https://www.facebook.com/fbprivacy/videos/10151368018654424/,,6/24/2015
45,Participants _ Global Network Initiative,http://globalnetworkinitiative.org/participants/index.php?qt-gni_participants=1#qt-gni_participants,,6/24/2015
46,Erin Egan _ RSA Conference,http://www.rsaconference.com/speakers/erin-egan,,6/24/2015
47,Safety and Privacy,https://www.facebook.com/fbsafety/app_448698788549781,,6/24/2015
48,The New Face of Facebook’s Privacy Team,http://fusion.net/story/41870/facebook-privacy-yul-kwon/,,6/24/2015
49,Announcing the launch of _Ask Our CPO,https://www.facebook.com/notes/facebook-and-privacy/announcing-the-launch-of-ask-our-cpo/501794623203758,,6/24/2015
50,"Head of Public Policy, Northern Cone _ Facebook Careers",https://www.facebook.com/careers/department?dept=communications&req=a0I1200000G4WRAEA3,,6/25/2015
51,Management - Facebook ,http://investor.fb.com/management.cfm,,6/25/2015
52,Jobs • Instagram,http://marker.to/HfM6IP,,6/25/2015
53, WhatsApp Blog,http://marker.to/ztqC87,,6/25/2015
54,FTC agreement ,https://www.ftc.gov/sites/default/files/documents/cases/2011/11/111129facebookagree.pdf,,6/25/2015
55,Code_conduct,http://files.shareholder.com/downloads/AMDA-NJ5DZ/336082668x0x570157/3DA1FA5A-757F-43B3-AFC7-802C8470804E/code_conduct.pdf,,6/25/2015
56,GNI 2014 Annual Report ,https://globalnetworkinitiative.org/sites/default/files/2014%20Annual%20Report.pdf,,6/25/2015
57,Principles _ Global Network Initiative,http://globalnetworkinitiative.org/principles/index.php,,6/25/2015
58,The Facebook Companies _ Facebook Help Center ,https://www.facebook.com/help/111814505650678,,6/25/2015
59,Why was my ad disapproved,https://www.facebook.com/help/contact/1437105629875062 ,,6/25/2015
60,Appealing a claim of copyright,https://www.facebook.com/legal/copyright.php?howto_appeal=1 ,,6/25/2015
61,"How do I report inappropriate or abusive things on Facebook (ex nudity, hate speech, threats)",https://www.facebook.com/help/212722115425932?ref=community_standards,,6/25/2015
62,Questions About Our Privacy Policy _ Facebook Help Center,https://www.facebook.com/help/323540651073243/,,6/25/2015
63,Data Policy,https://www.facebook.com/full_data_use_policy,,6/25/2015
64,Report a Privacy Rights Violation,https://www.facebook.com/help/contact/144059062408922,,6/25/2015
65,How does Instagram process DMCA counter-notifications_ _ Instagram Help Center,https://help.instagram.com/697328657009330 ,,6/25/2015
66,Instagram Help Center,https://help.instagram.com/contact/504521742987441,,6/25/2015
67,Facebook Annual Report 2013,http://files.shareholder.com/downloads/AMDA-NJ5DZ/375642268x0x741493/EDBA9462-3E5E-4711-B0B4-1DFE9B541222/FB_AR_33501_FINAL.pdf,,7/13/2015
68,WhatsApp FAQ,https://www.whatsapp.com/faq/en/general/21864047,,7/13/2015
69,Your Personal Data,https://www.facebook.com/help/330229433729799/,,7/13/2015
70,My Personal Account was Disabled,https://www.facebook.com/help/contact/260749603972907,,7/13/2015
71,I believe my content was removed in error,https://www.facebook.com/help/780814295267977,,7/13/2015
72,Fireside Chat on designing platforms for digital rights,https://www.youtube.com/watch?v=BkoefnQk8hQ&list=PLprTandRM960PUyig8SUxOViRicZztcFv&index=2,,8/11/2015
73,Instagram Direct FAQ,https://help.instagram.com/400205900081854/,,8/13/2015
74,WhatsApp FAQ -Verifying your phone number in WhatsApp,https://www.whatsapp.com/faq/en/android/20970873,,8/17/2015
75,Secure browsing by default,https://www.facebook.com/notes/facebook-engineering/secure-browsing-by-default/10151590414803920,,8/17/2015
76,Instagram Security Tips,https://help.instagram.com/369001149843369,,8/20/2015
77,Instagram Submitting Copyright Infringement Notice,https://help.instagram.com/746718085394495?ref=related,,8/31/2015
78,Instagram Help Center - Report Something,https://help.instagram.com/372161259539444,,8/31/2015
79,Instagram - How do I know whether my copyright is being infringed by content that someone shared on Instagram?,https://help.instagram.com/1523149744588055,,8/31/2015
80,About the Government Requests Report,https://govtrequests.facebook.com/about/,,9/1/2015
81,Government Requests Report Germany Detail,https://govtrequests.facebook.com/country/Germany/2014-H2/,,9/9/2015
82,"Wired: Mark Zuckerberg on Facebook Home, Money, and the Future of Communication",http://www.wired.com/2013/04/facebookqa/,,9/10/2015
83,TechCrunch: Zuckerberg Calls Snapchat A “Privacy Phenomenon”,http://techcrunch.com/2014/01/14/snapchat-privacy-zuckerberg/,,9/10/2015
84,Instagram: How do I change my language settings?,https://help.instagram.com/111923612310997/,,9/10/2015
85,Facebook Site Governance: Changing Terms,https://www.facebook.com/fbsitegovernance/posts/10152865443929323,,9/10/2015
86,"Instagram planning to complete HTTPS rollout ‘soon,’ after developer exposes iOS flaw",http://thenextweb.com/facebook/2014/07/29/instagram-planning-complete-https-rollout-soon-developer-exposes-ios-vulnerability/,,9/11/2015
87,WhatsApp: Exporting my Messages,https://www.whatsapp.com/faq/en/general/23753886,,9/11/2015
88,Facebook: Privacy for Apps & Websites,https://www.facebook.com/help/403786193017893/,,9/12/2015
89,Facebook: About Social Plugins,https://www.facebook.com/help/443483272359009,,9/12/2015
90,Facebook Help: Linking Facebook and Instagram,https://www.facebook.com/help/community/question/?id=10153067528635710,,9/12/2015
91,Instagram Help: Linking Instagram and Facebook,https://help.instagram.com/176235449218188,,9/12/2015
92,Facebook Privacy Basics: What Others See About You,https://www.facebook.com/about/basics/what-others-see-about-you/,,9/12/2015
93,Facebook: Nearby Friends: Location History,https://www.facebook.com/help/629537553762715/,,9/12/2015
94,Facebook: Making Ads Better,https://www.facebook.com/help/585318558251813,,9/12/2015
95,Facebook: App Privacy Settings,https://www.facebook.com/help/262314300536014/,,9/12/2015
96,Instagram: Manage ads,https://help.instagram.com/615366948510230,,9/12/2015
97,Instagram: Controlling Your Visibility,https://help.instagram.com/116024195217477/,,9/12/2015
98,Facebook: Account deletion and deactivation,https://www.facebook.com/help/125338004213029,,9/12/2015
99,Facebook 8K on WhatsApp Deal,https://www.sec.gov/Archives/edgar/data/1326801/000132680114000037/fb_8-kxclosingxofxwhatsapp.htm,,9/15/2015
100,Facebook Cookie Policy,https://www.facebook.com/help/cookies/,,9/25/2015
101,SiliconBeat: Facebook releases new (and improved!) transparency report,http://www.siliconbeat.com/2014/04/11/you-like-facebook-releases-new-and-improved-transparency-report/,,9/29/2015
102,Instagram Cookie Policy,https://instagram.com/legal/cookies/,,9/29/2015
103,Instagram Web Embeds,http://blog.instagram.com/post/55095847329/introducing-instagram-web-embeds,,9/30/2015